ensembl_gene_symbol	ensembl_gene_id	hgnc_id	hgnc_symbol	oncogene	tsgene
ABCB1	ENSG00000085563	HGNC:40	ABCB1	TRUE	FALSE
ABI1	ENSG00000136754	HGNC:11320	ABI1	FALSE	TRUE
ABI2	ENSG00000138443	HGNC:24011	ABI2	NA	NA
ABL1	ENSG00000097007	HGNC:76	ABL1	TRUE	FALSE
ABL2	ENSG00000143322	HGNC:77	ABL2	TRUE	FALSE
ABRAXAS1	ENSG00000163322	HGNC:25829	ABRAXAS1	FALSE	TRUE
ACSL3	ENSG00000123983	HGNC:3570	ACSL3	FALSE	FALSE
ACTA2	ENSG00000107796	HGNC:130	ACTA2	NA	NA
ACTB	ENSG00000075624	HGNC:132	ACTB	FALSE	FALSE
ACVR1	ENSG00000115170	HGNC:171	ACVR1	TRUE	FALSE
ACVR1B	ENSG00000135503	HGNC:172	ACVR1B	FALSE	TRUE
ACVR2A	ENSG00000121989	HGNC:173	ACVR2A	FALSE	TRUE
ADGRA2	ENSG00000020181	HGNC:17849	ADGRA2	NA	NA
AFDN	ENSG00000130396	HGNC:7137	AFDN	TRUE	FALSE
AFF1	ENSG00000172493	HGNC:7135	AFF1	TRUE	FALSE
AFF3	ENSG00000144218	HGNC:6473	AFF3	TRUE	FALSE
AFF4	ENSG00000072364	HGNC:17869	AFF4	TRUE	FALSE
AHCYL1	ENSG00000168710	HGNC:344	AHCYL1	NA	NA
AIP	ENSG00000110711	HGNC:358	AIP	FALSE	FALSE
AJUBA	ENSG00000129474	HGNC:20250	AJUBA	FALSE	TRUE
AKAP9	ENSG00000127914	HGNC:379	AKAP9	FALSE	FALSE
AKT1	ENSG00000142208	HGNC:391	AKT1	TRUE	FALSE
AKT2	ENSG00000105221	HGNC:392	AKT2	TRUE	FALSE
AKT3	ENSG00000117020	HGNC:393	AKT3	TRUE	FALSE
ALB	ENSG00000163631	HGNC:399	ALB	FALSE	FALSE
ALDH2	ENSG00000111275	HGNC:404	ALDH2	FALSE	TRUE
ALK	ENSG00000171094	HGNC:427	ALK	TRUE	FALSE
ALOX12B	ENSG00000179477	HGNC:430	ALOX12B	TRUE	TRUE
AMER1	ENSG00000184675	HGNC:26837	AMER1	FALSE	TRUE
ANKRD11	ENSG00000167522	HGNC:21316	ANKRD11	FALSE	TRUE
ANKRD26	ENSG00000107890	HGNC:29186	ANKRD26	FALSE	FALSE
APC	ENSG00000134982	HGNC:583	APC	FALSE	TRUE
APOBEC3B	ENSG00000179750	HGNC:17352	APOBEC3B	TRUE	TRUE
AR	ENSG00000169083	HGNC:644	AR	TRUE	FALSE
ARAF	ENSG00000078061	HGNC:646	ARAF	TRUE	FALSE
ARFRP1	ENSG00000101246	HGNC:662	ARFRP1	NA	NA
ARHGAP26	ENSG00000145819	HGNC:17073	ARHGAP26	FALSE	TRUE
ARHGAP35	ENSG00000160007	HGNC:4591	ARHGAP35	TRUE	TRUE
ARHGEF12	ENSG00000196914	HGNC:14193	ARHGEF12	TRUE	TRUE
ARHGEF7	ENSG00000102606	HGNC:15607	ARHGEF7	FALSE	FALSE
ARID1A	ENSG00000117713	HGNC:11110	ARID1A	FALSE	TRUE
ARID1B	ENSG00000049618	HGNC:18040	ARID1B	FALSE	TRUE
ARID2	ENSG00000189079	HGNC:18037	ARID2	FALSE	TRUE
ARID5B	ENSG00000150347	HGNC:17362	ARID5B	FALSE	TRUE
ARMC5	ENSG00000140691	HGNC:25781	ARMC5	NA	NA
ASPSCR1	ENSG00000169696	HGNC:13825	ASPSCR1	FALSE	FALSE
ASXL1	ENSG00000171456	HGNC:18318	ASXL1	FALSE	TRUE
ASXL2	ENSG00000143970	HGNC:23805	ASXL2	FALSE	TRUE
ATF1	ENSG00000123268	HGNC:783	ATF1	TRUE	FALSE
ATF7IP	ENSG00000171681	HGNC:20092	ATF7IP	FALSE	FALSE
ATIC	ENSG00000138363	HGNC:794	ATIC	FALSE	FALSE
ATM	ENSG00000149311	HGNC:795	ATM	FALSE	TRUE
ATR	ENSG00000175054	HGNC:882	ATR	FALSE	TRUE
ATRX	ENSG00000085224	HGNC:886	ATRX	FALSE	TRUE
AURKA	ENSG00000087586	HGNC:11393	AURKA	TRUE	FALSE
AURKB	ENSG00000178999	HGNC:11390	AURKB	TRUE	FALSE
AXIN1	ENSG00000103126	HGNC:903	AXIN1	FALSE	TRUE
AXIN2	ENSG00000168646	HGNC:904	AXIN2	FALSE	TRUE
AXL	ENSG00000167601	HGNC:905	AXL	TRUE	FALSE
B2M	ENSG00000166710	HGNC:914	B2M	FALSE	TRUE
BAP1	ENSG00000163930	HGNC:950	BAP1	FALSE	TRUE
BARD1	ENSG00000138376	HGNC:952	BARD1	FALSE	TRUE
BAX	ENSG00000087088	HGNC:959	BAX	TRUE	TRUE
BBC3	ENSG00000105327	HGNC:17868	BBC3	FALSE	TRUE
BCL10	ENSG00000142867	HGNC:989	BCL10	FALSE	TRUE
BCL11B	ENSG00000127152	HGNC:13222	BCL11B	FALSE	TRUE
BCL2	ENSG00000171791	HGNC:990	BCL2	TRUE	FALSE
BCL2L1	ENSG00000171552	HGNC:992	BCL2L1	FALSE	FALSE
BCL2L11	ENSG00000153094	HGNC:994	BCL2L11	FALSE	TRUE
BCL2L14	ENSG00000121380	HGNC:16657	BCL2L14	NA	NA
BCL2L2	ENSG00000129473	HGNC:995	BCL2L2	NA	NA
BCL6	ENSG00000113916	HGNC:1001	BCL6	TRUE	FALSE
BCL9	ENSG00000116128	HGNC:1008	BCL9	TRUE	FALSE
BCOR	ENSG00000183337	HGNC:20893	BCOR	FALSE	TRUE
BCORL1	ENSG00000085185	HGNC:25657	BCORL1	FALSE	TRUE
BCR	ENSG00000186716	HGNC:1014	BCR	TRUE	FALSE
BIRC3	ENSG00000023445	HGNC:591	BIRC3	FALSE	FALSE
BLM	ENSG00000197299	HGNC:1058	BLM	FALSE	TRUE
BMPR1A	ENSG00000107779	HGNC:1076	BMPR1A	FALSE	TRUE
BORCS5	ENSG00000165714	HGNC:17950	BORCS5	NA	NA
BRAF	ENSG00000157764	HGNC:1097	BRAF	TRUE	FALSE
BRCA1	ENSG00000012048	HGNC:1100	BRCA1	FALSE	TRUE
BRCA2	ENSG00000139618	HGNC:1101	BRCA2	FALSE	TRUE
BRD3	ENSG00000169925	HGNC:1104	BRD3	TRUE	FALSE
BRD4	ENSG00000141867	HGNC:13575	BRD4	TRUE	FALSE
BRIP1	ENSG00000136492	HGNC:20473	BRIP1	FALSE	TRUE
BTG1	ENSG00000133639	HGNC:1130	BTG1	FALSE	TRUE
BTK	ENSG00000010671	HGNC:1133	BTK	TRUE	FALSE
BUB1B	ENSG00000156970	HGNC:1149	BUB1B	FALSE	TRUE
CAD	ENSG00000084774	HGNC:1424	CAD	TRUE	FALSE
CALR	ENSG00000179218	HGNC:1455	CALR	TRUE	FALSE
CAMTA1	ENSG00000171735	HGNC:18806	CAMTA1	FALSE	TRUE
CANT1	ENSG00000171302	HGNC:19721	CANT1	TRUE	FALSE
CARD11	ENSG00000198286	HGNC:16393	CARD11	TRUE	FALSE
CARS1	ENSG00000110619	HGNC:1493	CARS1	FALSE	TRUE
CASP8	ENSG00000064012	HGNC:1509	CASP8	FALSE	TRUE
CASR	ENSG00000036828	HGNC:1514	CASR	TRUE	TRUE
CBFA2T3	ENSG00000129993	HGNC:1537	CBFA2T3	FALSE	TRUE
CBFB	ENSG00000067955	HGNC:1539	CBFB	FALSE	TRUE
CBL	ENSG00000110395	HGNC:1541	CBL	FALSE	TRUE
CCDC6	ENSG00000108091	HGNC:18782	CCDC6	FALSE	TRUE
CCN6	ENSG00000112761	HGNC:12771	CCN6	FALSE	TRUE
CCNB1IP1	ENSG00000100814	HGNC:19437	CCNB1IP1	FALSE	TRUE
CCNB3	ENSG00000147082	HGNC:18709	CCNB3	TRUE	FALSE
CCND1	ENSG00000110092	HGNC:1582	CCND1	TRUE	FALSE
CCND2	ENSG00000118971	HGNC:1583	CCND2	TRUE	FALSE
CCND3	ENSG00000112576	HGNC:1585	CCND3	TRUE	FALSE
CCNE1	ENSG00000105173	HGNC:1589	CCNE1	TRUE	FALSE
CD19	ENSG00000177455	HGNC:1633	CD19	TRUE	FALSE
CD274	ENSG00000120217	HGNC:17635	CD274	TRUE	FALSE
CD276	ENSG00000103855	HGNC:19137	CD276	TRUE	FALSE
CD28	ENSG00000178562	HGNC:1653	CD28	TRUE	FALSE
CD74	ENSG00000019582	HGNC:1697	CD74	TRUE	FALSE
CD79A	ENSG00000105369	HGNC:1698	CD79A	TRUE	FALSE
CD79B	ENSG00000007312	HGNC:1699	CD79B	TRUE	FALSE
CDC73	ENSG00000134371	HGNC:16783	CDC73	FALSE	TRUE
CDH1	ENSG00000039068	HGNC:1748	CDH1	FALSE	TRUE
CDH10	ENSG00000040731	HGNC:1749	CDH10	FALSE	TRUE
CDH11	ENSG00000140937	HGNC:1750	CDH11	TRUE	FALSE
CDK12	ENSG00000167258	HGNC:24224	CDK12	FALSE	TRUE
CDK4	ENSG00000135446	HGNC:1773	CDK4	TRUE	FALSE
CDK6	ENSG00000105810	HGNC:1777	CDK6	TRUE	FALSE
CDK8	ENSG00000132964	HGNC:1779	CDK8	TRUE	FALSE
CDKN1A	ENSG00000124762	HGNC:1784	CDKN1A	FALSE	TRUE
CDKN1B	ENSG00000111276	HGNC:1785	CDKN1B	FALSE	TRUE
CDKN1C	ENSG00000129757	HGNC:1786	CDKN1C	TRUE	TRUE
CDKN2A	ENSG00000147889	HGNC:1787	CDKN2A	FALSE	TRUE
CDKN2B	ENSG00000147883	HGNC:1788	CDKN2B	FALSE	TRUE
CDKN2C	ENSG00000123080	HGNC:1789	CDKN2C	FALSE	TRUE
CDX2	ENSG00000165556	HGNC:1806	CDX2	TRUE	TRUE
CEBPA	ENSG00000245848	HGNC:1833	CEBPA	FALSE	TRUE
CENPA	ENSG00000115163	HGNC:1851	CENPA	FALSE	FALSE
CEP57	ENSG00000166037	HGNC:30794	CEP57	NA	NA
CEP89	ENSG00000121289	HGNC:25907	CEP89	FALSE	FALSE
CHCHD7	ENSG00000170791	HGNC:28314	CHCHD7	FALSE	FALSE
CHD1	ENSG00000153922	HGNC:1915	CHD1	FALSE	TRUE
CHD2	ENSG00000173575	HGNC:1917	CHD2	FALSE	TRUE
CHD4	ENSG00000111642	HGNC:1919	CHD4	TRUE	FALSE
CHEK1	ENSG00000149554	HGNC:1925	CHEK1	FALSE	TRUE
CHEK2	ENSG00000183765	HGNC:16627	CHEK2	FALSE	TRUE
CHIC2	ENSG00000109220	HGNC:1935	CHIC2	FALSE	FALSE
CIC	ENSG00000079432	HGNC:14214	CIC	FALSE	TRUE
CIITA	ENSG00000179583	HGNC:7067	CIITA	FALSE	TRUE
CLIP1	ENSG00000130779	HGNC:10461	CLIP1	FALSE	FALSE
CLTC	ENSG00000141367	HGNC:2092	CLTC	FALSE	TRUE
CNBP	ENSG00000169714	HGNC:13164	CNBP	FALSE	TRUE
CNOT3	ENSG00000088038	HGNC:7879	CNOT3	FALSE	TRUE
COL1A1	ENSG00000108821	HGNC:2197	COL1A1	TRUE	FALSE
COL2A1	ENSG00000139219	HGNC:2200	COL2A1	FALSE	TRUE
COP1	ENSG00000143207	HGNC:17440	COP1	TRUE	FALSE
COX6C	ENSG00000164919	HGNC:2285	COX6C	FALSE	FALSE
CPSF6	ENSG00000111605	HGNC:13871	CPSF6	FALSE	FALSE
CREB1	ENSG00000118260	HGNC:2345	CREB1	TRUE	FALSE
CREB3L1	ENSG00000157613	HGNC:18856	CREB3L1	FALSE	TRUE
CREB3L2	ENSG00000182158	HGNC:23720	CREB3L2	TRUE	FALSE
CREBBP	ENSG00000005339	HGNC:2348	CREBBP	FALSE	TRUE
CRKL	ENSG00000099942	HGNC:2363	CRKL	TRUE	FALSE
CRLF2	ENSG00000205755	HGNC:14281	CRLF2	TRUE	FALSE
CRTC1	ENSG00000105662	HGNC:16062	CRTC1	TRUE	FALSE
CRTC3	ENSG00000140577	HGNC:26148	CRTC3	FALSE	FALSE
CSF1R	ENSG00000182578	HGNC:2433	CSF1R	FALSE	FALSE
CSF3R	ENSG00000119535	HGNC:2439	CSF3R	TRUE	FALSE
CSNK1A1	ENSG00000113712	HGNC:2451	CSNK1A1	FALSE	FALSE
CTC1	ENSG00000178971	HGNC:26169	CTC1	NA	NA
CTCF	ENSG00000102974	HGNC:13723	CTCF	FALSE	TRUE
CTLA4	ENSG00000163599	HGNC:2505	CTLA4	TRUE	FALSE
CTNNA1	ENSG00000044115	HGNC:2509	CTNNA1	FALSE	TRUE
CTNNB1	ENSG00000168036	HGNC:2514	CTNNB1	TRUE	FALSE
CTR9	ENSG00000198730	HGNC:16850	CTR9	FALSE	TRUE
CTRC	ENSG00000162438	HGNC:2523	CTRC	NA	NA
CUL1	ENSG00000055130	HGNC:2551	CUL1	FALSE	FALSE
CUL3	ENSG00000036257	HGNC:2553	CUL3	FALSE	TRUE
CUX1	ENSG00000257923	HGNC:2557	CUX1	FALSE	TRUE
CXCR4	ENSG00000121966	HGNC:2561	CXCR4	TRUE	FALSE
CYLD	ENSG00000083799	HGNC:2584	CYLD	FALSE	TRUE
CYSLTR2	ENSG00000152207	HGNC:18274	CYSLTR2	TRUE	FALSE
DAB2IP	ENSG00000136848	HGNC:17294	DAB2IP	FALSE	TRUE
DAXX	ENSG00000204209	HGNC:2681	DAXX	FALSE	TRUE
DAZAP1	ENSG00000071626	HGNC:2683	DAZAP1	FALSE	FALSE
DCTN1	ENSG00000204843	HGNC:2711	DCTN1	FALSE	FALSE
DCUN1D1	ENSG00000043093	HGNC:18184	DCUN1D1	TRUE	FALSE
DDB2	ENSG00000134574	HGNC:2718	DDB2	TRUE	TRUE
DDIT3	ENSG00000175197	HGNC:2726	DDIT3	FALSE	FALSE
DDR2	ENSG00000162733	HGNC:2731	DDR2	TRUE	FALSE
DDX10	ENSG00000178105	HGNC:2735	DDX10	FALSE	TRUE
DDX3X	ENSG00000215301	HGNC:2745	DDX3X	FALSE	TRUE
DDX41	ENSG00000183258	HGNC:18674	DDX41	FALSE	TRUE
DDX5	ENSG00000108654	HGNC:2746	DDX5	TRUE	FALSE
DEK	ENSG00000124795	HGNC:2768	DEK	TRUE	FALSE
DGCR8	ENSG00000128191	HGNC:2847	DGCR8	TRUE	FALSE
DICER1	ENSG00000100697	HGNC:17098	DICER1	FALSE	TRUE
DIRAS3	ENSG00000162595	HGNC:687	DIRAS3	FALSE	TRUE
DIS3	ENSG00000083520	HGNC:20604	DIS3	FALSE	TRUE
DIS3L2	ENSG00000144535	HGNC:28648	DIS3L2	FALSE	FALSE
DKC1	ENSG00000130826	HGNC:2890	DKC1	NA	NA
DNAJB1	ENSG00000132002	HGNC:5270	DNAJB1	FALSE	FALSE
DNMT1	ENSG00000130816	HGNC:2976	DNMT1	TRUE	FALSE
DNMT3A	ENSG00000119772	HGNC:2978	DNMT3A	FALSE	TRUE
DNMT3B	ENSG00000088305	HGNC:2979	DNMT3B	FALSE	TRUE
DOT1L	ENSG00000104885	HGNC:24948	DOT1L	TRUE	FALSE
DPYD	ENSG00000188641	HGNC:3012	DPYD	FALSE	FALSE
DROSHA	ENSG00000113360	HGNC:17904	DROSHA	FALSE	FALSE
DUSP22	ENSG00000112679	HGNC:16077	DUSP22	FALSE	TRUE
DUSP4	ENSG00000120875	HGNC:3070	DUSP4	FALSE	TRUE
DUX4	ENSG00000260596	HGNC:50800	DUX4	NA	NA
DUX4L1	ENSG00000280757	HGNC:3082	DUX4L1	FALSE	FALSE
E2F3	ENSG00000112242	HGNC:3115	E2F3	TRUE	FALSE
EBF1	ENSG00000164330	HGNC:3126	EBF1	FALSE	FALSE
EED	ENSG00000074266	HGNC:3188	EED	FALSE	TRUE
EGFL7	ENSG00000172889	HGNC:20594	EGFL7	TRUE	FALSE
EGFR	ENSG00000146648	HGNC:3236	EGFR	TRUE	FALSE
EGLN1	ENSG00000135766	HGNC:1232	EGLN1	NA	NA
EGR1	ENSG00000120738	HGNC:3238	EGR1	FALSE	TRUE
EHF	ENSG00000135373	HGNC:3246	EHF	NA	NA
EIF1AX	ENSG00000173674	HGNC:3250	EIF1AX	FALSE	FALSE
EIF3E	ENSG00000104408	HGNC:3277	EIF3E	FALSE	FALSE
EIF4A1	ENSG00000161960	HGNC:3282	EIF4A1	FALSE	FALSE
EIF4A2	ENSG00000156976	HGNC:3284	EIF4A2	TRUE	FALSE
EIF4E	ENSG00000151247	HGNC:3287	EIF4E	TRUE	FALSE
ELAC2	ENSG00000006744	HGNC:14198	ELAC2	FALSE	FALSE
ELF3	ENSG00000163435	HGNC:3318	ELF3	TRUE	TRUE
ELK4	ENSG00000158711	HGNC:3326	ELK4	TRUE	FALSE
ELL	ENSG00000105656	HGNC:23114	ELL	TRUE	FALSE
ELOC	ENSG00000154582	HGNC:11617	ELOC	FALSE	FALSE
EML4	ENSG00000143924	HGNC:1316	EML4	TRUE	FALSE
EMSY	ENSG00000158636	HGNC:18071	EMSY	TRUE	FALSE
ENG	ENSG00000106991	HGNC:3349	ENG	FALSE	FALSE
EP300	ENSG00000100393	HGNC:3373	EP300	FALSE	TRUE
EPAS1	ENSG00000116016	HGNC:3374	EPAS1	FALSE	FALSE
EPCAM	ENSG00000119888	HGNC:11529	EPCAM	FALSE	TRUE
EPHA2	ENSG00000142627	HGNC:3386	EPHA2	TRUE	FALSE
EPHA3	ENSG00000044524	HGNC:3387	EPHA3	FALSE	TRUE
EPHA5	ENSG00000145242	HGNC:3389	EPHA5	FALSE	FALSE
EPHA7	ENSG00000135333	HGNC:3390	EPHA7	TRUE	TRUE
EPHB1	ENSG00000154928	HGNC:3392	EPHB1	TRUE	TRUE
EPOR	ENSG00000187266	HGNC:3416	EPOR	TRUE	FALSE
EPS15	ENSG00000085832	HGNC:3419	EPS15	FALSE	TRUE
ERBB2	ENSG00000141736	HGNC:3430	ERBB2	TRUE	FALSE
ERBB3	ENSG00000065361	HGNC:3431	ERBB3	TRUE	FALSE
ERBB4	ENSG00000178568	HGNC:3432	ERBB4	TRUE	FALSE
ERC1	ENSG00000082805	HGNC:17072	ERC1	TRUE	FALSE
ERCC1	ENSG00000012061	HGNC:3433	ERCC1	FALSE	FALSE
ERCC2	ENSG00000104884	HGNC:3434	ERCC2	FALSE	TRUE
ERCC3	ENSG00000163161	HGNC:3435	ERCC3	FALSE	TRUE
ERCC4	ENSG00000175595	HGNC:3436	ERCC4	FALSE	TRUE
ERCC5	ENSG00000134899	HGNC:3437	ERCC5	FALSE	TRUE
ERCC6	ENSG00000225830	HGNC:3438	ERCC6	FALSE	FALSE
ERG	ENSG00000157554	HGNC:3446	ERG	TRUE	FALSE
ERRFI1	ENSG00000116285	HGNC:18185	ERRFI1	FALSE	TRUE
ESR1	ENSG00000091831	HGNC:3467	ESR1	TRUE	FALSE
ESRP1	ENSG00000104413	HGNC:25966	ESRP1	FALSE	FALSE
ETNK1	ENSG00000139163	HGNC:24649	ETNK1	FALSE	FALSE
ETS1	ENSG00000134954	HGNC:3488	ETS1	TRUE	TRUE
ETV1	ENSG00000006468	HGNC:3490	ETV1	TRUE	FALSE
ETV4	ENSG00000175832	HGNC:3493	ETV4	TRUE	FALSE
ETV5	ENSG00000244405	HGNC:3494	ETV5	TRUE	FALSE
ETV6	ENSG00000139083	HGNC:3495	ETV6	FALSE	TRUE
EWSR1	ENSG00000182944	HGNC:3508	EWSR1	TRUE	FALSE
EXT1	ENSG00000182197	HGNC:3512	EXT1	FALSE	TRUE
EXT2	ENSG00000151348	HGNC:3513	EXT2	FALSE	TRUE
EZH1	ENSG00000108799	HGNC:3526	EZH1	TRUE	FALSE
EZH2	ENSG00000106462	HGNC:3527	EZH2	TRUE	TRUE
EZR	ENSG00000092820	HGNC:12691	EZR	TRUE	TRUE
FAM131B	ENSG00000159784	HGNC:22202	FAM131B	FALSE	FALSE
FANCA	ENSG00000187741	HGNC:3582	FANCA	FALSE	TRUE
FANCB	ENSG00000181544	HGNC:3583	FANCB	FALSE	FALSE
FANCC	ENSG00000158169	HGNC:3584	FANCC	FALSE	TRUE
FANCD2	ENSG00000144554	HGNC:3585	FANCD2	FALSE	TRUE
FANCE	ENSG00000112039	HGNC:3586	FANCE	FALSE	TRUE
FANCF	ENSG00000183161	HGNC:3587	FANCF	FALSE	TRUE
FANCG	ENSG00000221829	HGNC:3588	FANCG	FALSE	TRUE
FANCI	ENSG00000140525	HGNC:25568	FANCI	FALSE	FALSE
FANCL	ENSG00000115392	HGNC:20748	FANCL	FALSE	TRUE
FANCM	ENSG00000187790	HGNC:23168	FANCM	FALSE	TRUE
FAS	ENSG00000026103	HGNC:11920	FAS	FALSE	TRUE
FAT1	ENSG00000083857	HGNC:3595	FAT1	FALSE	TRUE
FBXW7	ENSG00000109670	HGNC:16712	FBXW7	FALSE	TRUE
FEN1	ENSG00000168496	HGNC:3650	FEN1	FALSE	TRUE
FEV	ENSG00000163497	HGNC:18562	FEV	FALSE	FALSE
FGF1	ENSG00000113578	HGNC:3665	FGF1	FALSE	FALSE
FGF10	ENSG00000070193	HGNC:3666	FGF10	TRUE	FALSE
FGF14	ENSG00000102466	HGNC:3671	FGF14	FALSE	TRUE
FGF19	ENSG00000162344	HGNC:3675	FGF19	TRUE	FALSE
FGF2	ENSG00000138685	HGNC:3676	FGF2	FALSE	FALSE
FGF23	ENSG00000118972	HGNC:3680	FGF23	TRUE	FALSE
FGF3	ENSG00000186895	HGNC:3681	FGF3	TRUE	FALSE
FGF4	ENSG00000075388	HGNC:3682	FGF4	TRUE	FALSE
FGF5	ENSG00000138675	HGNC:3683	FGF5	TRUE	FALSE
FGF6	ENSG00000111241	HGNC:3684	FGF6	TRUE	FALSE
FGF7	ENSG00000140285	HGNC:3685	FGF7	FALSE	FALSE
FGF8	ENSG00000107831	HGNC:3686	FGF8	FALSE	FALSE
FGF9	ENSG00000102678	HGNC:3687	FGF9	FALSE	FALSE
FGFR1	ENSG00000077782	HGNC:3688	FGFR1	TRUE	FALSE
FGFR2	ENSG00000066468	HGNC:3689	FGFR2	TRUE	FALSE
FGFR3	ENSG00000068078	HGNC:3690	FGFR3	TRUE	FALSE
FGFR4	ENSG00000160867	HGNC:3691	FGFR4	TRUE	FALSE
FH	ENSG00000091483	HGNC:3700	FH	FALSE	TRUE
FHIT	ENSG00000189283	HGNC:3701	FHIT	FALSE	TRUE
FIP1L1	ENSG00000145216	HGNC:19124	FIP1L1	TRUE	FALSE
FLCN	ENSG00000154803	HGNC:27310	FLCN	FALSE	TRUE
FLI1	ENSG00000151702	HGNC:3749	FLI1	TRUE	FALSE
FLT1	ENSG00000102755	HGNC:3763	FLT1	TRUE	FALSE
FLT3	ENSG00000122025	HGNC:3765	FLT3	TRUE	FALSE
FLT4	ENSG00000037280	HGNC:3767	FLT4	TRUE	FALSE
FOXA1	ENSG00000129514	HGNC:5021	FOXA1	TRUE	TRUE
FOXA2	ENSG00000125798	HGNC:5022	FOXA2	TRUE	TRUE
FOXL2	ENSG00000183770	HGNC:1092	FOXL2	TRUE	TRUE
FOXO1	ENSG00000150907	HGNC:3819	FOXO1	FALSE	TRUE
FOXO3	ENSG00000118689	HGNC:3821	FOXO3	FALSE	FALSE
FOXO4	ENSG00000184481	HGNC:7139	FOXO4	TRUE	TRUE
FOXP1	ENSG00000114861	HGNC:3823	FOXP1	TRUE	TRUE
FRS2	ENSG00000166225	HGNC:16971	FRS2	TRUE	FALSE
FUBP1	ENSG00000162613	HGNC:4004	FUBP1	FALSE	TRUE
FUS	ENSG00000089280	HGNC:4010	FUS	TRUE	FALSE
FYN	ENSG00000010810	HGNC:4037	FYN	TRUE	FALSE
GAB2	ENSG00000033327	HGNC:14458	GAB2	TRUE	FALSE
GABRA6	ENSG00000145863	HGNC:4080	GABRA6	TRUE	FALSE
GALNT12	ENSG00000119514	HGNC:19877	GALNT12	FALSE	FALSE
GAS7	ENSG00000007237	HGNC:4169	GAS7	TRUE	FALSE
GATA1	ENSG00000102145	HGNC:4170	GATA1	FALSE	FALSE
GATA2	ENSG00000179348	HGNC:4171	GATA2	TRUE	FALSE
GATA3	ENSG00000107485	HGNC:4172	GATA3	TRUE	TRUE
GATA4	ENSG00000136574	HGNC:4173	GATA4	FALSE	TRUE
GATA6	ENSG00000141448	HGNC:4174	GATA6	TRUE	FALSE
GEN1	ENSG00000178295	HGNC:26881	GEN1	NA	NA
GID4	ENSG00000141034	HGNC:28453	GID4	NA	NA
GJB2	ENSG00000165474	HGNC:4284	GJB2	NA	NA
GLI1	ENSG00000111087	HGNC:4317	GLI1	TRUE	FALSE
GLI3	ENSG00000106571	HGNC:4319	GLI3	TRUE	FALSE
GLIS2	ENSG00000126603	HGNC:29450	GLIS2	FALSE	FALSE
GMPS	ENSG00000163655	HGNC:4378	GMPS	FALSE	FALSE
GNA11	ENSG00000088256	HGNC:4379	GNA11	TRUE	FALSE
GNA13	ENSG00000120063	HGNC:4381	GNA13	TRUE	TRUE
GNAQ	ENSG00000156052	HGNC:4390	GNAQ	TRUE	FALSE
GNAS	ENSG00000087460	HGNC:4392	GNAS	TRUE	FALSE
GOLGA5	ENSG00000066455	HGNC:4428	GOLGA5	FALSE	FALSE
GOPC	ENSG00000047932	HGNC:17643	GOPC	FALSE	FALSE
GPC3	ENSG00000147257	HGNC:4451	GPC3	TRUE	TRUE
GPHN	ENSG00000171723	HGNC:15465	GPHN	FALSE	FALSE
GPS2	ENSG00000132522	HGNC:4550	GPS2	FALSE	TRUE
GREM1	ENSG00000166923	HGNC:2001	GREM1	TRUE	FALSE
GRIN2A	ENSG00000183454	HGNC:4585	GRIN2A	FALSE	TRUE
GRM3	ENSG00000198822	HGNC:4595	GRM3	FALSE	FALSE
GSK3B	ENSG00000082701	HGNC:4617	GSK3B	TRUE	FALSE
GTF2I	ENSG00000263001	HGNC:4659	GTF2I	TRUE	FALSE
H1-2	ENSG00000187837	HGNC:4716	H1-2	FALSE	FALSE
H1-3	ENSG00000124575	HGNC:4717	H1-3	FALSE	TRUE
H1-4	ENSG00000168298	HGNC:4718	H1-4	TRUE	FALSE
H1-5	ENSG00000184357	HGNC:4719	H1-5	FALSE	TRUE
H19	ENSG00000130600	HGNC:4713	H19	NA	NA
H2BC5	ENSG00000158373	HGNC:4747	H2BC5	FALSE	FALSE
H3-3A	ENSG00000163041	HGNC:4764	H3-3A	TRUE	FALSE
H3-3B	ENSG00000132475	HGNC:4765	H3-3B	FALSE	FALSE
H3-5	ENSG00000188375	HGNC:33164	H3-5	FALSE	FALSE
H3C2	ENSG00000286522	HGNC:4776	H3C2	FALSE	FALSE
HERPUD1	ENSG00000051108	HGNC:13744	HERPUD1	FALSE	FALSE
HEY1	ENSG00000164683	HGNC:4880	HEY1	TRUE	FALSE
HGF	ENSG00000019991	HGNC:4893	HGF	TRUE	FALSE
HIF1A	ENSG00000100644	HGNC:4910	HIF1A	TRUE	FALSE
HIP1	ENSG00000127946	HGNC:4913	HIP1	TRUE	FALSE
HLA-A	ENSG00000206503	HGNC:4931	HLA-A	FALSE	TRUE
HLA-B	ENSG00000234745	HGNC:4932	HLA-B	FALSE	TRUE
HLA-C	ENSG00000204525	HGNC:4933	HLA-C	FALSE	TRUE
HLF	ENSG00000108924	HGNC:4977	HLF	TRUE	FALSE
HMGA1	ENSG00000137309	HGNC:5010	HMGA1	TRUE	FALSE
HMGA2	ENSG00000149948	HGNC:5009	HMGA2	TRUE	FALSE
HNF1A	ENSG00000135100	HGNC:11621	HNF1A	FALSE	TRUE
HNF1B	ENSG00000275410	HGNC:11630	HNF1B	FALSE	FALSE
HNRNPA2B1	ENSG00000122566	HGNC:5033	HNRNPA2B1	TRUE	FALSE
HNRNPC	ENSG00000092199	HGNC:5035	HNRNPC	FALSE	FALSE
HNRNPUL1	ENSG00000105323	HGNC:17011	HNRNPUL1	NA	NA
HOOK3	ENSG00000168172	HGNC:23576	HOOK3	FALSE	FALSE
HOXA9	ENSG00000078399	HGNC:5109	HOXA9	TRUE	TRUE
HOXB13	ENSG00000159184	HGNC:5112	HOXB13	TRUE	TRUE
HRAS	ENSG00000174775	HGNC:5173	HRAS	TRUE	FALSE
HSD3B1	ENSG00000203857	HGNC:5217	HSD3B1	TRUE	FALSE
HSP90AA1	ENSG00000080824	HGNC:5253	HSP90AA1	TRUE	FALSE
ICOSLG	ENSG00000160223	HGNC:17087	ICOSLG	TRUE	FALSE
ID3	ENSG00000117318	HGNC:5362	ID3	FALSE	TRUE
IDH1	ENSG00000138413	HGNC:5382	IDH1	TRUE	FALSE
IDH2	ENSG00000182054	HGNC:5383	IDH2	TRUE	FALSE
IFNGR1	ENSG00000027697	HGNC:5439	IFNGR1	FALSE	TRUE
IGF1	ENSG00000017427	HGNC:5464	IGF1	TRUE	FALSE
IGF1R	ENSG00000140443	HGNC:5465	IGF1R	TRUE	FALSE
IGF2	ENSG00000167244	HGNC:5466	IGF2	TRUE	FALSE
IGF2R	ENSG00000197081	HGNC:5467	IGF2R	FALSE	TRUE
IKBKE	ENSG00000263528	HGNC:14552	IKBKE	TRUE	FALSE
IKZF1	ENSG00000185811	HGNC:13176	IKZF1	FALSE	FALSE
IKZF2	ENSG00000030419	HGNC:13177	IKZF2	FALSE	FALSE
IKZF3	ENSG00000161405	HGNC:13178	IKZF3	TRUE	TRUE
IL10	ENSG00000136634	HGNC:5962	IL10	FALSE	FALSE
IL2RB	ENSG00000100385	HGNC:6009	IL2RB	FALSE	FALSE
IL3	ENSG00000164399	HGNC:6011	IL3	TRUE	FALSE
IL6R	ENSG00000160712	HGNC:6019	IL6R	FALSE	FALSE
IL7R	ENSG00000168685	HGNC:6024	IL7R	TRUE	FALSE
INHA	ENSG00000123999	HGNC:6065	INHA	FALSE	TRUE
INHBA	ENSG00000122641	HGNC:6066	INHBA	TRUE	TRUE
INPP4A	ENSG00000040933	HGNC:6074	INPP4A	FALSE	FALSE
INPP4B	ENSG00000109452	HGNC:6075	INPP4B	FALSE	TRUE
INSR	ENSG00000171105	HGNC:6091	INSR	TRUE	FALSE
IRF2	ENSG00000168310	HGNC:6117	IRF2	FALSE	TRUE
IRF2BP2	ENSG00000168264	HGNC:21729	IRF2BP2	FALSE	FALSE
IRF4	ENSG00000137265	HGNC:6119	IRF4	TRUE	FALSE
IRF8	ENSG00000140968	HGNC:5358	IRF8	FALSE	TRUE
IRS1	ENSG00000169047	HGNC:6125	IRS1	TRUE	FALSE
IRS2	ENSG00000185950	HGNC:6126	IRS2	TRUE	FALSE
ITK	ENSG00000113263	HGNC:6171	ITK	FALSE	FALSE
JAK1	ENSG00000162434	HGNC:6190	JAK1	TRUE	TRUE
JAK2	ENSG00000096968	HGNC:6192	JAK2	TRUE	FALSE
JAK3	ENSG00000105639	HGNC:6193	JAK3	TRUE	FALSE
JARID2	ENSG00000008083	HGNC:6196	JARID2	TRUE	TRUE
JAZF1	ENSG00000153814	HGNC:28917	JAZF1	FALSE	FALSE
JUN	ENSG00000177606	HGNC:6204	JUN	TRUE	FALSE
KANK1	ENSG00000107104	HGNC:19309	KANK1	FALSE	TRUE
KAT6A	ENSG00000083168	HGNC:13013	KAT6A	FALSE	FALSE
KDM3B	ENSG00000120733	HGNC:1337	KDM3B	FALSE	FALSE
KDM5A	ENSG00000073614	HGNC:9886	KDM5A	TRUE	FALSE
KDM5C	ENSG00000126012	HGNC:11114	KDM5C	FALSE	TRUE
KDM6A	ENSG00000147050	HGNC:12637	KDM6A	FALSE	TRUE
KDR	ENSG00000128052	HGNC:6307	KDR	TRUE	FALSE
KEAP1	ENSG00000079999	HGNC:23177	KEAP1	FALSE	TRUE
KEL	ENSG00000197993	HGNC:6308	KEL	TRUE	FALSE
KIAA1549	ENSG00000122778	HGNC:22219	KIAA1549	FALSE	FALSE
KIF1B	ENSG00000054523	HGNC:16636	KIF1B	FALSE	FALSE
KIF5B	ENSG00000170759	HGNC:6324	KIF5B	FALSE	FALSE
KIT	ENSG00000157404	HGNC:6342	KIT	TRUE	FALSE
KITLG	ENSG00000049130	HGNC:6343	KITLG	TRUE	FALSE
KLF4	ENSG00000136826	HGNC:6348	KLF4	TRUE	TRUE
KLF5	ENSG00000102554	HGNC:6349	KLF5	TRUE	FALSE
KLF6	ENSG00000067082	HGNC:2235	KLF6	FALSE	TRUE
KLHL6	ENSG00000172578	HGNC:18653	KLHL6	TRUE	TRUE
KLK2	ENSG00000167751	HGNC:6363	KLK2	FALSE	FALSE
KLLN	ENSG00000227268	HGNC:37212	KLLN	FALSE	FALSE
KMT2A	ENSG00000118058	HGNC:7132	KMT2A	FALSE	TRUE
KMT2B	ENSG00000272333	HGNC:15840	KMT2B	FALSE	TRUE
KMT2C	ENSG00000055609	HGNC:13726	KMT2C	FALSE	TRUE
KMT2D	ENSG00000167548	HGNC:7133	KMT2D	FALSE	TRUE
KRAS	ENSG00000133703	HGNC:6407	KRAS	TRUE	FALSE
KTN1	ENSG00000126777	HGNC:6467	KTN1	FALSE	FALSE
L2HGDH	ENSG00000087299	HGNC:20499	L2HGDH	NA	NA
LAG3	ENSG00000089692	HGNC:6476	LAG3	FALSE	FALSE
LAMP1	ENSG00000185896	HGNC:6499	LAMP1	NA	NA
LASP1	ENSG00000002834	HGNC:6513	LASP1	TRUE	FALSE
LATS1	ENSG00000131023	HGNC:6514	LATS1	FALSE	TRUE
LATS2	ENSG00000150457	HGNC:6515	LATS2	FALSE	TRUE
LCK	ENSG00000182866	HGNC:6524	LCK	TRUE	FALSE
LEF1	ENSG00000138795	HGNC:6551	LEF1	TRUE	FALSE
LIFR	ENSG00000113594	HGNC:6597	LIFR	FALSE	TRUE
LIMA1	ENSG00000050405	HGNC:24636	LIMA1	NA	NA
LMNA	ENSG00000160789	HGNC:6636	LMNA	FALSE	FALSE
LMO1	ENSG00000166407	HGNC:6641	LMO1	TRUE	FALSE
LMO2	ENSG00000135363	HGNC:6642	LMO2	TRUE	FALSE
LMO3	ENSG00000048540	HGNC:6643	LMO3	NA	NA
LPP	ENSG00000145012	HGNC:6679	LPP	TRUE	FALSE
LRIG3	ENSG00000139263	HGNC:30991	LRIG3	FALSE	TRUE
LRP1B	ENSG00000168702	HGNC:6693	LRP1B	FALSE	TRUE
LSM14A	ENSG00000257103	HGNC:24489	LSM14A	FALSE	FALSE
LYL1	ENSG00000104903	HGNC:6734	LYL1	TRUE	FALSE
LYN	ENSG00000254087	HGNC:6735	LYN	TRUE	FALSE
LZTR1	ENSG00000099949	HGNC:6742	LZTR1	FALSE	TRUE
MAD2L2	ENSG00000116670	HGNC:6764	MAD2L2	TRUE	TRUE
MAF	ENSG00000178573	HGNC:6776	MAF	FALSE	FALSE
MAFB	ENSG00000204103	HGNC:6408	MAFB	TRUE	FALSE
MAGI2	ENSG00000187391	HGNC:18957	MAGI2	FALSE	FALSE
MALT1	ENSG00000172175	HGNC:6819	MALT1	FALSE	FALSE
MAML2	ENSG00000184384	HGNC:16259	MAML2	TRUE	FALSE
MAP2K1	ENSG00000169032	HGNC:6840	MAP2K1	TRUE	FALSE
MAP2K2	ENSG00000126934	HGNC:6842	MAP2K2	TRUE	FALSE
MAP2K4	ENSG00000065559	HGNC:6844	MAP2K4	FALSE	TRUE
MAP3K1	ENSG00000095015	HGNC:6848	MAP3K1	FALSE	TRUE
MAP3K13	ENSG00000073803	HGNC:6852	MAP3K13	TRUE	FALSE
MAP3K14	ENSG00000006062	HGNC:6853	MAP3K14	TRUE	FALSE
MAP3K4	ENSG00000085511	HGNC:6856	MAP3K4	FALSE	TRUE
MAP3K8	ENSG00000107968	HGNC:6860	MAP3K8	TRUE	FALSE
MAPK1	ENSG00000100030	HGNC:6871	MAPK1	TRUE	FALSE
MAPK3	ENSG00000102882	HGNC:6877	MAPK3	TRUE	FALSE
MAX	ENSG00000125952	HGNC:6913	MAX	FALSE	TRUE
MBD4	ENSG00000129071	HGNC:6919	MBD4	FALSE	TRUE
MC1R	ENSG00000258839	HGNC:6929	MC1R	FALSE	FALSE
MCL1	ENSG00000143384	HGNC:6943	MCL1	TRUE	FALSE
MCPH1	ENSG00000147316	HGNC:6954	MCPH1	NA	NA
MDC1	ENSG00000137337	HGNC:21163	MDC1	FALSE	FALSE
MDM2	ENSG00000135679	HGNC:6973	MDM2	TRUE	FALSE
MDM4	ENSG00000198625	HGNC:6974	MDM4	TRUE	FALSE
MECOM	ENSG00000085276	HGNC:3498	MECOM	TRUE	FALSE
MED12	ENSG00000184634	HGNC:11957	MED12	TRUE	TRUE
MEF2B	ENSG00000213999	HGNC:6995	MEF2B	TRUE	FALSE
MEF2D	ENSG00000116604	HGNC:6997	MEF2D	TRUE	FALSE
MEN1	ENSG00000133895	HGNC:7010	MEN1	FALSE	TRUE
MET	ENSG00000105976	HGNC:7029	MET	TRUE	FALSE
MGA	ENSG00000174197	HGNC:14010	MGA	FALSE	TRUE
MIR143	ENSG00000284182	HGNC:31530	MIR143	NA	NA
MITF	ENSG00000187098	HGNC:7105	MITF	TRUE	TRUE
MLF1	ENSG00000178053	HGNC:7125	MLF1	FALSE	TRUE
MLH1	ENSG00000076242	HGNC:7127	MLH1	FALSE	TRUE
MLH3	ENSG00000119684	HGNC:7128	MLH3	FALSE	TRUE
MLLT1	ENSG00000130382	HGNC:7134	MLLT1	FALSE	FALSE
MLLT10	ENSG00000078403	HGNC:16063	MLLT10	TRUE	FALSE
MLLT11	ENSG00000213190	HGNC:16997	MLLT11	TRUE	FALSE
MLLT3	ENSG00000171843	HGNC:7136	MLLT3	TRUE	FALSE
MLLT6	ENSG00000275023	HGNC:7138	MLLT6	FALSE	FALSE
MN1	ENSG00000169184	HGNC:7180	MN1	TRUE	FALSE
MNX1	ENSG00000130675	HGNC:4979	MNX1	TRUE	FALSE
MPL	ENSG00000117400	HGNC:7217	MPL	TRUE	FALSE
MRE11	ENSG00000020922	HGNC:7230	MRE11	FALSE	TRUE
MRTFA	ENSG00000196588	HGNC:14334	MRTFA	TRUE	TRUE
MSH2	ENSG00000095002	HGNC:7325	MSH2	FALSE	TRUE
MSH3	ENSG00000113318	HGNC:7326	MSH3	FALSE	TRUE
MSH6	ENSG00000116062	HGNC:7329	MSH6	FALSE	TRUE
MSN	ENSG00000147065	HGNC:7373	MSN	FALSE	FALSE
MST1	ENSG00000173531	HGNC:7380	MST1	FALSE	TRUE
MST1R	ENSG00000164078	HGNC:7381	MST1R	TRUE	FALSE
MTAP	ENSG00000099810	HGNC:7413	MTAP	FALSE	TRUE
MTOR	ENSG00000198793	HGNC:3942	MTOR	TRUE	FALSE
MUC1	ENSG00000185499	HGNC:7508	MUC1	TRUE	FALSE
MUS81	ENSG00000172732	HGNC:29814	MUS81	NA	NA
MUTYH	ENSG00000132781	HGNC:7527	MUTYH	FALSE	TRUE
MYB	ENSG00000118513	HGNC:7545	MYB	TRUE	FALSE
MYC	ENSG00000136997	HGNC:7553	MYC	TRUE	FALSE
MYCL	ENSG00000116990	HGNC:7555	MYCL	TRUE	FALSE
MYCN	ENSG00000134323	HGNC:7559	MYCN	TRUE	FALSE
MYD88	ENSG00000172936	HGNC:7562	MYD88	TRUE	FALSE
MYH11	ENSG00000133392	HGNC:7569	MYH11	FALSE	TRUE
MYO5A	ENSG00000197535	HGNC:7602	MYO5A	FALSE	FALSE
MYOD1	ENSG00000129152	HGNC:7611	MYOD1	FALSE	TRUE
NAB2	ENSG00000166886	HGNC:7627	NAB2	FALSE	TRUE
NBN	ENSG00000104320	HGNC:7652	NBN	FALSE	TRUE
NCKIPSD	ENSG00000213672	HGNC:15486	NCKIPSD	FALSE	FALSE
NCOA1	ENSG00000084676	HGNC:7668	NCOA1	FALSE	FALSE
NCOA2	ENSG00000140396	HGNC:7669	NCOA2	TRUE	FALSE
NCOA3	ENSG00000124151	HGNC:7670	NCOA3	TRUE	FALSE
NCOA4	ENSG00000266412	HGNC:7671	NCOA4	TRUE	TRUE
NCOR1	ENSG00000141027	HGNC:7672	NCOR1	FALSE	TRUE
NCOR2	ENSG00000196498	HGNC:7673	NCOR2	FALSE	FALSE
NDRG1	ENSG00000104419	HGNC:7679	NDRG1	FALSE	TRUE
NEGR1	ENSG00000172260	HGNC:17302	NEGR1	FALSE	FALSE
NF1	ENSG00000196712	HGNC:7765	NF1	FALSE	TRUE
NF2	ENSG00000186575	HGNC:7773	NF2	FALSE	TRUE
NFATC2	ENSG00000101096	HGNC:7776	NFATC2	TRUE	FALSE
NFE2L2	ENSG00000116044	HGNC:7782	NFE2L2	TRUE	FALSE
NFIB	ENSG00000147862	HGNC:7785	NFIB	TRUE	FALSE
NFIX	ENSG00000008441	HGNC:7788	NFIX	NA	NA
NFKB2	ENSG00000077150	HGNC:7795	NFKB2	TRUE	TRUE
NFKBIA	ENSG00000100906	HGNC:7797	NFKBIA	FALSE	TRUE
NFKBIE	ENSG00000146232	HGNC:7799	NFKBIE	FALSE	TRUE
NHP2	ENSG00000145912	HGNC:14377	NHP2	NA	NA
NID1	ENSG00000116962	HGNC:7821	NID1	FALSE	FALSE
NIN	ENSG00000100503	HGNC:14906	NIN	FALSE	FALSE
NKX2-1	ENSG00000136352	HGNC:11825	NKX2-1	TRUE	FALSE
NKX3-1	ENSG00000167034	HGNC:7838	NKX3-1	FALSE	TRUE
NONO	ENSG00000147140	HGNC:7871	NONO	FALSE	FALSE
NOP10	ENSG00000182117	HGNC:14378	NOP10	NA	NA
NOTCH1	ENSG00000148400	HGNC:7881	NOTCH1	TRUE	TRUE
NOTCH2	ENSG00000134250	HGNC:7882	NOTCH2	TRUE	TRUE
NOTCH3	ENSG00000074181	HGNC:7883	NOTCH3	TRUE	TRUE
NOTCH4	ENSG00000204301	HGNC:7884	NOTCH4	TRUE	TRUE
NPM1	ENSG00000181163	HGNC:7910	NPM1	FALSE	TRUE
NR4A3	ENSG00000119508	HGNC:7982	NR4A3	TRUE	FALSE
NRAS	ENSG00000213281	HGNC:7989	NRAS	TRUE	FALSE
NRG1	ENSG00000157168	HGNC:7997	NRG1	TRUE	FALSE
NSD1	ENSG00000165671	HGNC:14234	NSD1	TRUE	TRUE
NSD2	ENSG00000109685	HGNC:12766	NSD2	TRUE	FALSE
NSD3	ENSG00000147548	HGNC:12767	NSD3	FALSE	FALSE
NT5C2	ENSG00000076685	HGNC:8022	NT5C2	TRUE	FALSE
NTHL1	ENSG00000065057	HGNC:8028	NTHL1	FALSE	TRUE
NTN1	ENSG00000065320	HGNC:8029	NTN1	NA	NA
NTRK1	ENSG00000198400	HGNC:8031	NTRK1	TRUE	FALSE
NTRK2	ENSG00000148053	HGNC:8032	NTRK2	TRUE	FALSE
NTRK3	ENSG00000140538	HGNC:8033	NTRK3	TRUE	FALSE
NUP214	ENSG00000126883	HGNC:8064	NUP214	TRUE	FALSE
NUP93	ENSG00000102900	HGNC:28958	NUP93	FALSE	FALSE
NUP98	ENSG00000110713	HGNC:8068	NUP98	TRUE	FALSE
NUTM1	ENSG00000184507	HGNC:29919	NUTM1	FALSE	FALSE
NUTM2B	ENSG00000188199	HGNC:23445	NUTM2B	FALSE	FALSE
OMD	ENSG00000127083	HGNC:8134	OMD	FALSE	FALSE
P2RY8	ENSG00000182162	HGNC:15524	P2RY8	FALSE	TRUE
PAG1	ENSG00000076641	HGNC:30043	PAG1	FALSE	FALSE
PAK1	ENSG00000149269	HGNC:8590	PAK1	TRUE	FALSE
PAK3	ENSG00000077264	HGNC:8592	PAK3	FALSE	FALSE
PAK5	ENSG00000101349	HGNC:15916	PAK5	TRUE	FALSE
PALB2	ENSG00000083093	HGNC:26144	PALB2	FALSE	TRUE
PARG	ENSG00000227345	HGNC:8605	PARG	NA	NA
PARP1	ENSG00000143799	HGNC:270	PARP1	FALSE	TRUE
PATZ1	ENSG00000100105	HGNC:13071	PATZ1	TRUE	TRUE
PAX3	ENSG00000135903	HGNC:8617	PAX3	TRUE	FALSE
PAX5	ENSG00000196092	HGNC:8619	PAX5	TRUE	TRUE
PAX6	ENSG00000007372	HGNC:8620	PAX6	FALSE	TRUE
PAX7	ENSG00000009709	HGNC:8621	PAX7	TRUE	FALSE
PAX8	ENSG00000125618	HGNC:8622	PAX8	TRUE	FALSE
PBRM1	ENSG00000163939	HGNC:30064	PBRM1	FALSE	TRUE
PBX1	ENSG00000185630	HGNC:8632	PBX1	TRUE	FALSE
PCBP1	ENSG00000169564	HGNC:8647	PCBP1	FALSE	FALSE
PCM1	ENSG00000078674	HGNC:8727	PCM1	TRUE	TRUE
PDCD1	ENSG00000188389	HGNC:8760	PDCD1	TRUE	FALSE
PDCD1LG2	ENSG00000197646	HGNC:18731	PDCD1LG2	TRUE	FALSE
PDE4DIP	ENSG00000178104	HGNC:15580	PDE4DIP	FALSE	FALSE
PDGFB	ENSG00000100311	HGNC:8800	PDGFB	TRUE	FALSE
PDGFRA	ENSG00000134853	HGNC:8803	PDGFRA	TRUE	FALSE
PDGFRB	ENSG00000113721	HGNC:8804	PDGFRB	TRUE	FALSE
PDK1	ENSG00000152256	HGNC:8809	PDK1	TRUE	FALSE
PDPK1	ENSG00000140992	HGNC:8816	PDPK1	FALSE	FALSE
PDS5B	ENSG00000083642	HGNC:20418	PDS5B	FALSE	TRUE
PGR	ENSG00000082175	HGNC:8910	PGR	TRUE	FALSE
PHF1	ENSG00000112511	HGNC:8919	PHF1	NA	NA
PHF6	ENSG00000156531	HGNC:18145	PHF6	FALSE	TRUE
PHOX2B	ENSG00000109132	HGNC:9143	PHOX2B	FALSE	TRUE
PICALM	ENSG00000073921	HGNC:15514	PICALM	FALSE	FALSE
PIGA	ENSG00000165195	HGNC:8957	PIGA	FALSE	TRUE
PIK3C2B	ENSG00000133056	HGNC:8972	PIK3C2B	TRUE	FALSE
PIK3C2G	ENSG00000139144	HGNC:8973	PIK3C2G	FALSE	FALSE
PIK3C3	ENSG00000078142	HGNC:8974	PIK3C3	FALSE	FALSE
PIK3CA	ENSG00000121879	HGNC:8975	PIK3CA	TRUE	FALSE
PIK3CB	ENSG00000051382	HGNC:8976	PIK3CB	TRUE	FALSE
PIK3CD	ENSG00000171608	HGNC:8977	PIK3CD	TRUE	FALSE
PIK3CG	ENSG00000105851	HGNC:8978	PIK3CG	TRUE	FALSE
PIK3R1	ENSG00000145675	HGNC:8979	PIK3R1	FALSE	TRUE
PIK3R2	ENSG00000105647	HGNC:8980	PIK3R2	FALSE	TRUE
PIK3R3	ENSG00000117461	HGNC:8981	PIK3R3	FALSE	TRUE
PIM1	ENSG00000137193	HGNC:8986	PIM1	FALSE	FALSE
PLA2R1	ENSG00000153246	HGNC:9042	PLA2R1	FALSE	FALSE
PLAG1	ENSG00000181690	HGNC:9045	PLAG1	TRUE	FALSE
PLCG1	ENSG00000124181	HGNC:9065	PLCG1	TRUE	FALSE
PLCG2	ENSG00000197943	HGNC:9066	PLCG2	TRUE	FALSE
PLK2	ENSG00000145632	HGNC:19699	PLK2	FALSE	FALSE
PMAIP1	ENSG00000141682	HGNC:9108	PMAIP1	FALSE	TRUE
PMEL	ENSG00000185664	HGNC:10880	PMEL	FALSE	FALSE
PML	ENSG00000140464	HGNC:9113	PML	TRUE	TRUE
PMS1	ENSG00000064933	HGNC:9121	PMS1	FALSE	TRUE
PMS2	ENSG00000122512	HGNC:9122	PMS2	FALSE	TRUE
PNRC1	ENSG00000146278	HGNC:17278	PNRC1	FALSE	FALSE
POLA1	ENSG00000101868	HGNC:9173	POLA1	FALSE	FALSE
POLD1	ENSG00000062822	HGNC:9175	POLD1	FALSE	TRUE
POLE	ENSG00000177084	HGNC:9177	POLE	FALSE	TRUE
POLH	ENSG00000170734	HGNC:9181	POLH	FALSE	FALSE
POLQ	ENSG00000051341	HGNC:9186	POLQ	TRUE	TRUE
POT1	ENSG00000128513	HGNC:17284	POT1	FALSE	TRUE
POU5F1	ENSG00000204531	HGNC:9221	POU5F1	TRUE	FALSE
PPARG	ENSG00000132170	HGNC:9236	PPARG	TRUE	FALSE
PPFIBP1	ENSG00000110841	HGNC:9249	PPFIBP1	FALSE	FALSE
PPM1D	ENSG00000170836	HGNC:9277	PPM1D	TRUE	FALSE
PPP1CB	ENSG00000213639	HGNC:9282	PPP1CB	NA	NA
PPP2R1A	ENSG00000105568	HGNC:9302	PPP2R1A	FALSE	TRUE
PPP2R2A	ENSG00000221914	HGNC:9304	PPP2R2A	FALSE	TRUE
PPP6C	ENSG00000119414	HGNC:9323	PPP6C	FALSE	TRUE
PRCC	ENSG00000143294	HGNC:9343	PRCC	FALSE	FALSE
PRDM1	ENSG00000057657	HGNC:9346	PRDM1	FALSE	TRUE
PRDM16	ENSG00000142611	HGNC:14000	PRDM16	TRUE	FALSE
PRDM9	ENSG00000164256	HGNC:13994	PRDM9	FALSE	FALSE
PREX2	ENSG00000046889	HGNC:22950	PREX2	FALSE	FALSE
PRF1	ENSG00000180644	HGNC:9360	PRF1	FALSE	TRUE
PRKACA	ENSG00000072062	HGNC:9380	PRKACA	TRUE	FALSE
PRKAR1A	ENSG00000108946	HGNC:9388	PRKAR1A	FALSE	FALSE
PRKCE	ENSG00000171132	HGNC:9401	PRKCE	FALSE	FALSE
PRKCI	ENSG00000163558	HGNC:9404	PRKCI	TRUE	FALSE
PRKDC	ENSG00000253729	HGNC:9413	PRKDC	TRUE	TRUE
PRKN	ENSG00000185345	HGNC:8607	PRKN	FALSE	TRUE
PRSS1	ENSG00000204983	HGNC:9475	PRSS1	FALSE	FALSE
PRSS8	ENSG00000052344	HGNC:9491	PRSS8	NA	NA
PSIP1	ENSG00000164985	HGNC:9527	PSIP1	TRUE	FALSE
PTCH1	ENSG00000185920	HGNC:9585	PTCH1	FALSE	TRUE
PTCH2	ENSG00000117425	HGNC:9586	PTCH2	FALSE	FALSE
PTCSC3	ENSG00000259104	HGNC:43959	PTCSC3	NA	NA
PTEN	ENSG00000171862	HGNC:9588	PTEN	FALSE	TRUE
PTK2B	ENSG00000120899	HGNC:9612	PTK2B	FALSE	FALSE
PTPN11	ENSG00000179295	HGNC:9644	PTPN11	TRUE	FALSE
PTPN12	ENSG00000127947	HGNC:9645	PTPN12	FALSE	TRUE
PTPN13	ENSG00000163629	HGNC:9646	PTPN13	FALSE	TRUE
PTPRD	ENSG00000153707	HGNC:9668	PTPRD	FALSE	TRUE
PTPRJ	ENSG00000149177	HGNC:9673	PTPRJ	FALSE	FALSE
PTPRK	ENSG00000152894	HGNC:9674	PTPRK	FALSE	TRUE
PTPRS	ENSG00000105426	HGNC:9681	PTPRS	FALSE	TRUE
PTPRT	ENSG00000196090	HGNC:9682	PTPRT	FALSE	TRUE
PWWP2A	ENSG00000170234	HGNC:29406	PWWP2A	FALSE	FALSE
QKI	ENSG00000112531	HGNC:21100	QKI	FALSE	TRUE
RAB35	ENSG00000111737	HGNC:9774	RAB35	TRUE	FALSE
RABEP1	ENSG00000029725	HGNC:17677	RABEP1	FALSE	FALSE
RAC1	ENSG00000136238	HGNC:9801	RAC1	TRUE	FALSE
RAD21	ENSG00000164754	HGNC:9811	RAD21	FALSE	TRUE
RAD50	ENSG00000113522	HGNC:9816	RAD50	FALSE	TRUE
RAD51	ENSG00000051180	HGNC:9817	RAD51	FALSE	TRUE
RAD51B	ENSG00000182185	HGNC:9822	RAD51B	FALSE	TRUE
RAD51C	ENSG00000108384	HGNC:9820	RAD51C	FALSE	TRUE
RAD51D	ENSG00000185379	HGNC:9823	RAD51D	FALSE	TRUE
RAD52	ENSG00000002016	HGNC:9824	RAD52	FALSE	FALSE
RAD54L	ENSG00000085999	HGNC:9826	RAD54L	FALSE	FALSE
RAF1	ENSG00000132155	HGNC:9829	RAF1	TRUE	FALSE
RANBP2	ENSG00000153201	HGNC:9848	RANBP2	TRUE	FALSE
RAP1GDS1	ENSG00000138698	HGNC:9859	RAP1GDS1	TRUE	FALSE
RARA	ENSG00000131759	HGNC:9864	RARA	FALSE	FALSE
RARG	ENSG00000172819	HGNC:9866	RARG	FALSE	FALSE
RASA1	ENSG00000145715	HGNC:9871	RASA1	FALSE	TRUE
RB1	ENSG00000139687	HGNC:9884	RB1	FALSE	TRUE
RBL2	ENSG00000103479	HGNC:9894	RBL2	FALSE	TRUE
RBM10	ENSG00000182872	HGNC:9896	RBM10	FALSE	TRUE
RBM14	ENSG00000239306	HGNC:14219	RBM14	NA	NA
RBM15	ENSG00000162775	HGNC:14959	RBM15	TRUE	TRUE
RECQL	ENSG00000004700	HGNC:9948	RECQL	FALSE	TRUE
RECQL4	ENSG00000160957	HGNC:9949	RECQL4	FALSE	TRUE
REL	ENSG00000162924	HGNC:9954	REL	TRUE	FALSE
REST	ENSG00000084093	HGNC:9966	REST	FALSE	TRUE
RET	ENSG00000165731	HGNC:9967	RET	TRUE	FALSE
RFWD3	ENSG00000168411	HGNC:25539	RFWD3	FALSE	TRUE
RHBDF2	ENSG00000129667	HGNC:20788	RHBDF2	FALSE	FALSE
RHEB	ENSG00000106615	HGNC:10011	RHEB	TRUE	FALSE
RHOA	ENSG00000067560	HGNC:667	RHOA	TRUE	FALSE
RICTOR	ENSG00000164327	HGNC:28611	RICTOR	TRUE	FALSE
RIF1	ENSG00000080345	HGNC:23207	RIF1	NA	NA
RINT1	ENSG00000135249	HGNC:21876	RINT1	FALSE	FALSE
RIT1	ENSG00000143622	HGNC:10023	RIT1	TRUE	FALSE
RNASEL	ENSG00000135828	HGNC:10050	RNASEL	FALSE	FALSE
RNF43	ENSG00000108375	HGNC:18505	RNF43	FALSE	TRUE
ROS1	ENSG00000047936	HGNC:10261	ROS1	TRUE	FALSE
RPL11	ENSG00000142676	HGNC:10301	RPL11	NA	NA
RPL5	ENSG00000122406	HGNC:10360	RPL5	FALSE	TRUE
RPN1	ENSG00000163902	HGNC:10381	RPN1	FALSE	FALSE
RPS15	ENSG00000115268	HGNC:10388	RPS15	FALSE	FALSE
RPS27	ENSG00000177954	HGNC:10416	RPS27	FALSE	FALSE
RPS6KA4	ENSG00000162302	HGNC:10433	RPS6KA4	TRUE	FALSE
RPS6KB1	ENSG00000108443	HGNC:10436	RPS6KB1	TRUE	FALSE
RPS6KB2	ENSG00000175634	HGNC:10437	RPS6KB2	TRUE	FALSE
RPTOR	ENSG00000141564	HGNC:30287	RPTOR	TRUE	FALSE
RRAS2	ENSG00000133818	HGNC:17271	RRAS2	TRUE	FALSE
RSPO2	ENSG00000147655	HGNC:28583	RSPO2	FALSE	TRUE
RSPO3	ENSG00000146374	HGNC:20866	RSPO3	TRUE	FALSE
RTEL1	ENSG00000258366	HGNC:15888	RTEL1	FALSE	TRUE
RUNX1	ENSG00000159216	HGNC:10471	RUNX1	FALSE	TRUE
RUNX1T1	ENSG00000079102	HGNC:1535	RUNX1T1	TRUE	FALSE
RYBP	ENSG00000163602	HGNC:10480	RYBP	FALSE	TRUE
SAMD9L	ENSG00000177409	HGNC:1349	SAMD9L	FALSE	FALSE
SASH1	ENSG00000111961	HGNC:19182	SASH1	NA	NA
SAV1	ENSG00000151748	HGNC:17795	SAV1	FALSE	TRUE
SBDS	ENSG00000126524	HGNC:19440	SBDS	FALSE	TRUE
SCG5	ENSG00000166922	HGNC:10816	SCG5	TRUE	FALSE
SDC4	ENSG00000124145	HGNC:10661	SDC4	FALSE	FALSE
SDHA	ENSG00000073578	HGNC:10680	SDHA	FALSE	TRUE
SDHAF2	ENSG00000167985	HGNC:26034	SDHAF2	FALSE	TRUE
SDHB	ENSG00000117118	HGNC:10681	SDHB	FALSE	TRUE
SDHC	ENSG00000143252	HGNC:10682	SDHC	FALSE	TRUE
SDHD	ENSG00000204370	HGNC:10683	SDHD	FALSE	TRUE
SEC23B	ENSG00000101310	HGNC:10702	SEC23B	FALSE	FALSE
SEC31A	ENSG00000138674	HGNC:17052	SEC31A	NA	NA
SEMA6A	ENSG00000092421	HGNC:10738	SEMA6A	FALSE	FALSE
SEPTIN5	ENSG00000184702	HGNC:9164	SEPTIN5	FALSE	FALSE
SEPTIN6	ENSG00000125354	HGNC:15848	SEPTIN6	FALSE	FALSE
SEPTIN9	ENSG00000184640	HGNC:7323	SEPTIN9	TRUE	FALSE
SET	ENSG00000119335	HGNC:10760	SET	TRUE	FALSE
SETBP1	ENSG00000152217	HGNC:15573	SETBP1	TRUE	FALSE
SETD2	ENSG00000181555	HGNC:18420	SETD2	FALSE	TRUE
SETDB1	ENSG00000143379	HGNC:10761	SETDB1	TRUE	TRUE
SF3B1	ENSG00000115524	HGNC:10768	SF3B1	TRUE	FALSE
SFPQ	ENSG00000116560	HGNC:10774	SFPQ	FALSE	TRUE
SFTPB	ENSG00000168878	HGNC:10801	SFTPB	NA	NA
SFTPC	ENSG00000168484	HGNC:10802	SFTPC	NA	NA
SGK1	ENSG00000118515	HGNC:10810	SGK1	TRUE	FALSE
SH2B3	ENSG00000111252	HGNC:29605	SH2B3	FALSE	TRUE
SH2D1A	ENSG00000183918	HGNC:10820	SH2D1A	FALSE	TRUE
SH3GL1	ENSG00000141985	HGNC:10830	SH3GL1	TRUE	FALSE
SHLD1	ENSG00000171984	HGNC:26318	SHLD1	NA	NA
SHLD2	ENSG00000122376	HGNC:28773	SHLD2	NA	NA
SHLD3	ENSG00000253251	HGNC:53826	SHLD3	NA	NA
SHOC2	ENSG00000108061	HGNC:15454	SHOC2	TRUE	FALSE
SHQ1	ENSG00000144736	HGNC:25543	SHQ1	FALSE	TRUE
SIX1	ENSG00000126778	HGNC:10887	SIX1	TRUE	FALSE
SLC26A3	ENSG00000091138	HGNC:3018	SLC26A3	FALSE	FALSE
SLC34A2	ENSG00000157765	HGNC:11020	SLC34A2	FALSE	TRUE
SLC45A3	ENSG00000158715	HGNC:8642	SLC45A3	FALSE	FALSE
SLFN11	ENSG00000172716	HGNC:26633	SLFN11	FALSE	TRUE
SLIT2	ENSG00000145147	HGNC:11086	SLIT2	FALSE	FALSE
SLX4	ENSG00000188827	HGNC:23845	SLX4	FALSE	TRUE
SMAD2	ENSG00000175387	HGNC:6768	SMAD2	FALSE	TRUE
SMAD3	ENSG00000166949	HGNC:6769	SMAD3	FALSE	TRUE
SMAD4	ENSG00000141646	HGNC:6770	SMAD4	FALSE	TRUE
SMARCA2	ENSG00000080503	HGNC:11098	SMARCA2	FALSE	TRUE
SMARCA4	ENSG00000127616	HGNC:11100	SMARCA4	FALSE	TRUE
SMARCA5	ENSG00000153147	HGNC:11101	SMARCA5	FALSE	FALSE
SMARCB1	ENSG00000099956	HGNC:11103	SMARCB1	FALSE	TRUE
SMARCD1	ENSG00000066117	HGNC:11106	SMARCD1	FALSE	FALSE
SMARCE1	ENSG00000073584	HGNC:11109	SMARCE1	TRUE	TRUE
SMC1A	ENSG00000072501	HGNC:11111	SMC1A	FALSE	TRUE
SMC3	ENSG00000108055	HGNC:2468	SMC3	FALSE	TRUE
SMO	ENSG00000128602	HGNC:11119	SMO	TRUE	FALSE
SNCAIP	ENSG00000064692	HGNC:11139	SNCAIP	NA	NA
SND1	ENSG00000197157	HGNC:30646	SND1	TRUE	FALSE
SOCS1	ENSG00000185338	HGNC:19383	SOCS1	FALSE	TRUE
SOS1	ENSG00000115904	HGNC:11187	SOS1	TRUE	FALSE
SOX10	ENSG00000100146	HGNC:11190	SOX10	TRUE	FALSE
SOX17	ENSG00000164736	HGNC:18122	SOX17	FALSE	TRUE
SOX2	ENSG00000181449	HGNC:11195	SOX2	TRUE	FALSE
SOX9	ENSG00000125398	HGNC:11204	SOX9	TRUE	TRUE
SPEN	ENSG00000065526	HGNC:17575	SPEN	FALSE	TRUE
SPI1	ENSG00000066336	HGNC:11241	SPI1	TRUE	TRUE
SPINK1	ENSG00000164266	HGNC:11244	SPINK1	FALSE	FALSE
SPOP	ENSG00000121067	HGNC:11254	SPOP	FALSE	TRUE
SPRED1	ENSG00000166068	HGNC:20249	SPRED1	FALSE	TRUE
SPRTN	ENSG00000010072	HGNC:25356	SPRTN	FALSE	TRUE
SPTA1	ENSG00000163554	HGNC:11272	SPTA1	FALSE	FALSE
SPTBN1	ENSG00000115306	HGNC:11275	SPTBN1	FALSE	FALSE
SQSTM1	ENSG00000161011	HGNC:11280	SQSTM1	TRUE	FALSE
SRC	ENSG00000197122	HGNC:11283	SRC	TRUE	FALSE
SRGAP3	ENSG00000196220	HGNC:19744	SRGAP3	FALSE	TRUE
SRSF2	ENSG00000161547	HGNC:10783	SRSF2	FALSE	FALSE
SRY	ENSG00000184895	HGNC:11311	SRY	NA	NA
SS18	ENSG00000141380	HGNC:11340	SS18	TRUE	FALSE
SS18L1	ENSG00000184402	HGNC:15592	SS18L1	FALSE	FALSE
SSBP2	ENSG00000145687	HGNC:15831	SSBP2	NA	NA
SSX1	ENSG00000126752	HGNC:11335	SSX1	TRUE	FALSE
SSX2	ENSG00000241476	HGNC:11336	SSX2	TRUE	FALSE
SSX4	ENSG00000268009	HGNC:11338	SSX4	TRUE	FALSE
STAG1	ENSG00000118007	HGNC:11354	STAG1	FALSE	TRUE
STAG2	ENSG00000101972	HGNC:11355	STAG2	FALSE	TRUE
STAT1	ENSG00000115415	HGNC:11362	STAT1	FALSE	FALSE
STAT3	ENSG00000168610	HGNC:11364	STAT3	TRUE	FALSE
STAT4	ENSG00000138378	HGNC:11365	STAT4	TRUE	FALSE
STAT5A	ENSG00000126561	HGNC:11366	STAT5A	TRUE	FALSE
STAT5B	ENSG00000173757	HGNC:11367	STAT5B	TRUE	FALSE
STAT6	ENSG00000166888	HGNC:11368	STAT6	TRUE	FALSE
STIL	ENSG00000123473	HGNC:10879	STIL	TRUE	FALSE
STK11	ENSG00000118046	HGNC:11389	STK11	FALSE	TRUE
STK40	ENSG00000196182	HGNC:21373	STK40	FALSE	FALSE
STRN	ENSG00000115808	HGNC:11424	STRN	FALSE	FALSE
SUFU	ENSG00000107882	HGNC:16466	SUFU	FALSE	TRUE
SUZ12	ENSG00000178691	HGNC:17101	SUZ12	FALSE	TRUE
SYK	ENSG00000165025	HGNC:11491	SYK	TRUE	FALSE
TACC1	ENSG00000147526	HGNC:11522	TACC1	FALSE	FALSE
TAF1	ENSG00000147133	HGNC:11535	TAF1	TRUE	FALSE
TAF15	ENSG00000270647	HGNC:11547	TAF15	TRUE	FALSE
TAL1	ENSG00000162367	HGNC:11556	TAL1	TRUE	FALSE
TAL2	ENSG00000186051	HGNC:11557	TAL2	TRUE	FALSE
TAP2	ENSG00000204267	HGNC:44	TAP2	FALSE	FALSE
TBL1XR1	ENSG00000177565	HGNC:29529	TBL1XR1	TRUE	FALSE
TBX3	ENSG00000135111	HGNC:11602	TBX3	FALSE	TRUE
TCEA1	ENSG00000187735	HGNC:11612	TCEA1	FALSE	FALSE
TCF12	ENSG00000140262	HGNC:11623	TCF12	FALSE	FALSE
TCF3	ENSG00000071564	HGNC:11633	TCF3	FALSE	TRUE
TCF7L2	ENSG00000148737	HGNC:11641	TCF7L2	FALSE	TRUE
TCL1A	ENSG00000100721	HGNC:11648	TCL1A	TRUE	FALSE
TCL1B	ENSG00000213231	HGNC:11649	TCL1B	TRUE	FALSE
TENT5C	ENSG00000183508	HGNC:24712	TENT5C	FALSE	TRUE
TERC	ENSG00000270141	HGNC:11727	TERC	NA	NA
TERT	ENSG00000164362	HGNC:11730	TERT	TRUE	FALSE
TET1	ENSG00000138336	HGNC:29484	TET1	FALSE	TRUE
TET2	ENSG00000168769	HGNC:25941	TET2	FALSE	TRUE
TFAP2A	ENSG00000137203	HGNC:11742	TFAP2A	FALSE	TRUE
TFE3	ENSG00000068323	HGNC:11752	TFE3	TRUE	FALSE
TFEB	ENSG00000112561	HGNC:11753	TFEB	TRUE	FALSE
TFG	ENSG00000114354	HGNC:11758	TFG	TRUE	FALSE
TFRC	ENSG00000072274	HGNC:11763	TFRC	FALSE	FALSE
TGFBR1	ENSG00000106799	HGNC:11772	TGFBR1	FALSE	TRUE
TGFBR2	ENSG00000163513	HGNC:11773	TGFBR2	FALSE	TRUE
THRAP3	ENSG00000054118	HGNC:22964	THRAP3	FALSE	FALSE
TLX1	ENSG00000107807	HGNC:5056	TLX1	TRUE	FALSE
TLX3	ENSG00000164438	HGNC:13532	TLX3	TRUE	FALSE
TMEM127	ENSG00000135956	HGNC:26038	TMEM127	FALSE	TRUE
TMPRSS2	ENSG00000184012	HGNC:11876	TMPRSS2	FALSE	FALSE
TNFAIP3	ENSG00000118503	HGNC:11896	TNFAIP3	FALSE	TRUE
TNFRSF11A	ENSG00000141655	HGNC:11908	TNFRSF11A	NA	NA
TNFRSF14	ENSG00000157873	HGNC:11912	TNFRSF14	FALSE	TRUE
TNKS2	ENSG00000107854	HGNC:15677	TNKS2	NA	NA
TOP1	ENSG00000198900	HGNC:11986	TOP1	TRUE	FALSE
TOP2A	ENSG00000131747	HGNC:11989	TOP2A	TRUE	FALSE
TP53	ENSG00000141510	HGNC:11998	TP53	FALSE	TRUE
TP53BP1	ENSG00000067369	HGNC:11999	TP53BP1	FALSE	TRUE
TP63	ENSG00000073282	HGNC:15979	TP63	TRUE	TRUE
TPM3	ENSG00000143549	HGNC:12012	TPM3	FALSE	TRUE
TPM4	ENSG00000167460	HGNC:12013	TPM4	FALSE	FALSE
TPR	ENSG00000047410	HGNC:12017	TPR	FALSE	FALSE
TRAF2	ENSG00000127191	HGNC:12032	TRAF2	FALSE	FALSE
TRAF3	ENSG00000131323	HGNC:12033	TRAF3	FALSE	TRUE
TRAF7	ENSG00000131653	HGNC:20456	TRAF7	FALSE	FALSE
TRIM24	ENSG00000122779	HGNC:11812	TRIM24	TRUE	TRUE
TRIM27	ENSG00000204713	HGNC:9975	TRIM27	TRUE	FALSE
TRIM33	ENSG00000197323	HGNC:16290	TRIM33	FALSE	TRUE
TRIM37	ENSG00000108395	HGNC:7523	TRIM37	TRUE	FALSE
TRIP13	ENSG00000071539	HGNC:12307	TRIP13	TRUE	TRUE
TSC1	ENSG00000165699	HGNC:12362	TSC1	FALSE	TRUE
TSC2	ENSG00000103197	HGNC:12363	TSC2	FALSE	TRUE
TSHR	ENSG00000165409	HGNC:12373	TSHR	TRUE	FALSE
TSLP	ENSG00000145777	HGNC:30743	TSLP	NA	NA
TYK2	ENSG00000105397	HGNC:12440	TYK2	TRUE	FALSE
U2AF1	ENSG00000160201	HGNC:12453	U2AF1	TRUE	FALSE
U2AF2	ENSG00000063244	HGNC:23156	U2AF2	FALSE	FALSE
UBE2T	ENSG00000077152	HGNC:25009	UBE2T	TRUE	FALSE
UBTF	ENSG00000108312	HGNC:12511	UBTF	NA	NA
USP2	ENSG00000036672	HGNC:12618	USP2	FALSE	FALSE
USP6	ENSG00000129204	HGNC:12629	USP6	TRUE	FALSE
USP9X	ENSG00000124486	HGNC:12632	USP9X	FALSE	TRUE
VDR	ENSG00000111424	HGNC:12679	VDR	TRUE	FALSE
VEGFA	ENSG00000112715	HGNC:12680	VEGFA	TRUE	FALSE
VHL	ENSG00000134086	HGNC:12687	VHL	FALSE	TRUE
VTCN1	ENSG00000134258	HGNC:28873	VTCN1	FALSE	FALSE
VTI1A	ENSG00000151532	HGNC:17792	VTI1A	FALSE	FALSE
VTRNA2-1	ENSG00000270123	HGNC:37054	VTRNA2-1	NA	NA
WAS	ENSG00000015285	HGNC:12731	WAS	TRUE	FALSE
WDR48	ENSG00000114742	HGNC:30914	WDR48	NA	NA
WIF1	ENSG00000156076	HGNC:18081	WIF1	FALSE	TRUE
WRN	ENSG00000165392	HGNC:12791	WRN	FALSE	TRUE
WT1	ENSG00000184937	HGNC:12796	WT1	TRUE	TRUE
WWTR1	ENSG00000018408	HGNC:24042	WWTR1	TRUE	FALSE
XIAP	ENSG00000101966	HGNC:592	XIAP	TRUE	FALSE
XPA	ENSG00000136936	HGNC:12814	XPA	FALSE	TRUE
XPC	ENSG00000154767	HGNC:12816	XPC	FALSE	TRUE
XPO1	ENSG00000082898	HGNC:12825	XPO1	TRUE	FALSE
XRCC2	ENSG00000196584	HGNC:12829	XRCC2	FALSE	TRUE
XRCC3	ENSG00000126215	HGNC:12830	XRCC3	FALSE	FALSE
YAP1	ENSG00000137693	HGNC:16262	YAP1	TRUE	FALSE
YES1	ENSG00000176105	HGNC:12841	YES1	TRUE	FALSE
YWHAE	ENSG00000108953	HGNC:12851	YWHAE	FALSE	TRUE
YY1	ENSG00000100811	HGNC:12856	YY1	TRUE	FALSE
ZBTB16	ENSG00000109906	HGNC:12930	ZBTB16	TRUE	TRUE
ZBTB2	ENSG00000181472	HGNC:20868	ZBTB2	NA	NA
ZBTB7A	ENSG00000178951	HGNC:18078	ZBTB7A	TRUE	TRUE
ZCCHC7	ENSG00000147905	HGNC:26209	ZCCHC7	NA	NA
ZCCHC8	ENSG00000033030	HGNC:25265	ZCCHC8	FALSE	FALSE
ZEB1	ENSG00000148516	HGNC:11642	ZEB1	TRUE	TRUE
ZFHX3	ENSG00000140836	HGNC:777	ZFHX3	FALSE	TRUE
ZFP36L1	ENSG00000185650	HGNC:1107	ZFP36L1	FALSE	TRUE
ZFP36L2	ENSG00000152518	HGNC:1108	ZFP36L2	FALSE	TRUE
ZFYVE19	ENSG00000166140	HGNC:20758	ZFYVE19	NA	NA
ZMYM2	ENSG00000121741	HGNC:12989	ZMYM2	FALSE	FALSE
ZNF217	ENSG00000171940	HGNC:13009	ZNF217	TRUE	FALSE
ZNF384	ENSG00000126746	HGNC:11955	ZNF384	FALSE	FALSE
ZNF703	ENSG00000183779	HGNC:25883	ZNF703	TRUE	FALSE
ZNF750	ENSG00000141579	HGNC:25843	ZNF750	FALSE	TRUE
ZNRF3	ENSG00000183579	HGNC:18126	ZNRF3	FALSE	TRUE
ZRSR2	ENSG00000169249	HGNC:23019	ZRSR2	FALSE	FALSE
NA	NA	HGNC:12027	TRA	TRUE	FALSE
NA	NA	HGNC:12155	TRB	TRUE	FALSE
NA	NA	HGNC:5477	IGH	FALSE	FALSE
NA	NA	HGNC:5715	IGK	FALSE	FALSE
NA	NA	HGNC:5853	IGL	FALSE	FALSE
