HugoSymbol	RoleInCancer	Kinase_PPtase	TF	Location	oncogene	tsgene	hgnc_id
A1CF	Oncogenes	Other	Other	Other	TRUE	FALSE	HGNC:24086
ABI1	TSGs	Other	Other	Other	FALSE	TRUE	HGNC:11320
ABL1	Oncogenes	Kinases	Other	Other	TRUE	FALSE	HGNC:76
ABL2	Oncogenes	Kinases	Other	Other	TRUE	FALSE	HGNC:77
ACKR3	Oncogenes	Other	Other	Receptors	TRUE	FALSE	HGNC:23692
ACSL3	Other	Other	Other	Other	FALSE	FALSE	HGNC:3570
ACSL6	Other	Other	Other	Other	FALSE	FALSE	HGNC:16496
ACVR1	Oncogenes	Kinases	Other	Receptors	TRUE	FALSE	HGNC:171
ACVR2A	TSGs	Kinases	Other	Other	FALSE	TRUE	HGNC:173
AFDN	Oncogenes	Other	Other	Other	TRUE	FALSE	HGNC:7137
AFF1	Oncogenes	Other	Other	Other	TRUE	FALSE	HGNC:7135
AFF3	Oncogenes	Other	Other	Other	TRUE	FALSE	HGNC:6473
AFF4	Oncogenes	Other	Other	Other	TRUE	FALSE	HGNC:17869
AKAP9	Oncogenes	Other	Other	Other	TRUE	FALSE	HGNC:379
AKT1	Oncogenes	Kinases	Other	Other	TRUE	FALSE	HGNC:391
AKT2	Oncogenes	Kinases	Other	Other	TRUE	FALSE	HGNC:392
AKT3	Oncogenes	Kinases	Other	Other	TRUE	FALSE	HGNC:393
ALDH2	Other	Other	Other	Other	FALSE	FALSE	HGNC:404
ALK	Oncogenes	Kinases	Other	Receptors	TRUE	FALSE	HGNC:427
AMER1	TSGs	Other	Other	Other	FALSE	TRUE	HGNC:26837
ANK1	Other	Other	Other	Other	FALSE	FALSE	HGNC:492
APC	TSGs	Other	Other	Other	FALSE	TRUE	HGNC:583
APOBEC3B	Oncogenes	Other	Other	Other	TRUE	FALSE	HGNC:17352
APOBEC3B	TSGs	Other	Other	Other	FALSE	TRUE	HGNC:17352
AR	Oncogenes	Other	TFs	Other	TRUE	FALSE	HGNC:644
ARAF	Oncogenes	Kinases	Other	Other	TRUE	FALSE	HGNC:646
ARHGAP26	TSGs	Other	Other	Other	FALSE	TRUE	HGNC:17073
ARHGAP35	TSGs	Other	Other	Other	FALSE	TRUE	HGNC:4591
ARHGAP5	Oncogenes	Other	Other	Other	TRUE	FALSE	HGNC:675
ARHGEF10	TSGs	Other	Other	Other	FALSE	TRUE	HGNC:14103
ARHGEF10L	TSGs	Other	Other	Other	FALSE	TRUE	HGNC:25540
ARHGEF12	TSGs	Other	Other	Other	FALSE	TRUE	HGNC:14193
ARID1A	TSGs	Other	Other	Other	FALSE	TRUE	HGNC:11110
ARID1B	TSGs	Other	Other	Other	FALSE	TRUE	HGNC:18040
ARID2	TSGs	Other	Other	Other	FALSE	TRUE	HGNC:18037
ARNT	Oncogenes	Other	TFs	Other	TRUE	FALSE	HGNC:700
ARNT	TSGs	Other	TFs	Other	FALSE	TRUE	HGNC:700
ASPSCR1	Oncogenes	Other	Other	Other	TRUE	FALSE	HGNC:13825
ASXL1	TSGs	Other	TFs	Other	FALSE	TRUE	HGNC:18318
ASXL2	TSGs	Other	Other	Other	FALSE	TRUE	HGNC:23805
ATF1	Oncogenes	Other	TFs	Other	TRUE	FALSE	HGNC:783
ATIC	Other	Other	Other	Other	FALSE	FALSE	HGNC:794
ATM	TSGs	Kinases	Other	Other	FALSE	TRUE	HGNC:795
ATP1A1	Oncogenes	Other	Other	Other	TRUE	FALSE	HGNC:799
ATP1A1	TSGs	Other	Other	Other	FALSE	TRUE	HGNC:799
ATP2B3	TSGs	Other	Other	Other	FALSE	TRUE	HGNC:816
ATR	TSGs	Kinases	Other	Other	FALSE	TRUE	HGNC:882
ATRX	TSGs	Other	Other	Other	FALSE	TRUE	HGNC:886
AXIN1	TSGs	Other	Other	Other	FALSE	TRUE	HGNC:903
AXIN2	TSGs	Other	Other	Other	FALSE	TRUE	HGNC:904
B2M	TSGs	Other	Other	Other	FALSE	TRUE	HGNC:914
BAP1	TSGs	Other	Other	Other	FALSE	TRUE	HGNC:950
BARD1	Oncogenes	Other	Other	Other	TRUE	FALSE	HGNC:952
BARD1	TSGs	Other	Other	Other	FALSE	TRUE	HGNC:952
BAX	Oncogenes	Other	Other	Other	TRUE	FALSE	HGNC:959
BAX	TSGs	Other	Other	Other	FALSE	TRUE	HGNC:959
BAZ1A	TSGs	Other	Other	Other	FALSE	TRUE	HGNC:960
BCL10	TSGs	Other	Other	Other	FALSE	TRUE	HGNC:989
BCL11A	Oncogenes	Other	TFs	Other	TRUE	FALSE	HGNC:13221
BCL11B	Oncogenes	Other	TFs	Other	TRUE	FALSE	HGNC:13222
BCL11B	TSGs	Other	TFs	Other	FALSE	TRUE	HGNC:13222
BCL2	Oncogenes	Other	Other	Other	TRUE	FALSE	HGNC:990
BCL2	TSGs	Other	Other	Other	FALSE	TRUE	HGNC:990
BCL2L12	Oncogenes	Other	Other	Other	TRUE	FALSE	HGNC:13787
BCL3	Oncogenes	Other	TFs	Other	TRUE	FALSE	HGNC:998
BCL6	Oncogenes	Other	TFs	Other	TRUE	FALSE	HGNC:1001
BCL7A	Other	Other	Other	Other	FALSE	FALSE	HGNC:1004
BCL9	Oncogenes	Other	Other	Other	TRUE	FALSE	HGNC:1008
BCL9L	Oncogenes	Other	Other	Other	TRUE	FALSE	HGNC:23688
BCL9L	TSGs	Other	Other	Other	FALSE	TRUE	HGNC:23688
BCLAF1	Other	Other	Other	Other	FALSE	FALSE	HGNC:16863
BCOR	TSGs	Other	TFs	Other	FALSE	TRUE	HGNC:20893
BCORL1	Oncogenes	Other	Other	Other	TRUE	FALSE	HGNC:25657
BCORL1	TSGs	Other	Other	Other	FALSE	TRUE	HGNC:25657
BCR	Oncogenes	Kinases	Other	Other	TRUE	FALSE	HGNC:1014
BCR	TSGs	Kinases	Other	Other	FALSE	TRUE	HGNC:1014
BIRC3	Oncogenes	Other	Other	Other	TRUE	FALSE	HGNC:591
BIRC3	TSGs	Other	Other	Other	FALSE	TRUE	HGNC:591
BIRC6	Oncogenes	Other	Other	Other	TRUE	FALSE	HGNC:13516
BLM	TSGs	Other	Other	Other	FALSE	TRUE	HGNC:1058
BMP5	Other	Other	Other	Other	FALSE	FALSE	HGNC:1072
BMPR1A	Oncogenes	Kinases	Other	Other	TRUE	FALSE	HGNC:1076
BMPR1A	TSGs	Kinases	Other	Other	FALSE	TRUE	HGNC:1076
BRAF	Oncogenes	Kinases	Other	Other	TRUE	FALSE	HGNC:1097
BRCA1	TSGs	Other	Other	Other	FALSE	TRUE	HGNC:1100
BRCA2	TSGs	Other	Other	Other	FALSE	TRUE	HGNC:1101
BRD3	Oncogenes	Other	Other	Other	TRUE	FALSE	HGNC:1104
BRD4	Oncogenes	Kinases	TFs	Other	TRUE	FALSE	HGNC:13575
BRIP1	TSGs	Other	Other	Other	FALSE	TRUE	HGNC:20473
BTG1	Oncogenes	Other	Other	Other	TRUE	FALSE	HGNC:1130
BTG1	TSGs	Other	Other	Other	FALSE	TRUE	HGNC:1130
BTG2	TSGs	Other	Other	Other	FALSE	TRUE	HGNC:1131
BTK	Oncogenes	Kinases	Other	Other	TRUE	FALSE	HGNC:1133
BTK	TSGs	Kinases	Other	Other	FALSE	TRUE	HGNC:1133
BUB1B	TSGs	Kinases	Other	Other	FALSE	TRUE	HGNC:1149
C15orf65	Other	Other	Other	Other	FALSE	FALSE	HGNC:44654
CACNA1D	Oncogenes	Other	Other	Other	TRUE	FALSE	HGNC:1391
CALR	Oncogenes	Other	Other	Other	TRUE	FALSE	HGNC:1455
CAMTA1	TSGs	Other	Other	Other	FALSE	TRUE	HGNC:18806
CANT1	Other	Other	Other	Other	FALSE	FALSE	HGNC:19721
CARD11	Oncogenes	Other	Other	Other	TRUE	FALSE	HGNC:16393
CARS	TSGs	Other	Other	Other	FALSE	TRUE	HGNC:1493
CASP3	TSGs	Other	Other	Other	FALSE	TRUE	HGNC:1504
CASP8	TSGs	Other	Other	Other	FALSE	TRUE	HGNC:1509
CASP9	TSGs	Other	Other	Other	FALSE	TRUE	HGNC:1511
CBFA2T3	TSGs	Other	Other	Other	FALSE	TRUE	HGNC:1537
CBFB	Oncogenes	Other	Other	Other	TRUE	FALSE	HGNC:1539
CBFB	TSGs	Other	Other	Other	FALSE	TRUE	HGNC:1539
CBL	Oncogenes	Other	Other	Other	TRUE	FALSE	HGNC:1541
CBL	TSGs	Other	Other	Other	FALSE	TRUE	HGNC:1541
CBLB	Oncogenes	Other	Other	Other	TRUE	FALSE	HGNC:1542
CBLB	TSGs	Other	Other	Other	FALSE	TRUE	HGNC:1542
CBLC	Oncogenes	Other	Other	Other	TRUE	FALSE	HGNC:15961
CBLC	TSGs	Other	Other	Other	FALSE	TRUE	HGNC:15961
CCDC6	Oncogenes	Other	Other	Other	TRUE	FALSE	HGNC:18782
CCDC6	TSGs	Other	Other	Other	FALSE	TRUE	HGNC:18782
CCNB1IP1	TSGs	Other	Other	Other	FALSE	TRUE	HGNC:19437
CCNC	TSGs	Other	Other	Other	FALSE	TRUE	HGNC:1581
CCND1	Oncogenes	Other	TFs	Other	TRUE	FALSE	HGNC:1582
CCND1	TSGs	Other	TFs	Other	FALSE	TRUE	HGNC:1582
CCND2	Oncogenes	Other	Other	Other	TRUE	FALSE	HGNC:1583
CCND3	Oncogenes	Other	Other	Other	TRUE	FALSE	HGNC:1585
CCND3	TSGs	Other	Other	Other	FALSE	TRUE	HGNC:1585
CCNE1	Oncogenes	Other	Other	Other	TRUE	FALSE	HGNC:1589
CCNE1	TSGs	Other	Other	Other	FALSE	TRUE	HGNC:1589
CCR4	Oncogenes	Other	Other	Receptors	TRUE	FALSE	HGNC:1605
CCR7	Oncogenes	Other	Other	Receptors	TRUE	FALSE	HGNC:1608
CD209	Other	Other	Other	Other	FALSE	FALSE	HGNC:1641
CD274	TSGs	Other	Other	Other	FALSE	TRUE	HGNC:17635
CD28	Oncogenes	Other	Other	Receptors	TRUE	FALSE	HGNC:1653
CD74	Oncogenes	Other	Other	Receptors	TRUE	FALSE	HGNC:1697
CD79A	Oncogenes	Other	Other	Receptors	TRUE	FALSE	HGNC:1698
CD79B	Oncogenes	Other	Other	Receptors	TRUE	FALSE	HGNC:1699
CDC73	TSGs	Other	Other	Other	FALSE	TRUE	HGNC:16783
CDH1	Oncogenes	Other	Other	Other	TRUE	FALSE	HGNC:1748
CDH1	TSGs	Other	Other	Other	FALSE	TRUE	HGNC:1748
CDH10	TSGs	Other	Other	Other	FALSE	TRUE	HGNC:1749
CDH11	TSGs	Other	Other	Other	FALSE	TRUE	HGNC:1750
CDH17	Oncogenes	Other	Other	Other	TRUE	FALSE	HGNC:1756
CDH17	TSGs	Other	Other	Other	FALSE	TRUE	HGNC:1756
CDK12	TSGs	Kinases	Other	Other	FALSE	TRUE	HGNC:24224
CDK4	Oncogenes	Kinases	Other	Other	TRUE	FALSE	HGNC:1773
CDK6	Oncogenes	Kinases	Other	Other	TRUE	FALSE	HGNC:1777
CDK6	TSGs	Kinases	Other	Other	FALSE	TRUE	HGNC:1777
CDKN1A	Oncogenes	Other	Other	Other	TRUE	FALSE	HGNC:1784
CDKN1A	TSGs	Other	Other	Other	FALSE	TRUE	HGNC:1784
CDKN1B	Oncogenes	Other	Other	Other	TRUE	FALSE	HGNC:1785
CDKN1B	TSGs	Other	Other	Other	FALSE	TRUE	HGNC:1785
CDKN2A	TSGs	Other	Other	Other	FALSE	TRUE	HGNC:1787
CDKN2C	TSGs	Other	Other	Other	FALSE	TRUE	HGNC:1789
CDX2	Oncogenes	Other	TFs	Other	TRUE	FALSE	HGNC:1806
CDX2	TSGs	Other	TFs	Other	FALSE	TRUE	HGNC:1806
CEBPA	TSGs	Other	TFs	Other	FALSE	TRUE	HGNC:1833
CEP89	Other	Other	Other	Other	FALSE	FALSE	HGNC:25907
CHCHD7	Other	Other	Other	Other	FALSE	FALSE	HGNC:28314
CHD2	TSGs	Other	TFs	Other	FALSE	TRUE	HGNC:1917
CHD4	Oncogenes	Other	Other	Other	TRUE	FALSE	HGNC:1919
CHEK2	TSGs	Kinases	Other	Other	FALSE	TRUE	HGNC:16627
CHIC2	Other	Other	Other	Other	FALSE	FALSE	HGNC:1935
CHST11	Oncogenes	Other	Other	Other	TRUE	FALSE	HGNC:17422
CIC	Oncogenes	Other	Other	Other	TRUE	FALSE	HGNC:14214
CIC	TSGs	Other	Other	Other	FALSE	TRUE	HGNC:14214
CIITA	TSGs	Other	TFs	Other	FALSE	TRUE	HGNC:7067
CLIP1	Other	Other	Other	Other	FALSE	FALSE	HGNC:10461
CLP1	Other	Other	Other	Other	FALSE	FALSE	HGNC:16999
CLTC	TSGs	Other	Other	Other	FALSE	TRUE	HGNC:2092
CLTCL1	TSGs	Other	Other	Other	FALSE	TRUE	HGNC:2093
CNBD1	Other	Other	Other	Other	FALSE	FALSE	HGNC:26663
CNBP	TSGs	Other	Other	Other	FALSE	TRUE	HGNC:13164
CNOT3	TSGs	Other	TFs	Other	FALSE	TRUE	HGNC:7879
CNTNAP2	TSGs	Other	Other	Other	FALSE	TRUE	HGNC:13830
CNTRL	Other	Other	Other	Other	FALSE	FALSE	HGNC:1858
COL1A1	Other	Other	Other	Other	FALSE	FALSE	HGNC:2197
COL2A1	Other	Other	Other	Other	FALSE	FALSE	HGNC:2200
COL3A1	Other	Other	Other	Other	FALSE	FALSE	HGNC:2201
COX6C	Other	Other	Other	Other	FALSE	FALSE	HGNC:2285
CPEB3	TSGs	Other	Other	Other	FALSE	TRUE	HGNC:21746
CREB1	Oncogenes	Other	TFs	Other	TRUE	FALSE	HGNC:2345
CREB3L1	TSGs	Other	TFs	Other	FALSE	TRUE	HGNC:18856
CREB3L2	Oncogenes	Other	TFs	Other	TRUE	FALSE	HGNC:23720
CREBBP	Oncogenes	Other	Other	Other	TRUE	FALSE	HGNC:2348
CREBBP	TSGs	Other	Other	Other	FALSE	TRUE	HGNC:2348
CRLF2	Oncogenes	Other	Other	Receptors	TRUE	FALSE	HGNC:14281
CRNKL1	Other	Other	Other	Other	FALSE	FALSE	HGNC:15762
CRTC1	Oncogenes	Other	Other	Other	TRUE	FALSE	HGNC:16062
CRTC3	Other	Other	Other	Other	FALSE	FALSE	HGNC:26148
CSF1R	Oncogenes	Kinases	Other	Receptors	TRUE	FALSE	HGNC:2433
CSF3R	Oncogenes	Other	Other	Receptors	TRUE	FALSE	HGNC:2439
CSMD3	TSGs	Other	Other	Other	FALSE	TRUE	HGNC:19291
CTCF	TSGs	Other	TFs	Other	FALSE	TRUE	HGNC:13723
CTNNA2	Oncogenes	Other	Other	Other	TRUE	FALSE	HGNC:2510
CTNNA2	TSGs	Other	Other	Other	FALSE	TRUE	HGNC:2510
CTNNB1	Oncogenes	Other	TFs	Other	TRUE	FALSE	HGNC:2514
CTNND1	TSGs	Other	Other	Other	FALSE	TRUE	HGNC:2515
CTNND2	Oncogenes	Other	Other	Other	TRUE	FALSE	HGNC:2516
CUL3	TSGs	Other	Other	Other	FALSE	TRUE	HGNC:2553
CUX1	Oncogenes	Other	TFs	Other	TRUE	FALSE	HGNC:2557
CUX1	TSGs	Other	TFs	Other	FALSE	TRUE	HGNC:2557
CXCR4	Oncogenes	Other	Other	Receptors	TRUE	FALSE	HGNC:2561
CYLD	TSGs	Other	Other	Other	FALSE	TRUE	HGNC:2584
CYP2C8	Other	Other	Other	Other	FALSE	FALSE	HGNC:2622
CYSLTR2	Oncogenes	Other	Other	Other	TRUE	FALSE	HGNC:18274
DAXX	Oncogenes	Other	Other	Other	TRUE	FALSE	HGNC:2681
DAXX	TSGs	Other	Other	Other	FALSE	TRUE	HGNC:2681
DCAF12L2	Other	Other	Other	Other	FALSE	FALSE	HGNC:32950
DCC	TSGs	Other	Other	Receptors	FALSE	TRUE	HGNC:2701
DCTN1	Other	Other	Other	Other	FALSE	FALSE	HGNC:2711
DDB2	Oncogenes	Other	Other	Other	TRUE	FALSE	HGNC:2718
DDB2	TSGs	Other	Other	Other	FALSE	TRUE	HGNC:2718
DDIT3	Oncogenes	Other	TFs	Other	TRUE	FALSE	HGNC:2726
DDR2	Oncogenes	Kinases	Other	Receptors	TRUE	FALSE	HGNC:2731
DDR2	TSGs	Kinases	Other	Receptors	FALSE	TRUE	HGNC:2731
DDX10	TSGs	Other	Other	Other	FALSE	TRUE	HGNC:2735
DDX3X	TSGs	Other	Other	Other	FALSE	TRUE	HGNC:2745
DDX5	Oncogenes	Other	Other	Other	TRUE	FALSE	HGNC:2746
DDX5	TSGs	Other	Other	Other	FALSE	TRUE	HGNC:2746
DDX6	Oncogenes	Other	Other	Other	TRUE	FALSE	HGNC:2747
DEK	Oncogenes	Other	Other	Other	TRUE	FALSE	HGNC:2768
DGCR8	Oncogenes	Other	Other	Other	TRUE	FALSE	HGNC:2847
DICER1	TSGs	Other	Other	Other	FALSE	TRUE	HGNC:17098
DNAJB1	TSGs	Other	Other	Other	FALSE	TRUE	HGNC:5270
DNM2	TSGs	Other	Other	Other	FALSE	TRUE	HGNC:2974
DNMT3A	TSGs	Other	Other	Other	FALSE	TRUE	HGNC:2978
DROSHA	TSGs	Other	TFs	Other	FALSE	TRUE	HGNC:17904
DUX4L1	Other	Other	Other	Other	FALSE	FALSE	HGNC:3082
EBF1	TSGs	Other	TFs	Other	FALSE	TRUE	HGNC:3126
ECT2L	Other	Other	Other	Other	FALSE	FALSE	HGNC:21118
EED	TSGs	Other	TFs	Other	FALSE	TRUE	HGNC:3188
EGFR	Oncogenes	Kinases	Other	Receptors	TRUE	FALSE	HGNC:3236
EIF1AX	Other	Other	Other	Other	FALSE	FALSE	HGNC:3250
EIF3E	Oncogenes	Other	Other	Other	TRUE	FALSE	HGNC:3277
EIF3E	TSGs	Other	Other	Other	FALSE	TRUE	HGNC:3277
EIF4A2	Other	Other	Other	Other	FALSE	FALSE	HGNC:3284
ELF3	TSGs	Other	TFs	Other	FALSE	TRUE	HGNC:3318
ELF4	Oncogenes	Other	TFs	Other	TRUE	FALSE	HGNC:3319
ELF4	TSGs	Other	TFs	Other	FALSE	TRUE	HGNC:3319
ELK4	Oncogenes	Other	TFs	Other	TRUE	FALSE	HGNC:3326
ELL	Oncogenes	Other	Other	Other	TRUE	FALSE	HGNC:23114
ELL	TSGs	Other	Other	Other	FALSE	TRUE	HGNC:23114
ELN	Other	Other	Other	Other	FALSE	FALSE	HGNC:3327
EML4	Oncogenes	Other	Other	Other	TRUE	FALSE	HGNC:1316
EP300	TSGs	Other	TFs	Other	FALSE	TRUE	HGNC:3373
EPAS1	Oncogenes	Other	Other	Other	TRUE	FALSE	HGNC:3374
EPAS1	TSGs	Other	Other	Other	FALSE	TRUE	HGNC:3374
EPHA3	TSGs	Kinases	Other	Receptors	FALSE	TRUE	HGNC:3387
EPHA7	Other	Other	Other	Receptors	FALSE	FALSE	HGNC:3390
EPS15	Oncogenes	Other	Other	Other	TRUE	FALSE	HGNC:3419
EPS15	TSGs	Other	Other	Other	FALSE	TRUE	HGNC:3419
ERBB2	Oncogenes	Kinases	Other	Receptors	TRUE	FALSE	HGNC:3430
ERBB3	Oncogenes	Kinases	Other	Receptors	TRUE	FALSE	HGNC:3431
ERBB4	Oncogenes	Kinases	Other	Receptors	TRUE	FALSE	HGNC:3432
ERBB4	TSGs	Kinases	Other	Receptors	FALSE	TRUE	HGNC:3432
ERC1	Other	Other	Other	Other	FALSE	FALSE	HGNC:17072
ERCC2	TSGs	Other	Other	Other	FALSE	TRUE	HGNC:3434
ERCC3	TSGs	Other	Other	Other	FALSE	TRUE	HGNC:3435
ERCC4	TSGs	Other	Other	Other	FALSE	TRUE	HGNC:3436
ERCC5	TSGs	Other	Other	Other	FALSE	TRUE	HGNC:3437
ERG	Oncogenes	Other	TFs	Other	TRUE	FALSE	HGNC:3446
ESR1	Oncogenes	Other	TFs	Other	TRUE	FALSE	HGNC:3467
ESR1	TSGs	Other	TFs	Other	FALSE	TRUE	HGNC:3467
ETNK1	TSGs	Other	Other	Other	FALSE	TRUE	HGNC:24649
ETV1	Oncogenes	Other	TFs	Other	TRUE	FALSE	HGNC:3490
ETV4	Oncogenes	Other	TFs	Other	TRUE	FALSE	HGNC:3493
ETV5	Oncogenes	Other	Other	Other	TRUE	FALSE	HGNC:3494
ETV6	Oncogenes	Other	TFs	Other	TRUE	FALSE	HGNC:3495
ETV6	TSGs	Other	TFs	Other	FALSE	TRUE	HGNC:3495
EWSR1	Oncogenes	Other	Other	Other	TRUE	FALSE	HGNC:3508
EXT1	TSGs	Other	Other	Other	FALSE	TRUE	HGNC:3512
EXT2	TSGs	Other	Other	Other	FALSE	TRUE	HGNC:3513
EZH2	Oncogenes	Other	TFs	Other	TRUE	FALSE	HGNC:3527
EZH2	TSGs	Other	TFs	Other	FALSE	TRUE	HGNC:3527
EZR	Other	Other	Other	Other	FALSE	FALSE	HGNC:12691
FAM131B	Other	Other	Other	Other	FALSE	FALSE	HGNC:22202
FAM135B	Other	Other	Other	Other	FALSE	FALSE	HGNC:28029
FAM47C	Other	Other	Other	Other	FALSE	FALSE	HGNC:25301
FANCA	TSGs	Other	Other	Other	FALSE	TRUE	HGNC:3582
FANCC	TSGs	Other	Other	Other	FALSE	TRUE	HGNC:3584
FANCD2	TSGs	Other	Other	Other	FALSE	TRUE	HGNC:3585
FANCE	TSGs	Other	Other	Other	FALSE	TRUE	HGNC:3586
FANCF	TSGs	Other	Other	Other	FALSE	TRUE	HGNC:3587
FANCG	TSGs	Other	Other	Other	FALSE	TRUE	HGNC:3588
FAS	TSGs	Other	Other	Other	FALSE	TRUE	HGNC:11920
FAT1	TSGs	Other	Other	Receptors	FALSE	TRUE	HGNC:3595
FAT3	TSGs	Other	Other	Receptors	FALSE	TRUE	HGNC:23112
FAT4	TSGs	Other	Other	Receptors	FALSE	TRUE	HGNC:23109
FBLN2	TSGs	Other	Other	Other	FALSE	TRUE	HGNC:3601
FBXO11	TSGs	Other	Other	Other	FALSE	TRUE	HGNC:13590
FBXW7	TSGs	Other	Other	Other	FALSE	TRUE	HGNC:16712
FCGR2B	Oncogenes	Other	Other	Other	TRUE	FALSE	HGNC:3618
FCRL4	Oncogenes	Other	Other	Receptors	TRUE	FALSE	HGNC:18507
FEN1	TSGs	Other	Other	Other	FALSE	TRUE	HGNC:3650
FES	Oncogenes	Kinases	Other	Other	TRUE	FALSE	HGNC:3657
FES	TSGs	Kinases	Other	Other	FALSE	TRUE	HGNC:3657
FEV	Oncogenes	Other	TFs	Other	TRUE	FALSE	HGNC:18562
FGFR1	Oncogenes	Kinases	Other	Receptors	TRUE	FALSE	HGNC:3688
FGFR1OP	Oncogenes	Other	Other	Other	TRUE	FALSE	HGNC:17012
FGFR2	Oncogenes	Kinases	Other	Receptors	TRUE	FALSE	HGNC:3689
FGFR3	Oncogenes	Kinases	Other	Receptors	TRUE	FALSE	HGNC:3690
FGFR4	Oncogenes	Kinases	Other	Receptors	TRUE	FALSE	HGNC:3691
FH	TSGs	Other	Other	Other	FALSE	TRUE	HGNC:3700
FHIT	TSGs	Other	Other	Other	FALSE	TRUE	HGNC:3701
FIP1L1	Oncogenes	Other	Other	Other	TRUE	FALSE	HGNC:19124
FKBP9	Other	Other	Other	Other	FALSE	FALSE	HGNC:3725
FLCN	TSGs	Other	Other	Other	FALSE	TRUE	HGNC:27310
FLI1	Oncogenes	Other	TFs	Other	TRUE	FALSE	HGNC:3749
FLNA	TSGs	Other	Other	Other	FALSE	TRUE	HGNC:3754
FLT3	Oncogenes	Kinases	Other	Receptors	TRUE	FALSE	HGNC:3765
FLT3	TSGs	Kinases	Other	Receptors	FALSE	TRUE	HGNC:3765
FLT4	Oncogenes	Kinases	Other	Other	TRUE	FALSE	HGNC:3767
FNBP1	Other	Other	Other	Other	FALSE	FALSE	HGNC:17069
FOXA1	Oncogenes	Other	TFs	Other	TRUE	FALSE	HGNC:5021
FOXA1	TSGs	Other	TFs	Other	FALSE	TRUE	HGNC:5021
FOXL2	Oncogenes	Other	TFs	Other	TRUE	FALSE	HGNC:1092
FOXL2	TSGs	Other	TFs	Other	FALSE	TRUE	HGNC:1092
FOXO1	Oncogenes	Other	TFs	Other	TRUE	FALSE	HGNC:3819
FOXO1	TSGs	Other	TFs	Other	FALSE	TRUE	HGNC:3819
FOXO3	Oncogenes	Other	TFs	Other	TRUE	FALSE	HGNC:3821
FOXO3	TSGs	Other	TFs	Other	FALSE	TRUE	HGNC:3821
FOXO4	Oncogenes	Other	TFs	Other	TRUE	FALSE	HGNC:7139
FOXO4	TSGs	Other	TFs	Other	FALSE	TRUE	HGNC:7139
FOXP1	Oncogenes	Other	TFs	Other	TRUE	FALSE	HGNC:3823
FOXP1	TSGs	Other	TFs	Other	FALSE	TRUE	HGNC:3823
FOXR1	Oncogenes	Other	TFs	Other	TRUE	FALSE	HGNC:29980
FSTL3	Oncogenes	Other	Other	Other	TRUE	FALSE	HGNC:3973
FUBP1	Oncogenes	Other	Other	Other	TRUE	FALSE	HGNC:4004
FUS	Oncogenes	Other	TFs	Other	TRUE	FALSE	HGNC:4010
FUS	TSGs	Other	TFs	Other	FALSE	TRUE	HGNC:4010
GAS7	Oncogenes	Other	Other	Other	TRUE	FALSE	HGNC:4169
GATA1	Oncogenes	Other	TFs	Other	TRUE	FALSE	HGNC:4170
GATA1	TSGs	Other	TFs	Other	FALSE	TRUE	HGNC:4170
GATA2	Oncogenes	Other	TFs	Other	TRUE	FALSE	HGNC:4171
GATA3	Oncogenes	Other	TFs	Other	TRUE	FALSE	HGNC:4172
GATA3	TSGs	Other	TFs	Other	FALSE	TRUE	HGNC:4172
GLI1	Oncogenes	Other	TFs	Other	TRUE	FALSE	HGNC:4317
GLI1	TSGs	Other	TFs	Other	FALSE	TRUE	HGNC:4317
GMPS	Other	Other	Other	Other	FALSE	FALSE	HGNC:4378
GNA11	Oncogenes	Other	Other	Other	TRUE	FALSE	HGNC:4379
GNAQ	Oncogenes	Other	Other	Other	TRUE	FALSE	HGNC:4390
GNAS	Oncogenes	Other	Other	Other	TRUE	FALSE	HGNC:4392
GOLGA5	Other	Other	Other	Other	FALSE	FALSE	HGNC:4428
GOPC	Oncogenes	Other	Other	Other	TRUE	FALSE	HGNC:17643
GPC3	Oncogenes	Other	Other	Receptors	TRUE	FALSE	HGNC:4451
GPC3	TSGs	Other	Other	Receptors	FALSE	TRUE	HGNC:4451
GPC5	TSGs	Other	Other	Receptors	FALSE	TRUE	HGNC:4453
GPHN	Other	Other	Other	Other	FALSE	FALSE	HGNC:15465
GRIN2A	TSGs	Other	Other	Other	FALSE	TRUE	HGNC:4585
GRM3	Oncogenes	Other	Other	Receptors	TRUE	FALSE	HGNC:4595
H3F3A	Oncogenes	Other	Other	Other	TRUE	FALSE	HGNC:4764
H3F3B	Oncogenes	Other	Other	Other	TRUE	FALSE	HGNC:4765
HERPUD1	Other	Other	Other	Other	FALSE	FALSE	HGNC:13744
HEY1	Oncogenes	Other	TFs	Other	TRUE	FALSE	HGNC:4880
HIF1A	Oncogenes	Other	TFs	Other	TRUE	FALSE	HGNC:4910
HIF1A	TSGs	Other	TFs	Other	FALSE	TRUE	HGNC:4910
HIP1	Oncogenes	Other	Other	Other	TRUE	FALSE	HGNC:4913
HIST1H3B	Oncogenes	Other	Other	Other	TRUE	FALSE	HGNC:4776
HIST1H4I	Other	Other	Other	Other	FALSE	FALSE	HGNC:4793
HLF	Oncogenes	Other	TFs	Other	TRUE	FALSE	HGNC:4977
HMGA1	Oncogenes	Other	Other	Other	TRUE	FALSE	HGNC:5010
HMGA2	Oncogenes	Other	Other	Other	TRUE	FALSE	HGNC:5009
HMGN2P46	Other	Other	Other	Other	FALSE	FALSE	HGNC:26817
HNF1A	TSGs	Other	Other	Other	FALSE	TRUE	HGNC:11621
HNRNPA2B1	Oncogenes	Other	Other	Other	TRUE	FALSE	HGNC:5033
HOOK3	Other	Other	Other	Other	FALSE	FALSE	HGNC:23576
HOXA11	Oncogenes	Other	TFs	Other	TRUE	FALSE	HGNC:5101
HOXA11	TSGs	Other	TFs	Other	FALSE	TRUE	HGNC:5101
HOXA13	Oncogenes	Other	TFs	Other	TRUE	FALSE	HGNC:5102
HOXA9	Oncogenes	Other	TFs	Other	TRUE	FALSE	HGNC:5109
HOXA9	TSGs	Other	TFs	Other	FALSE	TRUE	HGNC:5109
HOXC11	Oncogenes	Other	TFs	Other	TRUE	FALSE	HGNC:5123
HOXC13	Oncogenes	Other	TFs	Other	TRUE	FALSE	HGNC:5125
HOXD11	Oncogenes	Other	TFs	Other	TRUE	FALSE	HGNC:5134
HOXD13	Oncogenes	Other	TFs	Other	TRUE	FALSE	HGNC:5136
HRAS	Oncogenes	Other	Other	Other	TRUE	FALSE	HGNC:5173
HSP90AA1	Other	Other	Other	Other	FALSE	FALSE	HGNC:5253
HSP90AB1	Other	Other	Other	Other	FALSE	FALSE	HGNC:5258
ID3	TSGs	Other	Other	Other	FALSE	TRUE	HGNC:5362
IDH1	Oncogenes	Other	Other	Other	TRUE	FALSE	HGNC:5382
IDH1	TSGs	Other	Other	Other	FALSE	TRUE	HGNC:5382
IDH2	Oncogenes	Other	Other	Other	TRUE	FALSE	HGNC:5383
IGF2BP2	TSGs	Other	Other	Other	FALSE	TRUE	HGNC:28867
IGH	Other	Other	Other	Other	FALSE	FALSE	HGNC:5477
IGK	Other	Other	Other	Other	FALSE	FALSE	HGNC:5715
IGL	Other	Other	Other	Other	FALSE	FALSE	HGNC:5853
IKBKB	Oncogenes	Kinases	Other	Other	TRUE	FALSE	HGNC:5960
IKZF1	Oncogenes	Other	TFs	Other	TRUE	FALSE	HGNC:13176
IKZF1	TSGs	Other	TFs	Other	FALSE	TRUE	HGNC:13176
IKZF3	Oncogenes	Other	TFs	Other	TRUE	FALSE	HGNC:13178
IKZF3	TSGs	Other	TFs	Other	FALSE	TRUE	HGNC:13178
IL2	Oncogenes	Other	Other	Other	TRUE	FALSE	HGNC:6001
IL21R	Other	Other	Other	Receptors	FALSE	FALSE	HGNC:6006
IL6ST	Oncogenes	Other	Other	Other	TRUE	FALSE	HGNC:6021
IL7R	Oncogenes	Other	Other	Other	TRUE	FALSE	HGNC:6024
IRF4	Oncogenes	Other	TFs	Other	TRUE	FALSE	HGNC:6119
IRF4	TSGs	Other	TFs	Other	FALSE	TRUE	HGNC:6119
IRS4	Oncogenes	Other	Other	Other	TRUE	FALSE	HGNC:6128
IRS4	TSGs	Other	Other	Other	FALSE	TRUE	HGNC:6128
ISX	Other	Other	TFs	Other	FALSE	FALSE	HGNC:28084
ITGAV	TSGs	Other	Other	Receptors	FALSE	TRUE	HGNC:6150
ITK	Oncogenes	Kinases	Other	Other	TRUE	FALSE	HGNC:6171
JAK1	Oncogenes	Kinases	Other	Other	TRUE	FALSE	HGNC:6190
JAK1	TSGs	Kinases	Other	Other	FALSE	TRUE	HGNC:6190
JAK2	Oncogenes	Kinases	Other	Other	TRUE	FALSE	HGNC:6192
JAK3	Oncogenes	Kinases	Other	Other	TRUE	FALSE	HGNC:6193
JAZF1	Oncogenes	Other	TFs	Other	TRUE	FALSE	HGNC:28917
JUN	Oncogenes	Other	TFs	Other	TRUE	FALSE	HGNC:6204
KAT6A	Oncogenes	Other	Other	Other	TRUE	FALSE	HGNC:13013
KAT6A	TSGs	Other	Other	Other	FALSE	TRUE	HGNC:13013
KAT6B	TSGs	Other	TFs	Other	FALSE	TRUE	HGNC:17582
KAT7	Oncogenes	Other	Other	Other	TRUE	FALSE	HGNC:17016
KAT7	TSGs	Other	Other	Other	FALSE	TRUE	HGNC:17016
KCNJ5	Oncogenes	Other	Other	Other	TRUE	FALSE	HGNC:6266
KDM5A	Oncogenes	Other	TFs	Other	TRUE	FALSE	HGNC:9886
KDM5A	TSGs	Other	TFs	Other	FALSE	TRUE	HGNC:9886
KDM5C	TSGs	Other	Other	Other	FALSE	TRUE	HGNC:11114
KDM6A	Oncogenes	Other	TFs	Other	TRUE	FALSE	HGNC:12637
KDM6A	TSGs	Other	TFs	Other	FALSE	TRUE	HGNC:12637
KDR	Oncogenes	Kinases	Other	Receptors	TRUE	FALSE	HGNC:6307
KDSR	Oncogenes	Other	Other	Other	TRUE	FALSE	HGNC:4021
KEAP1	TSGs	Other	Other	Other	FALSE	TRUE	HGNC:23177
KIAA1549	Other	Other	Other	Other	FALSE	FALSE	HGNC:22219
KIF5B	Other	Other	Other	Other	FALSE	FALSE	HGNC:6324
KIT	Oncogenes	Kinases	Other	Receptors	TRUE	FALSE	HGNC:6342
KIT	TSGs	Kinases	Other	Receptors	FALSE	TRUE	HGNC:6342
KLF4	Oncogenes	Other	TFs	Other	TRUE	FALSE	HGNC:6348
KLF4	TSGs	Other	TFs	Other	FALSE	TRUE	HGNC:6348
KLF6	Oncogenes	Other	TFs	Other	TRUE	FALSE	HGNC:2235
KLF6	TSGs	Other	TFs	Other	FALSE	TRUE	HGNC:2235
KLK2	Other	Other	Other	Other	FALSE	FALSE	HGNC:6363
KMT2A	Oncogenes	Other	Other	Other	TRUE	FALSE	HGNC:7132
KMT2C	TSGs	Other	TFs	Other	FALSE	TRUE	HGNC:13726
KMT2D	Oncogenes	Other	Other	Other	TRUE	FALSE	HGNC:7133
KMT2D	TSGs	Other	Other	Other	FALSE	TRUE	HGNC:7133
KNL1	TSGs	Other	Other	Other	FALSE	TRUE	HGNC:24054
KNSTRN	Oncogenes	Other	Other	Other	TRUE	FALSE	HGNC:30767
KRAS	Oncogenes	Other	Other	Other	TRUE	FALSE	HGNC:6407
KTN1	Other	Other	Other	Other	FALSE	FALSE	HGNC:6467
LARP4B	TSGs	Other	Other	Other	FALSE	TRUE	HGNC:28987
LASP1	Other	Other	Other	Other	FALSE	FALSE	HGNC:6513
LATS1	TSGs	Kinases	Other	Other	FALSE	TRUE	HGNC:6514
LATS2	TSGs	Kinases	Other	Other	FALSE	TRUE	HGNC:6515
LCK	Oncogenes	Kinases	Other	Other	TRUE	FALSE	HGNC:6524
LCP1	Other	Other	Other	Other	FALSE	FALSE	HGNC:6528
LEF1	Oncogenes	Other	TFs	Other	TRUE	FALSE	HGNC:6551
LEF1	TSGs	Other	TFs	Other	FALSE	TRUE	HGNC:6551
LEPROTL1	TSGs	Other	Other	Other	FALSE	TRUE	HGNC:6555
LHFPL6	Other	Other	Other	Other	FALSE	FALSE	HGNC:6586
LIFR	TSGs	Other	Other	Receptors	FALSE	TRUE	HGNC:6597
LMNA	Other	Other	Other	Other	FALSE	FALSE	HGNC:6636
LMO1	Oncogenes	Other	Other	Other	TRUE	FALSE	HGNC:6641
LMO2	Oncogenes	Other	TFs	Other	TRUE	FALSE	HGNC:6642
LPP	Oncogenes	Other	Other	Other	TRUE	FALSE	HGNC:6679
LPP	TSGs	Other	Other	Other	FALSE	TRUE	HGNC:6679
LRIG3	TSGs	Other	Other	Receptors	FALSE	TRUE	HGNC:30991
LRP1B	TSGs	Other	Other	Receptors	FALSE	TRUE	HGNC:6693
LSM14A	Other	Other	Other	Other	FALSE	FALSE	HGNC:24489
LYL1	Oncogenes	Other	TFs	Other	TRUE	FALSE	HGNC:6734
LYN	Oncogenes	Kinases	Other	Other	TRUE	FALSE	HGNC:6735
LZTR1	TSGs	Other	Other	Other	FALSE	TRUE	HGNC:6742
MACC1	Oncogenes	Other	Other	Other	TRUE	FALSE	HGNC:30215
MAF	Oncogenes	Other	TFs	Other	TRUE	FALSE	HGNC:6776
MAF	TSGs	Other	TFs	Other	FALSE	TRUE	HGNC:6776
MAFB	Oncogenes	Other	TFs	Other	TRUE	FALSE	HGNC:6408
MAFB	TSGs	Other	TFs	Other	FALSE	TRUE	HGNC:6408
MALAT1	Oncogenes	Other	Other	Other	TRUE	FALSE	HGNC:29665
MALAT1	TSGs	Other	Other	Other	FALSE	TRUE	HGNC:29665
MALT1	Oncogenes	Other	Other	Other	TRUE	FALSE	HGNC:6819
MAML2	Oncogenes	Other	Other	Other	TRUE	FALSE	HGNC:16259
MAP2K1	Oncogenes	Kinases	Other	Other	TRUE	FALSE	HGNC:6840
MAP2K2	Oncogenes	Kinases	Other	Other	TRUE	FALSE	HGNC:6842
MAP2K4	Oncogenes	Kinases	Other	Other	TRUE	FALSE	HGNC:6844
MAP2K4	TSGs	Kinases	Other	Other	FALSE	TRUE	HGNC:6844
MAP3K1	Oncogenes	Kinases	Other	Other	TRUE	FALSE	HGNC:6848
MAP3K1	TSGs	Kinases	Other	Other	FALSE	TRUE	HGNC:6848
MAP3K13	Oncogenes	Kinases	Other	Other	TRUE	FALSE	HGNC:6852
MAP3K13	TSGs	Kinases	Other	Other	FALSE	TRUE	HGNC:6852
MAPK1	Oncogenes	Kinases	Other	Other	TRUE	FALSE	HGNC:6871
MAX	TSGs	Other	TFs	Other	FALSE	TRUE	HGNC:6913
MB21D2	Other	Other	Other	Other	FALSE	FALSE	HGNC:30438
MDM2	Oncogenes	Other	Other	Other	TRUE	FALSE	HGNC:6973
MDM2	TSGs	Other	Other	Other	FALSE	TRUE	HGNC:6973
MDM4	Oncogenes	Other	Other	Other	TRUE	FALSE	HGNC:6974
MDS2	Oncogenes	Other	Other	Other	TRUE	FALSE	HGNC:29633
MECOM	Oncogenes	Other	TFs	Other	TRUE	FALSE	HGNC:3498
MED12	TSGs	Other	Other	Other	FALSE	TRUE	HGNC:11957
MEN1	Oncogenes	Other	Other	Other	TRUE	FALSE	HGNC:7010
MEN1	TSGs	Other	Other	Other	FALSE	TRUE	HGNC:7010
MET	Oncogenes	Kinases	Other	Receptors	TRUE	FALSE	HGNC:7029
MGMT	TSGs	Other	Other	Other	FALSE	TRUE	HGNC:7059
MITF	Oncogenes	Other	TFs	Other	TRUE	FALSE	HGNC:7105
MITF	TSGs	Other	TFs	Other	FALSE	TRUE	HGNC:7105
MLF1	TSGs	Other	Other	Other	FALSE	TRUE	HGNC:7125
MLH1	TSGs	Other	Other	Other	FALSE	TRUE	HGNC:7127
MLLT1	Oncogenes	Other	Other	Other	TRUE	FALSE	HGNC:7134
MLLT10	Oncogenes	Other	Other	Other	TRUE	FALSE	HGNC:16063
MLLT11	Oncogenes	Other	Other	Other	TRUE	FALSE	HGNC:16997
MLLT3	Oncogenes	Other	Other	Other	TRUE	FALSE	HGNC:7136
MLLT6	Other	Other	Other	Other	FALSE	FALSE	HGNC:7138
MN1	Oncogenes	Other	Other	Other	TRUE	FALSE	HGNC:7180
MN1	TSGs	Other	Other	Other	FALSE	TRUE	HGNC:7180
MNX1	Other	Other	TFs	Other	FALSE	FALSE	HGNC:4979
MPL	Oncogenes	Other	Other	Other	TRUE	FALSE	HGNC:7217
MRTFA	Oncogenes	Other	Other	Other	TRUE	FALSE	HGNC:14334
MRTFA	TSGs	Other	Other	Other	FALSE	TRUE	HGNC:14334
MSH2	TSGs	Other	Other	Other	FALSE	TRUE	HGNC:7325
MSH6	TSGs	Other	Other	Other	FALSE	TRUE	HGNC:7329
MSI2	Oncogenes	Other	Other	Other	TRUE	FALSE	HGNC:18585
MSN	Other	Other	Other	Other	FALSE	FALSE	HGNC:7373
MTCP1	Oncogenes	Other	Other	Other	TRUE	FALSE	HGNC:7423
MTOR	Oncogenes	Kinases	Other	Other	TRUE	FALSE	HGNC:3942
MUC1	Oncogenes	Other	Other	Receptors	TRUE	FALSE	HGNC:7508
MUC1	TSGs	Other	Other	Receptors	FALSE	TRUE	HGNC:7508
MUC16	Oncogenes	Other	Other	Receptors	TRUE	FALSE	HGNC:15582
MUC4	Oncogenes	Other	Other	Receptors	TRUE	FALSE	HGNC:7514
MUTYH	TSGs	Other	Other	Other	FALSE	TRUE	HGNC:7527
MYB	Oncogenes	Other	TFs	Other	TRUE	FALSE	HGNC:7545
MYC	Oncogenes	Other	TFs	Other	TRUE	FALSE	HGNC:7553
MYCL	Oncogenes	Other	TFs	Other	TRUE	FALSE	HGNC:7555
MYCN	Oncogenes	Other	TFs	Other	TRUE	FALSE	HGNC:7559
MYD88	Oncogenes	Other	Other	Other	TRUE	FALSE	HGNC:7562
MYH11	Oncogenes	Other	Other	Other	TRUE	FALSE	HGNC:7569
MYH9	TSGs	Other	Other	Other	FALSE	TRUE	HGNC:7579
MYO5A	Other	Other	Other	Other	FALSE	FALSE	HGNC:7602
MYOD1	Oncogenes	Other	TFs	Other	TRUE	FALSE	HGNC:7611
N4BP2	TSGs	Other	Other	Other	FALSE	TRUE	HGNC:29851
NAB2	TSGs	Other	Other	Other	FALSE	TRUE	HGNC:7627
NACA	Other	Other	Other	Other	FALSE	FALSE	HGNC:7629
NBEA	Other	Other	Other	Other	FALSE	FALSE	HGNC:7648
NBN	TSGs	Other	Other	Other	FALSE	TRUE	HGNC:7652
NCKIPSD	Other	Other	Other	Other	FALSE	FALSE	HGNC:15486
NCOA1	Oncogenes	Other	Other	Other	TRUE	FALSE	HGNC:7668
NCOA2	Oncogenes	Other	Other	Other	TRUE	FALSE	HGNC:7669
NCOA4	Oncogenes	Other	Other	Other	TRUE	FALSE	HGNC:7671
NCOA4	TSGs	Other	Other	Other	FALSE	TRUE	HGNC:7671
NCOR1	TSGs	Other	TFs	Other	FALSE	TRUE	HGNC:7672
NCOR2	TSGs	Other	TFs	Other	FALSE	TRUE	HGNC:7673
NDRG1	TSGs	Other	Other	Other	FALSE	TRUE	HGNC:7679
NF1	TSGs	Other	Other	Other	FALSE	TRUE	HGNC:7765
NF2	TSGs	Other	Other	Other	FALSE	TRUE	HGNC:7773
NFATC2	Oncogenes	Other	TFs	Other	TRUE	FALSE	HGNC:7776
NFATC2	TSGs	Other	TFs	Other	FALSE	TRUE	HGNC:7776
NFE2L2	Oncogenes	Other	TFs	Other	TRUE	FALSE	HGNC:7782
NFE2L2	TSGs	Other	TFs	Other	FALSE	TRUE	HGNC:7782
NFIB	Oncogenes	Other	TFs	Other	TRUE	FALSE	HGNC:7785
NFKB2	Oncogenes	Other	TFs	Other	TRUE	FALSE	HGNC:7795
NFKB2	TSGs	Other	TFs	Other	FALSE	TRUE	HGNC:7795
NFKBIE	TSGs	Other	Other	Other	FALSE	TRUE	HGNC:7799
NIN	Other	Other	Other	Other	FALSE	FALSE	HGNC:14906
NONO	Other	Other	Other	Other	FALSE	FALSE	HGNC:7871
NOTCH1	Oncogenes	Other	TFs	Other	TRUE	FALSE	HGNC:7881
NOTCH1	TSGs	Other	TFs	Other	FALSE	TRUE	HGNC:7881
NOTCH2	Oncogenes	Other	Other	Other	TRUE	FALSE	HGNC:7882
NOTCH2	TSGs	Other	Other	Other	FALSE	TRUE	HGNC:7882
NPM1	Oncogenes	Other	Other	Other	TRUE	FALSE	HGNC:7910
NPM1	TSGs	Other	Other	Other	FALSE	TRUE	HGNC:7910
NR4A3	Oncogenes	Other	TFs	Other	TRUE	FALSE	HGNC:7982
NR4A3	TSGs	Other	TFs	Other	FALSE	TRUE	HGNC:7982
NRAS	Oncogenes	Other	Other	Other	TRUE	FALSE	HGNC:7989
NRG1	TSGs	Other	Other	Receptors	FALSE	TRUE	HGNC:7997
NSD1	Oncogenes	Other	Other	Other	TRUE	FALSE	HGNC:14234
NSD2	Oncogenes	Other	Other	Other	TRUE	FALSE	HGNC:12766
NSD3	Oncogenes	Other	Other	Other	TRUE	FALSE	HGNC:12767
NT5C2	Oncogenes	Other	Other	Other	TRUE	FALSE	HGNC:8022
NTHL1	TSGs	Other	Other	Other	FALSE	TRUE	HGNC:8028
NTRK1	Oncogenes	Kinases	Other	Receptors	TRUE	FALSE	HGNC:8031
NTRK1	TSGs	Kinases	Other	Receptors	FALSE	TRUE	HGNC:8031
NTRK3	Oncogenes	Kinases	Other	Receptors	TRUE	FALSE	HGNC:8033
NTRK3	TSGs	Kinases	Other	Receptors	FALSE	TRUE	HGNC:8033
NUMA1	Other	Other	Other	Other	FALSE	FALSE	HGNC:8059
NUP214	Oncogenes	Other	Other	Other	TRUE	FALSE	HGNC:8064
NUP98	Oncogenes	Other	Other	Other	TRUE	FALSE	HGNC:8068
NUP98	TSGs	Other	Other	Other	FALSE	TRUE	HGNC:8068
NUTM1	Oncogenes	Other	Other	Other	TRUE	FALSE	HGNC:29919
NUTM2B	Other	Other	Other	Other	FALSE	FALSE	HGNC:23445
NUTM2D	Other	Other	Other	Other	FALSE	FALSE	HGNC:23447
OLIG2	Oncogenes	Other	TFs	Other	TRUE	FALSE	HGNC:9398
OMD	Other	Other	Other	Other	FALSE	FALSE	HGNC:8134
P2RY8	Oncogenes	Other	Other	Receptors	TRUE	FALSE	HGNC:15524
PABPC1	Oncogenes	Other	Other	Other	TRUE	FALSE	HGNC:8554
PABPC1	TSGs	Other	Other	Other	FALSE	TRUE	HGNC:8554
PAFAH1B2	Other	Other	Other	Other	FALSE	FALSE	HGNC:8575
PALB2	TSGs	Other	Other	Other	FALSE	TRUE	HGNC:26144
PATZ1	Oncogenes	Other	TFs	Other	TRUE	FALSE	HGNC:13071
PATZ1	TSGs	Other	TFs	Other	FALSE	TRUE	HGNC:13071
PAX3	Other	Other	TFs	Other	FALSE	FALSE	HGNC:8617
PAX3	Oncogenes	Other	TFs	Other	TRUE	FALSE	HGNC:8617
PAX5	Oncogenes	Other	TFs	Other	TRUE	FALSE	HGNC:8619
PAX5	TSGs	Other	TFs	Other	FALSE	TRUE	HGNC:8619
PAX7	Oncogenes	Other	TFs	Other	TRUE	FALSE	HGNC:8621
PAX8	Oncogenes	Other	TFs	Other	TRUE	FALSE	HGNC:8622
PBRM1	TSGs	Other	Other	Other	FALSE	TRUE	HGNC:30064
PBX1	Oncogenes	Other	TFs	Other	TRUE	FALSE	HGNC:8632
PCBP1	Other	Other	Other	Other	FALSE	FALSE	HGNC:8647
PCM1	Oncogenes	Other	Other	Other	TRUE	FALSE	HGNC:8727
PCM1	TSGs	Other	Other	Other	FALSE	TRUE	HGNC:8727
PDCD1LG2	Oncogenes	Other	Other	Other	TRUE	FALSE	HGNC:18731
PDE4DIP	Other	Other	Other	Other	FALSE	FALSE	HGNC:15580
PDGFB	Oncogenes	Other	Other	Other	TRUE	FALSE	HGNC:8800
PDGFRA	Oncogenes	Kinases	Other	Other	TRUE	FALSE	HGNC:8803
PDGFRB	Oncogenes	Kinases	Other	Other	TRUE	FALSE	HGNC:8804
PER1	TSGs	Other	Other	Other	FALSE	TRUE	HGNC:8845
PHF6	TSGs	Other	Other	Other	FALSE	TRUE	HGNC:18145
PHOX2B	TSGs	Other	TFs	Other	FALSE	TRUE	HGNC:9143
PICALM	Other	Other	Other	Other	FALSE	FALSE	HGNC:15514
PIK3CA	Oncogenes	Kinases	Other	Other	TRUE	FALSE	HGNC:8975
PIK3CB	Oncogenes	Other	Other	Other	TRUE	FALSE	HGNC:8976
PIK3R1	Oncogenes	Other	Other	Other	TRUE	FALSE	HGNC:8979
PIK3R1	TSGs	Other	Other	Other	FALSE	TRUE	HGNC:8979
PIM1	Oncogenes	Kinases	Other	Other	TRUE	FALSE	HGNC:8986
PLAG1	Oncogenes	Other	TFs	Other	TRUE	FALSE	HGNC:9045
PLCG1	Oncogenes	Other	Other	Other	TRUE	FALSE	HGNC:9065
PML	Oncogenes	Other	Other	Other	TRUE	FALSE	HGNC:9113
PML	TSGs	Other	Other	Other	FALSE	TRUE	HGNC:9113
PMS1	TSGs	Other	Other	Other	FALSE	TRUE	HGNC:9121
PMS2	TSGs	Other	Other	Other	FALSE	TRUE	HGNC:9122
POLD1	TSGs	Other	Other	Other	FALSE	TRUE	HGNC:9175
POLE	TSGs	Other	Other	Other	FALSE	TRUE	HGNC:9177
POLG	TSGs	Other	Other	Other	FALSE	TRUE	HGNC:9179
POLQ	Oncogenes	Other	Other	Other	TRUE	FALSE	HGNC:9186
POLQ	TSGs	Other	Other	Other	FALSE	TRUE	HGNC:9186
POT1	TSGs	Other	Other	Other	FALSE	TRUE	HGNC:17284
POU2AF1	Oncogenes	Other	Other	Other	TRUE	FALSE	HGNC:9211
POU5F1	Oncogenes	Other	TFs	Other	TRUE	FALSE	HGNC:9221
PPARG	Oncogenes	Other	TFs	Other	TRUE	FALSE	HGNC:9236
PPARG	TSGs	Other	TFs	Other	FALSE	TRUE	HGNC:9236
PPFIBP1	Other	Other	Other	Other	FALSE	FALSE	HGNC:9249
PPM1D	Oncogenes	Phosphatases	Other	Other	TRUE	FALSE	HGNC:9277
PPP2R1A	Oncogenes	Other	Other	Other	TRUE	FALSE	HGNC:9302
PPP2R1A	TSGs	Other	Other	Other	FALSE	TRUE	HGNC:9302
PPP6C	TSGs	Phosphatases	Other	Other	FALSE	TRUE	HGNC:9323
PRCC	Oncogenes	Other	Other	Other	TRUE	FALSE	HGNC:9343
PRDM1	TSGs	Other	TFs	Other	FALSE	TRUE	HGNC:9346
PRDM16	Oncogenes	Other	TFs	Other	TRUE	FALSE	HGNC:14000
PRDM2	TSGs	Other	TFs	Other	FALSE	TRUE	HGNC:9347
PREX2	Oncogenes	Other	Other	Other	TRUE	FALSE	HGNC:22950
PRF1	TSGs	Other	Other	Other	FALSE	TRUE	HGNC:9360
PRKACA	Oncogenes	Kinases	Other	Other	TRUE	FALSE	HGNC:9380
PRKAR1A	Oncogenes	Other	Other	Other	TRUE	FALSE	HGNC:9388
PRKAR1A	TSGs	Other	Other	Other	FALSE	TRUE	HGNC:9388
PRKCB	TSGs	Kinases	Other	Other	FALSE	TRUE	HGNC:9395
PRPF40B	Other	Other	Other	Other	FALSE	FALSE	HGNC:25031
PRRX1	Other	Other	TFs	Other	FALSE	FALSE	HGNC:9142
PSIP1	Oncogenes	Other	Other	Other	TRUE	FALSE	HGNC:9527
PTCH1	Oncogenes	Other	Other	Other	TRUE	FALSE	HGNC:9585
PTCH1	TSGs	Other	Other	Other	FALSE	TRUE	HGNC:9585
PTEN	TSGs	Phosphatases	Other	Other	FALSE	TRUE	HGNC:9588
PTK6	Oncogenes	Kinases	Other	Other	TRUE	FALSE	HGNC:9617
PTK6	TSGs	Kinases	Other	Other	FALSE	TRUE	HGNC:9617
PTPN11	Oncogenes	Phosphatases	Other	Other	TRUE	FALSE	HGNC:9644
PTPN11	TSGs	Phosphatases	Other	Other	FALSE	TRUE	HGNC:9644
PTPN13	TSGs	Phosphatases	Other	Other	FALSE	TRUE	HGNC:9646
PTPN6	TSGs	Phosphatases	Other	Other	FALSE	TRUE	HGNC:9658
PTPRB	TSGs	Phosphatases	Other	Receptors	FALSE	TRUE	HGNC:9665
PTPRC	TSGs	Phosphatases	Other	Receptors	FALSE	TRUE	HGNC:9666
PTPRD	TSGs	Other	Other	Receptors	FALSE	TRUE	HGNC:9668
PTPRK	TSGs	Other	Other	Receptors	FALSE	TRUE	HGNC:9674
PTPRT	TSGs	Phosphatases	Other	Receptors	FALSE	TRUE	HGNC:9682
PWWP2A	Other	Other	Other	Other	FALSE	FALSE	HGNC:29406
QKI	Oncogenes	Other	Other	Other	TRUE	FALSE	HGNC:21100
QKI	TSGs	Other	Other	Other	FALSE	TRUE	HGNC:21100
RABEP1	Other	Other	Other	Other	FALSE	FALSE	HGNC:17677
RAC1	Oncogenes	Other	Other	Other	TRUE	FALSE	HGNC:9801
RAD17	TSGs	Other	Other	Other	FALSE	TRUE	HGNC:9807
RAD21	Oncogenes	Other	TFs	Other	TRUE	FALSE	HGNC:9811
RAD21	TSGs	Other	TFs	Other	FALSE	TRUE	HGNC:9811
RAD51B	TSGs	Other	Other	Other	FALSE	TRUE	HGNC:9822
RAF1	Oncogenes	Kinases	Other	Other	TRUE	FALSE	HGNC:9829
RAF1	TSGs	Kinases	Other	Other	FALSE	TRUE	HGNC:9829
RALGDS	Oncogenes	Other	Other	Other	TRUE	FALSE	HGNC:9842
RANBP2	TSGs	Other	Other	Other	FALSE	TRUE	HGNC:9848
RAP1GDS1	Oncogenes	Other	Other	Other	TRUE	FALSE	HGNC:9859
RARA	Oncogenes	Other	TFs	Other	TRUE	FALSE	HGNC:9864
RB1	TSGs	Other	Other	Other	FALSE	TRUE	HGNC:9884
RBM10	TSGs	Other	Other	Other	FALSE	TRUE	HGNC:9896
RBM15	Oncogenes	Other	Other	Other	TRUE	FALSE	HGNC:14959
RECQL4	Oncogenes	Other	Other	Other	TRUE	FALSE	HGNC:9949
RECQL4	TSGs	Other	Other	Other	FALSE	TRUE	HGNC:9949
REL	Oncogenes	Other	TFs	Other	TRUE	FALSE	HGNC:9954
RET	Oncogenes	Kinases	Other	Receptors	TRUE	FALSE	HGNC:9967
RFWD3	TSGs	Other	Other	Other	FALSE	TRUE	HGNC:25539
RGPD3	Other	Other	Other	Other	FALSE	FALSE	HGNC:32416
RGS7	Other	Other	Other	Other	FALSE	FALSE	HGNC:10003
RHOA	Oncogenes	Other	Other	Other	TRUE	FALSE	HGNC:667
RHOA	TSGs	Other	Other	Other	FALSE	TRUE	HGNC:667
RHOH	TSGs	Other	Other	Other	FALSE	TRUE	HGNC:686
RMI2	TSGs	Other	Other	Other	FALSE	TRUE	HGNC:28349
RNF213	Other	Other	Other	Other	FALSE	FALSE	HGNC:14539
RNF43	Oncogenes	Other	Other	Receptors	TRUE	FALSE	HGNC:18505
RNF43	TSGs	Other	Other	Receptors	FALSE	TRUE	HGNC:18505
ROBO2	TSGs	Other	Other	Receptors	FALSE	TRUE	HGNC:10250
ROS1	Oncogenes	Kinases	Other	Receptors	TRUE	FALSE	HGNC:10261
RPL10	TSGs	Other	Other	Other	FALSE	TRUE	HGNC:10298
RPL22	TSGs	Other	Other	Other	FALSE	TRUE	HGNC:10315
RPL5	TSGs	Other	Other	Other	FALSE	TRUE	HGNC:10360
RPN1	Other	Other	Other	Receptors	FALSE	FALSE	HGNC:10381
RSPO2	TSGs	Other	Other	Other	FALSE	TRUE	HGNC:28583
RSPO3	Oncogenes	Other	Other	Other	TRUE	FALSE	HGNC:20866
RSPO3	TSGs	Other	Other	Other	FALSE	TRUE	HGNC:20866
RUNX1	Oncogenes	Other	TFs	Other	TRUE	FALSE	HGNC:10471
RUNX1	TSGs	Other	TFs	Other	FALSE	TRUE	HGNC:10471
RUNX1T1	Oncogenes	Other	Other	Other	TRUE	FALSE	HGNC:1535
RUNX1T1	TSGs	Other	Other	Other	FALSE	TRUE	HGNC:1535
S100A7	Oncogenes	Other	Other	Other	TRUE	FALSE	HGNC:10497
SALL4	Oncogenes	Other	TFs	Other	TRUE	FALSE	HGNC:15924
SALL4	TSGs	Other	TFs	Other	FALSE	TRUE	HGNC:15924
SBDS	TSGs	Other	Other	Other	FALSE	TRUE	HGNC:19440
SDC4	Other	Other	Other	Other	FALSE	FALSE	HGNC:10661
SDHA	TSGs	Other	Other	Other	FALSE	TRUE	HGNC:10680
SDHAF2	TSGs	Other	Other	Other	FALSE	TRUE	HGNC:26034
SDHB	TSGs	Other	Other	Other	FALSE	TRUE	HGNC:10681
SDHC	TSGs	Other	Other	Other	FALSE	TRUE	HGNC:10682
SDHD	TSGs	Other	Other	Other	FALSE	TRUE	HGNC:10683
SEPT5	Other	Other	Other	Other	FALSE	FALSE	HGNC:9164
SEPT6	Other	Other	Other	Other	FALSE	FALSE	HGNC:15848
SEPT9	Other	Other	Other	Other	FALSE	FALSE	HGNC:7323
SET	Oncogenes	Other	Other	Other	TRUE	FALSE	HGNC:10760
SET	TSGs	Other	Other	Other	FALSE	TRUE	HGNC:10760
SETBP1	Oncogenes	Other	Other	Other	TRUE	FALSE	HGNC:15573
SETD1B	TSGs	Other	Other	Other	FALSE	TRUE	HGNC:29187
SETD2	TSGs	Other	Other	Other	FALSE	TRUE	HGNC:18420
SETDB1	Oncogenes	Other	TFs	Other	TRUE	FALSE	HGNC:10761
SF3B1	Oncogenes	Other	Other	Other	TRUE	FALSE	HGNC:10768
SFPQ	Oncogenes	Other	Other	Other	TRUE	FALSE	HGNC:10774
SFPQ	TSGs	Other	Other	Other	FALSE	TRUE	HGNC:10774
SFRP4	TSGs	Other	Other	Other	FALSE	TRUE	HGNC:10778
SGK1	Oncogenes	Kinases	Other	Other	TRUE	FALSE	HGNC:10810
SH2B3	TSGs	Other	Other	Other	FALSE	TRUE	HGNC:29605
SH3GL1	Oncogenes	Other	Other	Other	TRUE	FALSE	HGNC:10830
SHTN1	Other	Other	Other	Other	FALSE	FALSE	HGNC:29319
SIRPA	TSGs	Other	Other	Other	FALSE	TRUE	HGNC:9662
SIX1	Oncogenes	Other	TFs	Other	TRUE	FALSE	HGNC:10887
SIX2	Oncogenes	Other	TFs	Other	TRUE	FALSE	HGNC:10888
SKI	Oncogenes	Other	Other	Other	TRUE	FALSE	HGNC:10896
SLC34A2	TSGs	Other	Other	Receptors	FALSE	TRUE	HGNC:11020
SLC45A3	Other	Other	Other	Other	FALSE	FALSE	HGNC:8642
SMAD2	TSGs	Other	TFs	Other	FALSE	TRUE	HGNC:6768
SMAD3	TSGs	Other	TFs	Other	FALSE	TRUE	HGNC:6769
SMAD4	TSGs	Other	TFs	Other	FALSE	TRUE	HGNC:6770
SMARCA4	TSGs	Other	TFs	Other	FALSE	TRUE	HGNC:11100
SMARCB1	TSGs	Other	Other	Other	FALSE	TRUE	HGNC:11103
SMARCD1	TSGs	Other	TFs	Other	FALSE	TRUE	HGNC:11106
SMARCE1	TSGs	Other	Other	Other	FALSE	TRUE	HGNC:11109
SMC1A	TSGs	Other	Other	Other	FALSE	TRUE	HGNC:11111
SMO	Oncogenes	Other	Other	Receptors	TRUE	FALSE	HGNC:11119
SMO	TSGs	Other	Other	Receptors	FALSE	TRUE	HGNC:11119
SND1	Oncogenes	Other	Other	Other	TRUE	FALSE	HGNC:30646
SNX29	Other	Other	Other	Other	FALSE	FALSE	HGNC:30542
SOCS1	TSGs	Other	Other	Other	FALSE	TRUE	HGNC:19383
SOX2	Oncogenes	Other	TFs	Other	TRUE	FALSE	HGNC:11195
SOX21	TSGs	Other	TFs	Other	FALSE	TRUE	HGNC:11197
SPECC1	Other	Other	Other	Other	FALSE	FALSE	HGNC:30615
SPEN	TSGs	Other	Other	Other	FALSE	TRUE	HGNC:17575
SPOP	TSGs	Other	Other	Other	FALSE	TRUE	HGNC:11254
SRC	Oncogenes	Kinases	Other	Other	TRUE	FALSE	HGNC:11283
SRGAP3	TSGs	Other	Other	Other	FALSE	TRUE	HGNC:19744
SRSF2	Oncogenes	Other	Other	Other	TRUE	FALSE	HGNC:10783
SRSF3	Oncogenes	Other	Other	Other	TRUE	FALSE	HGNC:10785
SS18	Oncogenes	Other	Other	Other	TRUE	FALSE	HGNC:11340
SS18L1	Other	Other	Other	Other	FALSE	FALSE	HGNC:15592
SSX1	Oncogenes	Other	Other	Other	TRUE	FALSE	HGNC:11335
SSX2	Oncogenes	Other	Other	Other	TRUE	FALSE	HGNC:11336
SSX4	Oncogenes	Other	Other	Other	TRUE	FALSE	HGNC:11338
STAG1	TSGs	Other	Other	Other	FALSE	TRUE	HGNC:11354
STAG2	TSGs	Other	Other	Other	FALSE	TRUE	HGNC:11355
STAT3	Oncogenes	Other	TFs	Other	TRUE	FALSE	HGNC:11364
STAT3	TSGs	Other	TFs	Other	FALSE	TRUE	HGNC:11364
STAT5B	Oncogenes	Other	Other	Other	TRUE	FALSE	HGNC:11367
STAT5B	TSGs	Other	Other	Other	FALSE	TRUE	HGNC:11367
STAT6	Oncogenes	Other	TFs	Other	TRUE	FALSE	HGNC:11368
STIL	Oncogenes	Other	Other	Other	TRUE	FALSE	HGNC:10879
STK11	TSGs	Kinases	Other	Other	FALSE	TRUE	HGNC:11389
STRN	Other	Other	Other	Other	FALSE	FALSE	HGNC:11424
SUFU	TSGs	Other	Other	Other	FALSE	TRUE	HGNC:16466
SUZ12	Oncogenes	Other	TFs	Other	TRUE	FALSE	HGNC:17101
SUZ12	TSGs	Other	TFs	Other	FALSE	TRUE	HGNC:17101
SYK	Oncogenes	Kinases	Other	Other	TRUE	FALSE	HGNC:11491
SYK	TSGs	Kinases	Other	Other	FALSE	TRUE	HGNC:11491
TAF15	Oncogenes	Other	TFs	Other	TRUE	FALSE	HGNC:11547
TAL1	Oncogenes	Other	TFs	Other	TRUE	FALSE	HGNC:11556
TAL2	Oncogenes	Other	TFs	Other	TRUE	FALSE	HGNC:11557
TBL1XR1	Oncogenes	Other	Other	Other	TRUE	FALSE	HGNC:29529
TBL1XR1	TSGs	Other	Other	Other	FALSE	TRUE	HGNC:29529
TBX3	Oncogenes	Other	TFs	Other	TRUE	FALSE	HGNC:11602
TBX3	TSGs	Other	TFs	Other	FALSE	TRUE	HGNC:11602
TCEA1	Other	Other	Other	Other	FALSE	FALSE	HGNC:11612
TCF12	Other	Other	TFs	Other	FALSE	FALSE	HGNC:11623
TCF3	Oncogenes	Other	TFs	Other	TRUE	FALSE	HGNC:11633
TCF3	TSGs	Other	TFs	Other	FALSE	TRUE	HGNC:11633
TCF7L2	Oncogenes	Other	TFs	Other	TRUE	FALSE	HGNC:11641
TCF7L2	TSGs	Other	TFs	Other	FALSE	TRUE	HGNC:11641
TCL1A	Oncogenes	Other	Other	Other	TRUE	FALSE	HGNC:11648
TEC	Oncogenes	Kinases	Other	Other	TRUE	FALSE	HGNC:11719
TENT5C	TSGs	Other	Other	Other	FALSE	TRUE	HGNC:24712
TERT	Oncogenes	Other	Other	Other	TRUE	FALSE	HGNC:11730
TERT	TSGs	Other	Other	Other	FALSE	TRUE	HGNC:11730
TET1	Oncogenes	Other	TFs	Other	TRUE	FALSE	HGNC:29484
TET1	TSGs	Other	TFs	Other	FALSE	TRUE	HGNC:29484
TET2	TSGs	Other	Other	Other	FALSE	TRUE	HGNC:25941
TFE3	Oncogenes	Other	TFs	Other	TRUE	FALSE	HGNC:11752
TFEB	Oncogenes	Other	TFs	Other	TRUE	FALSE	HGNC:11753
TFG	Oncogenes	Other	Other	Other	TRUE	FALSE	HGNC:11758
TFPT	Oncogenes	Other	Other	Other	TRUE	FALSE	HGNC:13630
TFRC	Other	Other	Other	Receptors	FALSE	FALSE	HGNC:11763
TGFBR2	TSGs	Kinases	Other	Other	FALSE	TRUE	HGNC:11773
THRAP3	Other	Other	Other	Other	FALSE	FALSE	HGNC:22964
TLX1	Oncogenes	Other	TFs	Other	TRUE	FALSE	HGNC:5056
TLX3	Oncogenes	Other	TFs	Other	TRUE	FALSE	HGNC:13532
TMEM127	TSGs	Other	Other	Other	FALSE	TRUE	HGNC:26038
TMPRSS2	Oncogenes	Other	Other	Other	TRUE	FALSE	HGNC:11876
TMSB4X	Oncogenes	Other	Other	Other	TRUE	FALSE	HGNC:11881
TNC	Oncogenes	Other	Other	Other	TRUE	FALSE	HGNC:5318
TNFAIP3	TSGs	Other	Other	Other	FALSE	TRUE	HGNC:11896
TNFRSF14	TSGs	Other	Other	Other	FALSE	TRUE	HGNC:11912
TNFRSF17	Oncogenes	Other	Other	Receptors	TRUE	FALSE	HGNC:11913
TOP1	Oncogenes	Other	Other	Other	TRUE	FALSE	HGNC:11986
TP53	TSGs	Other	TFs	Other	FALSE	TRUE	HGNC:11998
TP63	Oncogenes	Other	TFs	Other	TRUE	FALSE	HGNC:15979
TPM3	Oncogenes	Other	Other	Other	TRUE	FALSE	HGNC:12012
TPM4	Other	Other	Other	Other	FALSE	FALSE	HGNC:12013
TPR	Oncogenes	Other	Other	Other	TRUE	FALSE	HGNC:12017
TRA	Other	Other	Other	Other	FALSE	FALSE	HGNC:12027
TRAF7	TSGs	Other	Other	Other	FALSE	TRUE	HGNC:20456
TRB	Other	Other	Other	Other	FALSE	FALSE	HGNC:12155
TRD	Other	Other	Other	Other	FALSE	FALSE	HGNC:12252
TRIM24	Oncogenes	Other	Other	Other	TRUE	FALSE	HGNC:11812
TRIM24	TSGs	Other	Other	Other	FALSE	TRUE	HGNC:11812
TRIM27	Oncogenes	Other	Other	Other	TRUE	FALSE	HGNC:9975
TRIM33	TSGs	Kinases	Other	Other	FALSE	TRUE	HGNC:16290
TRIP11	Other	Other	Other	Other	FALSE	FALSE	HGNC:12305
TRRAP	Oncogenes	Kinases	Other	Other	TRUE	FALSE	HGNC:12347
TSC1	TSGs	Other	Other	Other	FALSE	TRUE	HGNC:12362
TSC2	TSGs	Other	Other	Other	FALSE	TRUE	HGNC:12363
TSHR	Oncogenes	Other	Other	Receptors	TRUE	FALSE	HGNC:12373
U2AF1	Oncogenes	Other	Other	Other	TRUE	FALSE	HGNC:12453
UBR5	Oncogenes	Other	Other	Other	TRUE	FALSE	HGNC:16806
UBR5	TSGs	Other	Other	Other	FALSE	TRUE	HGNC:16806
USP44	TSGs	Other	Other	Other	FALSE	TRUE	HGNC:20064
USP6	Oncogenes	Other	Other	Other	TRUE	FALSE	HGNC:12629
USP8	Oncogenes	Other	Other	Other	TRUE	FALSE	HGNC:12631
USP9X	Other	Other	Other	Other	FALSE	FALSE	HGNC:12632
VAV1	Oncogenes	Other	Other	Other	TRUE	FALSE	HGNC:12657
VHL	Oncogenes	Other	Other	Other	TRUE	FALSE	HGNC:12687
VHL	TSGs	Other	Other	Other	FALSE	TRUE	HGNC:12687
VTI1A	Other	Other	Other	Other	FALSE	FALSE	HGNC:17792
WAS	Oncogenes	Other	Other	Other	TRUE	FALSE	HGNC:12731
WDCP	Other	Other	Other	Other	FALSE	FALSE	HGNC:26157
WIF1	TSGs	Other	Other	Other	FALSE	TRUE	HGNC:18081
WNK2	TSGs	Kinases	Other	Other	FALSE	TRUE	HGNC:14542
WRN	TSGs	Other	Other	Other	FALSE	TRUE	HGNC:12791
WT1	Oncogenes	Other	TFs	Other	TRUE	FALSE	HGNC:12796
WT1	TSGs	Other	TFs	Other	FALSE	TRUE	HGNC:12796
WWTR1	Oncogenes	Other	Other	Other	TRUE	FALSE	HGNC:24042
XPA	TSGs	Other	Other	Other	FALSE	TRUE	HGNC:12814
XPC	TSGs	Other	Other	Other	FALSE	TRUE	HGNC:12816
XPO1	Oncogenes	Other	Other	Other	TRUE	FALSE	HGNC:12825
XPO1	TSGs	Other	Other	Other	FALSE	TRUE	HGNC:12825
YWHAE	TSGs	Other	Other	Other	FALSE	TRUE	HGNC:12851
ZBTB16	Oncogenes	Other	TFs	Other	TRUE	FALSE	HGNC:12930
ZBTB16	TSGs	Other	TFs	Other	FALSE	TRUE	HGNC:12930
ZCCHC8	Other	Other	Other	Other	FALSE	FALSE	HGNC:25265
ZEB1	Oncogenes	Other	Other	Other	TRUE	FALSE	HGNC:11642
ZFHX3	TSGs	Other	TFs	Other	FALSE	TRUE	HGNC:777
ZMYM2	Oncogenes	Other	Other	Other	TRUE	FALSE	HGNC:12989
ZMYM3	TSGs	Other	Other	Other	FALSE	TRUE	HGNC:13054
ZNF331	TSGs	Other	TFs	Other	FALSE	TRUE	HGNC:15489
ZNF384	Other	Other	TFs	Other	FALSE	FALSE	HGNC:11955
ZNF429	Other	Other	TFs	Other	FALSE	FALSE	HGNC:20817
ZNF479	Other	Other	TFs	Other	FALSE	FALSE	HGNC:23258
ZNF521	Oncogenes	Other	TFs	Other	TRUE	FALSE	HGNC:24605
ZNRF3	TSGs	Other	Other	Other	FALSE	TRUE	HGNC:18126
ZRSR2	TSGs	Other	Other	Other	FALSE	TRUE	HGNC:23019
