hgnc_id	symbol	ensembl_gene_id	oncogene	tsgene
HGNC:24086	A1CF	ENSG00000148584	TRUE	FALSE
HGNC:40	ABCB1	ENSG00000085563	TRUE	FALSE
HGNC:11320	ABI1	ENSG00000136754	FALSE	TRUE
HGNC:76	ABL1	ENSG00000097007	TRUE	FALSE
HGNC:77	ABL2	ENSG00000143322	TRUE	FALSE
HGNC:25829	ABRAXAS1	ENSG00000163322	FALSE	TRUE
HGNC:23692	ACKR3	ENSG00000144476	TRUE	TRUE
HGNC:3570	ACSL3	ENSG00000123983	FALSE	FALSE
HGNC:16496	ACSL6	ENSG00000164398	FALSE	FALSE
HGNC:132	ACTB	ENSG00000075624	FALSE	FALSE
HGNC:144	ACTG1	ENSG00000184009	FALSE	TRUE
HGNC:171	ACVR1	ENSG00000115170	TRUE	FALSE
HGNC:172	ACVR1B	ENSG00000135503	FALSE	TRUE
HGNC:173	ACVR2A	ENSG00000121989	FALSE	TRUE
HGNC:188	ADAM10	ENSG00000137845	FALSE	FALSE
HGNC:208	ADAM30	ENSG00000134249	TRUE	FALSE
HGNC:14605	ADAMTS12	ENSG00000151388	FALSE	FALSE
HGNC:16354	ADHFE1	ENSG00000147576	TRUE	FALSE
HGNC:7137	AFDN	ENSG00000130396	TRUE	FALSE
HGNC:7135	AFF1	ENSG00000172493	TRUE	FALSE
HGNC:6473	AFF3	ENSG00000144218	TRUE	FALSE
HGNC:17869	AFF4	ENSG00000072364	TRUE	FALSE
HGNC:25892	AGBL4	ENSG00000186094	FALSE	TRUE
HGNC:3262	AGO1	ENSG00000092847	TRUE	FALSE
HGNC:3263	AGO2	ENSG00000123908	FALSE	FALSE
HGNC:20250	AJUBA	ENSG00000129474	FALSE	TRUE
HGNC:379	AKAP9	ENSG00000127914	FALSE	FALSE
HGNC:391	AKT1	ENSG00000142208	TRUE	FALSE
HGNC:392	AKT2	ENSG00000105221	TRUE	FALSE
HGNC:393	AKT3	ENSG00000117020	TRUE	FALSE
HGNC:399	ALB	ENSG00000163631	FALSE	FALSE
HGNC:400	ALCAM	ENSG00000170017	FALSE	FALSE
HGNC:15472	ALDH1A2	ENSG00000128918	FALSE	FALSE
HGNC:26777	ALDH1L2	ENSG00000136010	TRUE	FALSE
HGNC:404	ALDH2	ENSG00000111275	FALSE	TRUE
HGNC:427	ALK	ENSG00000171094	TRUE	FALSE
HGNC:429	ALOX12	ENSG00000108839	FALSE	FALSE
HGNC:430	ALOX12B	ENSG00000179477	TRUE	TRUE
HGNC:25990	AMBRA1	ENSG00000110497	FALSE	TRUE
HGNC:26837	AMER1	ENSG00000184675	FALSE	TRUE
HGNC:492	ANK1	ENSG00000029534	FALSE	FALSE
HGNC:21316	ANKRD11	ENSG00000167522	FALSE	TRUE
HGNC:14082	ANLN	ENSG00000011426	FALSE	FALSE
HGNC:583	APC	ENSG00000134982	FALSE	TRUE
HGNC:339	APLNR	ENSG00000134817	TRUE	TRUE
HGNC:603	APOB	ENSG00000084674	FALSE	FALSE
HGNC:17352	APOBEC3B	ENSG00000179750	TRUE	TRUE
HGNC:644	AR	ENSG00000169083	TRUE	FALSE
HGNC:646	ARAF	ENSG00000078061	TRUE	FALSE
HGNC:651	AREG	ENSG00000109321	FALSE	FALSE
HGNC:17073	ARHGAP26	ENSG00000145819	FALSE	TRUE
HGNC:4591	ARHGAP35	ENSG00000160007	TRUE	TRUE
HGNC:675	ARHGAP5	ENSG00000100852	TRUE	FALSE
HGNC:14103	ARHGEF10	ENSG00000104728	FALSE	TRUE
HGNC:25540	ARHGEF10L	ENSG00000074964	FALSE	TRUE
HGNC:14193	ARHGEF12	ENSG00000196914	TRUE	TRUE
HGNC:30322	ARHGEF28	ENSG00000214944	TRUE	FALSE
HGNC:11110	ARID1A	ENSG00000117713	FALSE	TRUE
HGNC:18040	ARID1B	ENSG00000049618	FALSE	TRUE
HGNC:18037	ARID2	ENSG00000189079	FALSE	TRUE
HGNC:3031	ARID3A	ENSG00000116017	FALSE	TRUE
HGNC:14350	ARID3B	ENSG00000179361	TRUE	FALSE
HGNC:21209	ARID3C	ENSG00000205143	FALSE	FALSE
HGNC:9885	ARID4A	ENSG00000032219	FALSE	TRUE
HGNC:15550	ARID4B	ENSG00000054267	FALSE	TRUE
HGNC:17361	ARID5A	ENSG00000196843	FALSE	FALSE
HGNC:17362	ARID5B	ENSG00000150347	FALSE	TRUE
HGNC:700	ARNT	ENSG00000143437	TRUE	TRUE
HGNC:738	ASCL1	ENSG00000139352	TRUE	FALSE
HGNC:19048	ASPM	ENSG00000066279	FALSE	FALSE
HGNC:13825	ASPSCR1	ENSG00000169696	FALSE	FALSE
HGNC:18318	ASXL1	ENSG00000171456	FALSE	TRUE
HGNC:23805	ASXL2	ENSG00000143970	FALSE	TRUE
HGNC:783	ATF1	ENSG00000123268	TRUE	FALSE
HGNC:20092	ATF7IP	ENSG00000171681	FALSE	FALSE
HGNC:16935	ATG7	ENSG00000197548	FALSE	FALSE
HGNC:794	ATIC	ENSG00000138363	FALSE	FALSE
HGNC:795	ATM	ENSG00000149311	FALSE	TRUE
HGNC:799	ATP1A1	ENSG00000163399	TRUE	TRUE
HGNC:816	ATP2B3	ENSG00000067842	FALSE	TRUE
HGNC:868	ATP6AP1	ENSG00000071553	FALSE	FALSE
HGNC:854	ATP6V1B2	ENSG00000147416	FALSE	TRUE
HGNC:882	ATR	ENSG00000175054	FALSE	TRUE
HGNC:33499	ATRIP	ENSG00000164053	FALSE	TRUE
HGNC:886	ATRX	ENSG00000085224	FALSE	TRUE
HGNC:10555	ATXN2	ENSG00000204842	FALSE	TRUE
HGNC:10560	ATXN7	ENSG00000163635	TRUE	FALSE
HGNC:11393	AURKA	ENSG00000087586	TRUE	FALSE
HGNC:11390	AURKB	ENSG00000178999	TRUE	FALSE
HGNC:903	AXIN1	ENSG00000103126	FALSE	TRUE
HGNC:904	AXIN2	ENSG00000168646	FALSE	TRUE
HGNC:905	AXL	ENSG00000167601	TRUE	FALSE
HGNC:914	B2M	ENSG00000166710	FALSE	TRUE
HGNC:14333	BAALC	ENSG00000164929	TRUE	FALSE
HGNC:25008	BABAM1	ENSG00000105393	FALSE	FALSE
HGNC:14078	BACH2	ENSG00000112182	FALSE	TRUE
HGNC:950	BAP1	ENSG00000163930	FALSE	TRUE
HGNC:952	BARD1	ENSG00000138376	FALSE	TRUE
HGNC:959	BAX	ENSG00000087088	TRUE	TRUE
HGNC:960	BAZ1A	ENSG00000198604	FALSE	TRUE
HGNC:17868	BBC3	ENSG00000105327	FALSE	TRUE
HGNC:989	BCL10	ENSG00000142867	FALSE	TRUE
HGNC:13221	BCL11A	ENSG00000119866	TRUE	FALSE
HGNC:13222	BCL11B	ENSG00000127152	FALSE	TRUE
HGNC:990	BCL2	ENSG00000171791	TRUE	FALSE
HGNC:992	BCL2L1	ENSG00000171552	FALSE	FALSE
HGNC:994	BCL2L11	ENSG00000153094	FALSE	TRUE
HGNC:13787	BCL2L12	ENSG00000126453	TRUE	FALSE
HGNC:998	BCL3	ENSG00000069399	TRUE	FALSE
HGNC:1001	BCL6	ENSG00000113916	TRUE	FALSE
HGNC:1004	BCL7A	ENSG00000110987	FALSE	TRUE
HGNC:1008	BCL9	ENSG00000116128	TRUE	FALSE
HGNC:23688	BCL9L	ENSG00000186174	TRUE	TRUE
HGNC:16863	BCLAF1	ENSG00000029363	FALSE	FALSE
HGNC:20893	BCOR	ENSG00000183337	FALSE	TRUE
HGNC:25657	BCORL1	ENSG00000085185	FALSE	TRUE
HGNC:1014	BCR	ENSG00000186716	TRUE	FALSE
HGNC:591	BIRC3	ENSG00000023445	FALSE	FALSE
HGNC:13516	BIRC6	ENSG00000115760	TRUE	FALSE
HGNC:1057	BLK	ENSG00000136573	FALSE	FALSE
HGNC:1058	BLM	ENSG00000197299	FALSE	TRUE
HGNC:1066	BMI1	ENSG00000168283	TRUE	FALSE
HGNC:1072	BMP5	ENSG00000112175	FALSE	FALSE
HGNC:1076	BMPR1A	ENSG00000107779	FALSE	TRUE
HGNC:1078	BMPR2	ENSG00000204217	FALSE	TRUE
HGNC:1097	BRAF	ENSG00000157764	TRUE	FALSE
HGNC:1100	BRCA1	ENSG00000012048	FALSE	TRUE
HGNC:1101	BRCA2	ENSG00000139618	FALSE	TRUE
HGNC:1104	BRD3	ENSG00000169925	TRUE	FALSE
HGNC:13575	BRD4	ENSG00000141867	TRUE	FALSE
HGNC:14310	BRD7	ENSG00000166164	FALSE	TRUE
HGNC:20473	BRIP1	ENSG00000136492	FALSE	TRUE
HGNC:18994	BRSK1	ENSG00000160469	FALSE	TRUE
HGNC:1130	BTG1	ENSG00000133639	FALSE	TRUE
HGNC:1131	BTG2	ENSG00000159388	FALSE	TRUE
HGNC:1133	BTK	ENSG00000010671	TRUE	FALSE
HGNC:1149	BUB1B	ENSG00000156970	FALSE	TRUE
HGNC:44654	C15orf65	ENSG00000261652	FALSE	FALSE
HGNC:16459	C21orf91	ENSG00000154642	FALSE	TRUE
HGNC:1391	CACNA1D	ENSG00000157388	TRUE	FALSE
HGNC:1424	CAD	ENSG00000084774	TRUE	FALSE
HGNC:29849	CADM2	ENSG00000175161	FALSE	FALSE
HGNC:1455	CALR	ENSG00000179218	TRUE	FALSE
HGNC:18806	CAMTA1	ENSG00000171735	FALSE	TRUE
HGNC:19721	CANT1	ENSG00000171302	TRUE	FALSE
HGNC:16393	CARD11	ENSG00000198286	TRUE	FALSE
HGNC:23393	CARM1	ENSG00000142453	FALSE	FALSE
HGNC:1493	CARS1	ENSG00000110619	FALSE	TRUE
HGNC:1504	CASP3	ENSG00000164305	FALSE	TRUE
HGNC:1509	CASP8	ENSG00000064012	FALSE	TRUE
HGNC:1511	CASP9	ENSG00000132906	FALSE	TRUE
HGNC:26002	CASZ1	ENSG00000130940	FALSE	TRUE
HGNC:1537	CBFA2T3	ENSG00000129993	FALSE	TRUE
HGNC:1539	CBFB	ENSG00000067955	FALSE	TRUE
HGNC:1541	CBL	ENSG00000110395	FALSE	TRUE
HGNC:1542	CBLB	ENSG00000114423	TRUE	TRUE
HGNC:15961	CBLC	ENSG00000142273	TRUE	TRUE
HGNC:18782	CCDC6	ENSG00000108091	FALSE	TRUE
HGNC:2500	CCN2	ENSG00000118523	TRUE	TRUE
HGNC:12771	CCN6	ENSG00000112761	FALSE	TRUE
HGNC:19437	CCNB1IP1	ENSG00000100814	FALSE	TRUE
HGNC:18709	CCNB3	ENSG00000147082	TRUE	FALSE
HGNC:1581	CCNC	ENSG00000112237	FALSE	TRUE
HGNC:1582	CCND1	ENSG00000110092	TRUE	FALSE
HGNC:1583	CCND2	ENSG00000118971	TRUE	FALSE
HGNC:1585	CCND3	ENSG00000112576	TRUE	FALSE
HGNC:1589	CCNE1	ENSG00000105173	TRUE	FALSE
HGNC:28434	CCNQ	ENSG00000262919	FALSE	TRUE
HGNC:1605	CCR4	ENSG00000183813	TRUE	FALSE
HGNC:1608	CCR7	ENSG00000126353	TRUE	FALSE
HGNC:29349	CCSER1	ENSG00000184305	FALSE	TRUE
HGNC:1633	CD19	ENSG00000177455	TRUE	FALSE
HGNC:1641	CD209	ENSG00000090659	FALSE	FALSE
HGNC:1643	CD22	ENSG00000012124	FALSE	FALSE
HGNC:17635	CD274	ENSG00000120217	TRUE	FALSE
HGNC:19137	CD276	ENSG00000103855	TRUE	FALSE
HGNC:1653	CD28	ENSG00000178562	TRUE	FALSE
HGNC:1681	CD44	ENSG00000026508	TRUE	FALSE
HGNC:1688	CD58	ENSG00000116815	FALSE	TRUE
HGNC:11937	CD70	ENSG00000125726	FALSE	TRUE
HGNC:1697	CD74	ENSG00000019582	TRUE	FALSE
HGNC:1698	CD79A	ENSG00000105369	TRUE	FALSE
HGNC:1699	CD79B	ENSG00000007312	TRUE	FALSE
HGNC:1723	CDC20	ENSG00000117399	TRUE	FALSE
HGNC:1725	CDC25A	ENSG00000164045	TRUE	FALSE
HGNC:1727	CDC25C	ENSG00000158402	FALSE	FALSE
HGNC:1728	CDC27	ENSG00000004897	FALSE	FALSE
HGNC:1736	CDC42	ENSG00000070831	TRUE	FALSE
HGNC:16783	CDC73	ENSG00000134371	FALSE	TRUE
HGNC:1748	CDH1	ENSG00000039068	FALSE	TRUE
HGNC:1749	CDH10	ENSG00000040731	FALSE	TRUE
HGNC:1750	CDH11	ENSG00000140937	TRUE	FALSE
HGNC:1756	CDH17	ENSG00000079112	TRUE	FALSE
HGNC:1759	CDH2	ENSG00000170558	TRUE	FALSE
HGNC:1762	CDH3	ENSG00000062038	TRUE	TRUE
HGNC:1763	CDH4	ENSG00000179242	TRUE	FALSE
HGNC:24224	CDK12	ENSG00000167258	FALSE	TRUE
HGNC:1771	CDK2	ENSG00000123374	FALSE	FALSE
HGNC:1773	CDK4	ENSG00000135446	TRUE	FALSE
HGNC:1774	CDK5	ENSG00000164885	FALSE	TRUE
HGNC:1777	CDK6	ENSG00000105810	TRUE	FALSE
HGNC:1779	CDK8	ENSG00000132964	TRUE	FALSE
HGNC:1784	CDKN1A	ENSG00000124762	FALSE	TRUE
HGNC:1785	CDKN1B	ENSG00000111276	FALSE	TRUE
HGNC:1787	CDKN2A	ENSG00000147889	FALSE	TRUE
HGNC:1788	CDKN2B	ENSG00000147883	FALSE	TRUE
HGNC:1789	CDKN2C	ENSG00000123080	FALSE	TRUE
HGNC:1806	CDX2	ENSG00000165556	TRUE	TRUE
HGNC:1833	CEBPA	ENSG00000245848	FALSE	TRUE
HGNC:1851	CENPA	ENSG00000115163	FALSE	FALSE
HGNC:1857	CENPF	ENSG00000117724	TRUE	FALSE
HGNC:17012	CEP43	ENSG00000213066	FALSE	FALSE
HGNC:25907	CEP89	ENSG00000121289	FALSE	FALSE
HGNC:28314	CHCHD7	ENSG00000170791	FALSE	FALSE
HGNC:1915	CHD1	ENSG00000153922	FALSE	TRUE
HGNC:1917	CHD2	ENSG00000173575	FALSE	TRUE
HGNC:1918	CHD3	ENSG00000170004	FALSE	FALSE
HGNC:1919	CHD4	ENSG00000111642	TRUE	FALSE
HGNC:16816	CHD5	ENSG00000116254	FALSE	TRUE
HGNC:1925	CHEK1	ENSG00000149554	FALSE	TRUE
HGNC:16627	CHEK2	ENSG00000183765	FALSE	TRUE
HGNC:1935	CHIC2	ENSG00000109220	FALSE	FALSE
HGNC:17422	CHST11	ENSG00000171310	TRUE	FALSE
HGNC:24353	CHTF8	ENSG00000168802	FALSE	TRUE
HGNC:14214	CIC	ENSG00000079432	FALSE	TRUE
HGNC:7067	CIITA	ENSG00000179583	FALSE	TRUE
HGNC:10461	CLIP1	ENSG00000130779	FALSE	FALSE
HGNC:16999	CLP1	ENSG00000172409	FALSE	FALSE
HGNC:2092	CLTC	ENSG00000141367	FALSE	TRUE
HGNC:2093	CLTCL1	ENSG00000070371	FALSE	FALSE
HGNC:25635	CMTR2	ENSG00000180917	FALSE	TRUE
HGNC:26663	CNBD1	ENSG00000176571	TRUE	FALSE
HGNC:13164	CNBP	ENSG00000169714	FALSE	TRUE
HGNC:7879	CNOT3	ENSG00000088038	FALSE	TRUE
HGNC:10445	CNOT9	ENSG00000144580	FALSE	FALSE
HGNC:13830	CNTNAP2	ENSG00000174469	FALSE	TRUE
HGNC:1858	CNTRL	ENSG00000119397	FALSE	FALSE
HGNC:2186	COL11A1	ENSG00000060718	FALSE	FALSE
HGNC:2197	COL1A1	ENSG00000108821	TRUE	FALSE
HGNC:2198	COL1A2	ENSG00000164692	FALSE	FALSE
HGNC:2200	COL2A1	ENSG00000139219	FALSE	TRUE
HGNC:2201	COL3A1	ENSG00000168542	FALSE	FALSE
HGNC:27023	COL6A6	ENSG00000206384	FALSE	FALSE
HGNC:17440	COP1	ENSG00000143207	TRUE	FALSE
HGNC:2285	COX6C	ENSG00000164919	FALSE	FALSE
HGNC:21746	CPEB3	ENSG00000107864	FALSE	TRUE
HGNC:30185	CRBN	ENSG00000113851	FALSE	TRUE
HGNC:2345	CREB1	ENSG00000118260	TRUE	FALSE
HGNC:18856	CREB3L1	ENSG00000157613	FALSE	TRUE
HGNC:23720	CREB3L2	ENSG00000182158	TRUE	FALSE
HGNC:2348	CREBBP	ENSG00000005339	FALSE	TRUE
HGNC:2363	CRKL	ENSG00000099942	TRUE	FALSE
HGNC:14281	CRLF2	ENSG00000205755	TRUE	FALSE
HGNC:15762	CRNKL1	ENSG00000101343	FALSE	FALSE
HGNC:16062	CRTC1	ENSG00000105662	TRUE	FALSE
HGNC:26148	CRTC3	ENSG00000140577	FALSE	FALSE
HGNC:356	CRYBG1	ENSG00000112297	TRUE	FALSE
HGNC:29905	CSDE1	ENSG00000009307	FALSE	FALSE
HGNC:2432	CSF1	ENSG00000184371	FALSE	TRUE
HGNC:2433	CSF1R	ENSG00000182578	FALSE	FALSE
HGNC:2439	CSF3R	ENSG00000119535	TRUE	FALSE
HGNC:14026	CSMD1	ENSG00000183117	FALSE	TRUE
HGNC:19291	CSMD3	ENSG00000164796	FALSE	TRUE
HGNC:2457	CSNK2A1	ENSG00000101266	FALSE	FALSE
HGNC:2466	CSPG4	ENSG00000173546	FALSE	FALSE
HGNC:13723	CTCF	ENSG00000102974	FALSE	TRUE
HGNC:2505	CTLA4	ENSG00000163599	TRUE	FALSE
HGNC:2509	CTNNA1	ENSG00000044115	FALSE	TRUE
HGNC:2510	CTNNA2	ENSG00000066032	TRUE	FALSE
HGNC:2514	CTNNB1	ENSG00000168036	TRUE	FALSE
HGNC:2515	CTNND1	ENSG00000198561	FALSE	FALSE
HGNC:2516	CTNND2	ENSG00000169862	TRUE	FALSE
HGNC:16850	CTR9	ENSG00000198730	FALSE	TRUE
HGNC:2551	CUL1	ENSG00000055130	FALSE	FALSE
HGNC:2553	CUL3	ENSG00000036257	FALSE	TRUE
HGNC:2554	CUL4A	ENSG00000139842	TRUE	FALSE
HGNC:2557	CUX1	ENSG00000257923	FALSE	TRUE
HGNC:10647	CX3CL1	ENSG00000006210	FALSE	FALSE
HGNC:2561	CXCR4	ENSG00000121966	TRUE	FALSE
HGNC:2584	CYLD	ENSG00000083799	FALSE	TRUE
HGNC:2594	CYP19A1	ENSG00000137869	TRUE	FALSE
HGNC:2622	CYP2C8	ENSG00000138115	FALSE	FALSE
HGNC:2625	CYP2D6	ENSG00000100197	FALSE	TRUE
HGNC:2637	CYP3A4	ENSG00000160868	FALSE	TRUE
HGNC:2638	CYP3A5	ENSG00000106258	FALSE	TRUE
HGNC:18274	CYSLTR2	ENSG00000152207	TRUE	FALSE
HGNC:2662	DAB2	ENSG00000153071	FALSE	TRUE
HGNC:17294	DAB2IP	ENSG00000136848	FALSE	TRUE
HGNC:2663	DACH1	ENSG00000276644	TRUE	TRUE
HGNC:2681	DAXX	ENSG00000204209	FALSE	TRUE
HGNC:2683	DAZAP1	ENSG00000071626	FALSE	FALSE
HGNC:32950	DCAF12L2	ENSG00000198354	FALSE	FALSE
HGNC:2701	DCC	ENSG00000187323	FALSE	TRUE
HGNC:2711	DCTN1	ENSG00000204843	FALSE	FALSE
HGNC:18184	DCUN1D1	ENSG00000043093	TRUE	FALSE
HGNC:2718	DDB2	ENSG00000134574	TRUE	TRUE
HGNC:2726	DDIT3	ENSG00000175197	FALSE	FALSE
HGNC:2731	DDR2	ENSG00000162733	TRUE	FALSE
HGNC:2735	DDX10	ENSG00000178105	FALSE	TRUE
HGNC:2745	DDX3X	ENSG00000215301	FALSE	TRUE
HGNC:18700	DDX4	ENSG00000152670	TRUE	FALSE
HGNC:18674	DDX41	ENSG00000183258	FALSE	TRUE
HGNC:2746	DDX5	ENSG00000108654	TRUE	FALSE
HGNC:2747	DDX6	ENSG00000110367	TRUE	FALSE
HGNC:2768	DEK	ENSG00000124795	TRUE	FALSE
HGNC:18423	DEPDC5	ENSG00000100150	FALSE	TRUE
HGNC:2847	DGCR8	ENSG00000128191	TRUE	FALSE
HGNC:2849	DGKA	ENSG00000065357	FALSE	FALSE
HGNC:2750	DHX9	ENSG00000135829	TRUE	FALSE
HGNC:2877	DIAPH2	ENSG00000147202	TRUE	TRUE
HGNC:17098	DICER1	ENSG00000100697	FALSE	TRUE
HGNC:20604	DIS3	ENSG00000083520	FALSE	TRUE
HGNC:2891	DKK1	ENSG00000107984	FALSE	FALSE
HGNC:2892	DKK2	ENSG00000155011	FALSE	FALSE
HGNC:2893	DKK3	ENSG00000050165	FALSE	FALSE
HGNC:2894	DKK4	ENSG00000104371	FALSE	FALSE
HGNC:2897	DLC1	ENSG00000164741	FALSE	TRUE
HGNC:2901	DLG2	ENSG00000150672	FALSE	TRUE
HGNC:2928	DMD	ENSG00000198947	FALSE	FALSE
HGNC:5270	DNAJB1	ENSG00000132002	FALSE	FALSE
HGNC:2974	DNM2	ENSG00000079805	TRUE	FALSE
HGNC:2976	DNMT1	ENSG00000130816	TRUE	FALSE
HGNC:2978	DNMT3A	ENSG00000119772	FALSE	TRUE
HGNC:2979	DNMT3B	ENSG00000088305	FALSE	TRUE
HGNC:19191	DOCK8	ENSG00000107099	FALSE	TRUE
HGNC:24948	DOT1L	ENSG00000104885	TRUE	FALSE
HGNC:3012	DPYD	ENSG00000188641	FALSE	FALSE
HGNC:3026	DRD5	ENSG00000169676	FALSE	FALSE
HGNC:17904	DROSHA	ENSG00000113360	FALSE	FALSE
HGNC:3052	DSP	ENSG00000096696	FALSE	FALSE
HGNC:3060	DTX1	ENSG00000135144	FALSE	TRUE
HGNC:3068	DUSP2	ENSG00000158050	FALSE	FALSE
HGNC:16077	DUSP22	ENSG00000112679	FALSE	TRUE
HGNC:3070	DUSP4	ENSG00000120875	FALSE	TRUE
HGNC:50800	DUX4	ENSG00000260596	NA	NA
HGNC:3091	DYRK1A	ENSG00000157540	FALSE	FALSE
HGNC:3113	E2F1	ENSG00000101412	TRUE	TRUE
HGNC:3114	E2F2	ENSG00000007968	TRUE	TRUE
HGNC:3115	E2F3	ENSG00000112242	TRUE	FALSE
HGNC:3126	EBF1	ENSG00000164330	FALSE	FALSE
HGNC:29548	ECSIT	ENSG00000130159	TRUE	FALSE
HGNC:21118	ECT2L	ENSG00000203734	FALSE	TRUE
HGNC:3188	EED	ENSG00000074266	FALSE	TRUE
HGNC:3189	EEF1A1	ENSG00000156508	TRUE	FALSE
HGNC:3214	EEF2	ENSG00000167658	FALSE	FALSE
HGNC:3229	EGF	ENSG00000138798	TRUE	FALSE
HGNC:20594	EGFL7	ENSG00000172889	TRUE	FALSE
HGNC:3236	EGFR	ENSG00000146648	TRUE	FALSE
HGNC:3238	EGR1	ENSG00000120738	FALSE	TRUE
HGNC:3239	EGR2	ENSG00000122877	FALSE	FALSE
HGNC:3240	EGR3	ENSG00000179388	FALSE	FALSE
HGNC:3250	EIF1AX	ENSG00000173674	FALSE	FALSE
HGNC:3257	EIF2B1	ENSG00000111361	FALSE	TRUE
HGNC:3277	EIF3E	ENSG00000104408	FALSE	FALSE
HGNC:3284	EIF4A2	ENSG00000156976	TRUE	FALSE
HGNC:3287	EIF4E	ENSG00000151247	TRUE	FALSE
HGNC:3318	ELF3	ENSG00000163435	TRUE	TRUE
HGNC:3319	ELF4	ENSG00000102034	TRUE	FALSE
HGNC:3326	ELK4	ENSG00000158711	TRUE	FALSE
HGNC:23114	ELL	ENSG00000105656	TRUE	FALSE
HGNC:16286	ELMO1	ENSG00000155849	FALSE	FALSE
HGNC:3327	ELN	ENSG00000049540	TRUE	FALSE
HGNC:11617	ELOC	ENSG00000154582	FALSE	FALSE
HGNC:1316	EML4	ENSG00000143924	TRUE	FALSE
HGNC:18071	EMSY	ENSG00000158636	TRUE	FALSE
HGNC:3373	EP300	ENSG00000100393	FALSE	TRUE
HGNC:11958	EP400	ENSG00000183495	FALSE	TRUE
HGNC:3374	EPAS1	ENSG00000116016	FALSE	FALSE
HGNC:11529	EPCAM	ENSG00000119888	FALSE	TRUE
HGNC:3385	EPHA1	ENSG00000146904	FALSE	FALSE
HGNC:3386	EPHA2	ENSG00000142627	TRUE	FALSE
HGNC:3387	EPHA3	ENSG00000044524	FALSE	TRUE
HGNC:3389	EPHA5	ENSG00000145242	FALSE	FALSE
HGNC:3390	EPHA7	ENSG00000135333	TRUE	TRUE
HGNC:3392	EPHB1	ENSG00000154928	TRUE	TRUE
HGNC:3395	EPHB4	ENSG00000196411	TRUE	FALSE
HGNC:3396	EPHB6	ENSG00000106123	FALSE	FALSE
HGNC:3416	EPOR	ENSG00000187266	TRUE	FALSE
HGNC:3419	EPS15	ENSG00000085832	FALSE	TRUE
HGNC:3430	ERBB2	ENSG00000141736	TRUE	FALSE
HGNC:3431	ERBB3	ENSG00000065361	TRUE	FALSE
HGNC:3432	ERBB4	ENSG00000178568	TRUE	FALSE
HGNC:17072	ERC1	ENSG00000082805	TRUE	FALSE
HGNC:3433	ERCC1	ENSG00000012061	FALSE	FALSE
HGNC:3434	ERCC2	ENSG00000104884	FALSE	TRUE
HGNC:3435	ERCC3	ENSG00000163161	FALSE	TRUE
HGNC:3436	ERCC4	ENSG00000175595	FALSE	TRUE
HGNC:3437	ERCC5	ENSG00000134899	FALSE	TRUE
HGNC:3438	ERCC6	ENSG00000225830	FALSE	FALSE
HGNC:3444	ERF	ENSG00000105722	FALSE	TRUE
HGNC:3446	ERG	ENSG00000157554	TRUE	FALSE
HGNC:18185	ERRFI1	ENSG00000116285	FALSE	TRUE
HGNC:27230	ESCO2	ENSG00000171320	FALSE	TRUE
HGNC:3467	ESR1	ENSG00000091831	TRUE	FALSE
HGNC:3468	ESR2	ENSG00000140009	TRUE	FALSE
HGNC:3474	ESRRG	ENSG00000196482	FALSE	FALSE
HGNC:24648	ETAA1	ENSG00000143971	FALSE	TRUE
HGNC:24649	ETNK1	ENSG00000139163	FALSE	FALSE
HGNC:3488	ETS1	ENSG00000134954	TRUE	TRUE
HGNC:3489	ETS2	ENSG00000157557	FALSE	TRUE
HGNC:3490	ETV1	ENSG00000006468	TRUE	FALSE
HGNC:3493	ETV4	ENSG00000175832	TRUE	FALSE
HGNC:3494	ETV5	ENSG00000244405	TRUE	FALSE
HGNC:3495	ETV6	ENSG00000139083	FALSE	TRUE
HGNC:3508	EWSR1	ENSG00000182944	TRUE	FALSE
HGNC:3512	EXT1	ENSG00000182197	FALSE	TRUE
HGNC:3513	EXT2	ENSG00000151348	FALSE	TRUE
HGNC:3522	EYA4	ENSG00000112319	FALSE	TRUE
HGNC:21555	EYS	ENSG00000188107	FALSE	TRUE
HGNC:3526	EZH1	ENSG00000108799	TRUE	FALSE
HGNC:3527	EZH2	ENSG00000106462	TRUE	TRUE
HGNC:33738	EZHIP	ENSG00000187690	TRUE	FALSE
HGNC:12691	EZR	ENSG00000092820	TRUE	TRUE
HGNC:22202	FAM131B	ENSG00000159784	FALSE	FALSE
HGNC:28029	FAM135B	ENSG00000147724	FALSE	FALSE
HGNC:25301	FAM47C	ENSG00000198173	FALSE	FALSE
HGNC:3582	FANCA	ENSG00000187741	FALSE	TRUE
HGNC:3584	FANCC	ENSG00000158169	FALSE	TRUE
HGNC:3585	FANCD2	ENSG00000144554	FALSE	TRUE
HGNC:3586	FANCE	ENSG00000112039	FALSE	TRUE
HGNC:3587	FANCF	ENSG00000183161	FALSE	TRUE
HGNC:3588	FANCG	ENSG00000221829	FALSE	TRUE
HGNC:20748	FANCL	ENSG00000115392	FALSE	TRUE
HGNC:23168	FANCM	ENSG00000187790	FALSE	TRUE
HGNC:11920	FAS	ENSG00000026103	FALSE	TRUE
HGNC:3595	FAT1	ENSG00000083857	FALSE	TRUE
HGNC:3596	FAT2	ENSG00000086570	FALSE	FALSE
HGNC:23112	FAT3	ENSG00000165323	FALSE	FALSE
HGNC:23109	FAT4	ENSG00000196159	FALSE	TRUE
HGNC:3600	FBLN1	ENSG00000077942	FALSE	FALSE
HGNC:3601	FBLN2	ENSG00000163520	FALSE	TRUE
HGNC:13615	FBXL17	ENSG00000145743	FALSE	TRUE
HGNC:13590	FBXO11	ENSG00000138081	FALSE	TRUE
HGNC:13608	FBXW2	ENSG00000119402	FALSE	FALSE
HGNC:16712	FBXW7	ENSG00000109670	FALSE	TRUE
HGNC:3618	FCGR2B	ENSG00000072694	TRUE	FALSE
HGNC:3619	FCGR3A	ENSG00000203747	FALSE	FALSE
HGNC:18507	FCRL4	ENSG00000163518	TRUE	FALSE
HGNC:3650	FEN1	ENSG00000168496	FALSE	TRUE
HGNC:3657	FES	ENSG00000182511	TRUE	FALSE
HGNC:18562	FEV	ENSG00000163497	FALSE	FALSE
HGNC:3666	FGF10	ENSG00000070193	TRUE	FALSE
HGNC:3671	FGF14	ENSG00000102466	FALSE	TRUE
HGNC:3675	FGF19	ENSG00000162344	TRUE	FALSE
HGNC:3676	FGF2	ENSG00000138685	FALSE	FALSE
HGNC:3680	FGF23	ENSG00000118972	TRUE	FALSE
HGNC:3681	FGF3	ENSG00000186895	TRUE	FALSE
HGNC:3682	FGF4	ENSG00000075388	TRUE	FALSE
HGNC:3683	FGF5	ENSG00000138675	TRUE	FALSE
HGNC:3684	FGF6	ENSG00000111241	TRUE	FALSE
HGNC:3688	FGFR1	ENSG00000077782	TRUE	FALSE
HGNC:3689	FGFR2	ENSG00000066468	TRUE	FALSE
HGNC:3690	FGFR3	ENSG00000068078	TRUE	FALSE
HGNC:3691	FGFR4	ENSG00000160867	TRUE	FALSE
HGNC:3700	FH	ENSG00000091483	FALSE	TRUE
HGNC:3701	FHIT	ENSG00000189283	FALSE	TRUE
HGNC:19124	FIP1L1	ENSG00000145216	TRUE	FALSE
HGNC:3725	FKBP9	ENSG00000122642	FALSE	FALSE
HGNC:27310	FLCN	ENSG00000154803	FALSE	TRUE
HGNC:3749	FLI1	ENSG00000151702	TRUE	FALSE
HGNC:3750	FLII	ENSG00000177731	TRUE	FALSE
HGNC:3754	FLNA	ENSG00000196924	FALSE	FALSE
HGNC:3763	FLT1	ENSG00000102755	TRUE	FALSE
HGNC:3765	FLT3	ENSG00000122025	TRUE	FALSE
HGNC:3767	FLT4	ENSG00000037280	TRUE	FALSE
HGNC:3778	FN1	ENSG00000115414	FALSE	FALSE
HGNC:17069	FNBP1	ENSG00000187239	FALSE	FALSE
HGNC:3785	FNTB	ENSG00000257365	FALSE	FALSE
HGNC:3788	FOLH1	ENSG00000086205	TRUE	FALSE
HGNC:3796	FOS	ENSG00000170345	TRUE	FALSE
HGNC:3798	FOSL2	ENSG00000075426	FALSE	TRUE
HGNC:5021	FOXA1	ENSG00000129514	TRUE	TRUE
HGNC:5022	FOXA2	ENSG00000125798	TRUE	TRUE
HGNC:3806	FOXE1	ENSG00000178919	FALSE	FALSE
HGNC:3809	FOXF1	ENSG00000103241	TRUE	TRUE
HGNC:1092	FOXL2	ENSG00000183770	TRUE	TRUE
HGNC:3818	FOXM1	ENSG00000111206	TRUE	FALSE
HGNC:21399	FOXN4	ENSG00000139445	TRUE	FALSE
HGNC:3819	FOXO1	ENSG00000150907	FALSE	TRUE
HGNC:3821	FOXO3	ENSG00000118689	FALSE	FALSE
HGNC:7139	FOXO4	ENSG00000184481	TRUE	TRUE
HGNC:3823	FOXP1	ENSG00000114861	TRUE	TRUE
HGNC:6106	FOXP3	ENSG00000049768	FALSE	TRUE
HGNC:20951	FOXQ1	ENSG00000164379	FALSE	TRUE
HGNC:29980	FOXR1	ENSG00000176302	TRUE	FALSE
HGNC:30469	FOXR2	ENSG00000189299	TRUE	FALSE
HGNC:16971	FRS2	ENSG00000166225	TRUE	FALSE
HGNC:3972	FSTL1	ENSG00000163430	TRUE	FALSE
HGNC:3973	FSTL3	ENSG00000070404	TRUE	FALSE
HGNC:24678	FTO	ENSG00000140718	TRUE	FALSE
HGNC:4004	FUBP1	ENSG00000162613	FALSE	TRUE
HGNC:8568	FURIN	ENSG00000140564	TRUE	FALSE
HGNC:4010	FUS	ENSG00000089280	TRUE	FALSE
HGNC:4037	FYN	ENSG00000010810	TRUE	FALSE
HGNC:24824	FZR1	ENSG00000105325	TRUE	TRUE
HGNC:4057	G6PD	ENSG00000160211	FALSE	TRUE
HGNC:4066	GAB1	ENSG00000109458	TRUE	FALSE
HGNC:14458	GAB2	ENSG00000033327	TRUE	FALSE
HGNC:4080	GABRA6	ENSG00000145863	TRUE	FALSE
HGNC:4095	GADD45A	ENSG00000116717	FALSE	FALSE
HGNC:4169	GAS7	ENSG00000007237	TRUE	FALSE
HGNC:4170	GATA1	ENSG00000102145	FALSE	FALSE
HGNC:4171	GATA2	ENSG00000179348	TRUE	FALSE
HGNC:4172	GATA3	ENSG00000107485	TRUE	TRUE
HGNC:4173	GATA4	ENSG00000136574	FALSE	TRUE
HGNC:4174	GATA6	ENSG00000141448	TRUE	FALSE
HGNC:4317	GLI1	ENSG00000111087	TRUE	FALSE
HGNC:4318	GLI2	ENSG00000074047	TRUE	FALSE
HGNC:4319	GLI3	ENSG00000106571	TRUE	FALSE
HGNC:29570	GLS2	ENSG00000135423	FALSE	TRUE
HGNC:4369	GMDS	ENSG00000112699	FALSE	TRUE
HGNC:4378	GMPS	ENSG00000163655	FALSE	FALSE
HGNC:4379	GNA11	ENSG00000088256	TRUE	FALSE
HGNC:4380	GNA12	ENSG00000146535	TRUE	FALSE
HGNC:4381	GNA13	ENSG00000120063	TRUE	TRUE
HGNC:4385	GNAI2	ENSG00000114353	FALSE	FALSE
HGNC:4390	GNAQ	ENSG00000156052	TRUE	FALSE
HGNC:4392	GNAS	ENSG00000087460	TRUE	FALSE
HGNC:4396	GNB1	ENSG00000078369	TRUE	FALSE
HGNC:4428	GOLGA5	ENSG00000066455	FALSE	FALSE
HGNC:17643	GOPC	ENSG00000047932	FALSE	FALSE
HGNC:4451	GPC3	ENSG00000147257	TRUE	TRUE
HGNC:4453	GPC5	ENSG00000179399	FALSE	TRUE
HGNC:15465	GPHN	ENSG00000171723	FALSE	FALSE
HGNC:9836	GPRC5A	ENSG00000013588	FALSE	TRUE
HGNC:4550	GPS2	ENSG00000132522	FALSE	TRUE
HGNC:4566	GRB2	ENSG00000177885	FALSE	FALSE
HGNC:2001	GREM1	ENSG00000166923	TRUE	FALSE
HGNC:2799	GRHL2	ENSG00000083307	FALSE	FALSE
HGNC:4585	GRIN2A	ENSG00000183454	FALSE	TRUE
HGNC:4588	GRIN2D	ENSG00000105464	FALSE	FALSE
HGNC:4593	GRM1	ENSG00000152822	TRUE	FALSE
HGNC:4595	GRM3	ENSG00000198822	FALSE	FALSE
HGNC:4617	GSK3B	ENSG00000082701	TRUE	FALSE
HGNC:4638	GSTP1	ENSG00000084207	FALSE	TRUE
HGNC:4659	GTF2I	ENSG00000263001	TRUE	FALSE
HGNC:4716	H1-2	ENSG00000187837	FALSE	FALSE
HGNC:4717	H1-3	ENSG00000124575	FALSE	TRUE
HGNC:4718	H1-4	ENSG00000168298	TRUE	FALSE
HGNC:4719	H1-5	ENSG00000184357	FALSE	TRUE
HGNC:4737	H2AC11	ENSG00000196787	FALSE	FALSE
HGNC:4730	H2AC16	ENSG00000276903	FALSE	FALSE
HGNC:4735	H2AC17	ENSG00000278677	TRUE	FALSE
HGNC:4733	H2AC6	ENSG00000180573	FALSE	FALSE
HGNC:4761	H2BC11	ENSG00000124635	FALSE	FALSE
HGNC:13954	H2BC12	ENSG00000197903	FALSE	FALSE
HGNC:4758	H2BC17	ENSG00000274641	FALSE	FALSE
HGNC:4757	H2BC4	ENSG00000180596	FALSE	FALSE
HGNC:4747	H2BC5	ENSG00000158373	FALSE	FALSE
HGNC:4746	H2BC8	ENSG00000273802	FALSE	FALSE
HGNC:4764	H3-3A	ENSG00000163041	TRUE	FALSE
HGNC:4765	H3-3B	ENSG00000132475	FALSE	FALSE
HGNC:4778	H3-4	ENSG00000168148	FALSE	FALSE
HGNC:33164	H3-5	ENSG00000188375	FALSE	FALSE
HGNC:4766	H3C1	ENSG00000275714	FALSE	FALSE
HGNC:4775	H3C10	ENSG00000278828	FALSE	FALSE
HGNC:4771	H3C11	ENSG00000275379	FALSE	FALSE
HGNC:4774	H3C12	ENSG00000197153	FALSE	FALSE
HGNC:25311	H3C13	ENSG00000183598	FALSE	FALSE
HGNC:20503	H3C14	ENSG00000203811	FALSE	FALSE
HGNC:20505	H3C15	ENSG00000203852	FALSE	FALSE
HGNC:4776	H3C2	ENSG00000286522	FALSE	FALSE
HGNC:4768	H3C3	ENSG00000287080	FALSE	FALSE
HGNC:4767	H3C4	ENSG00000197409	FALSE	FALSE
HGNC:4769	H3C6	ENSG00000274750	FALSE	FALSE
HGNC:4773	H3C7	ENSG00000277775	FALSE	FALSE
HGNC:4772	H3C8	ENSG00000273983	FALSE	FALSE
HGNC:42980	H3P6	ENSG00000235655	FALSE	FALSE
HGNC:4783	H4C6	ENSG00000274618	FALSE	FALSE
HGNC:4793	H4C9	ENSG00000276180	FALSE	FALSE
HGNC:4852	HDAC1	ENSG00000116478	TRUE	FALSE
HGNC:4853	HDAC2	ENSG00000196591	TRUE	FALSE
HGNC:14063	HDAC4	ENSG00000068024	TRUE	TRUE
HGNC:14064	HDAC6	ENSG00000094631	TRUE	FALSE
HGNC:14067	HDAC7	ENSG00000061273	TRUE	FALSE
HGNC:14065	HDAC9	ENSG00000048052	TRUE	FALSE
HGNC:13744	HERPUD1	ENSG00000051108	FALSE	FALSE
HGNC:4880	HEY1	ENSG00000164683	TRUE	FALSE
HGNC:4893	HGF	ENSG00000019991	TRUE	FALSE
HGNC:4910	HIF1A	ENSG00000100644	TRUE	FALSE
HGNC:4913	HIP1	ENSG00000127946	TRUE	FALSE
HGNC:14402	HIPK2	ENSG00000064393	FALSE	FALSE
HGNC:4916	HIRA	ENSG00000100084	FALSE	TRUE
HGNC:4931	HLA-A	ENSG00000206503	FALSE	TRUE
HGNC:4932	HLA-B	ENSG00000234745	FALSE	TRUE
HGNC:4933	HLA-C	ENSG00000204525	FALSE	TRUE
HGNC:4977	HLF	ENSG00000108924	TRUE	FALSE
HGNC:5010	HMGA1	ENSG00000137309	TRUE	FALSE
HGNC:5009	HMGA2	ENSG00000149948	TRUE	FALSE
HGNC:26817	HMGN2P46	ENSG00000179362	FALSE	FALSE
HGNC:11621	HNF1A	ENSG00000135100	FALSE	TRUE
HGNC:11630	HNF1B	ENSG00000275410	FALSE	FALSE
HGNC:5033	HNRNPA2B1	ENSG00000122566	TRUE	FALSE
HGNC:23576	HOOK3	ENSG00000168172	FALSE	FALSE
HGNC:5101	HOXA11	ENSG00000005073	TRUE	TRUE
HGNC:5102	HOXA13	ENSG00000106031	TRUE	FALSE
HGNC:5109	HOXA9	ENSG00000078399	TRUE	TRUE
HGNC:5112	HOXB13	ENSG00000159184	TRUE	TRUE
HGNC:5123	HOXC11	ENSG00000123388	TRUE	FALSE
HGNC:5125	HOXC13	ENSG00000123364	TRUE	FALSE
HGNC:5134	HOXD11	ENSG00000128713	TRUE	FALSE
HGNC:5136	HOXD13	ENSG00000128714	TRUE	FALSE
HGNC:5173	HRAS	ENSG00000174775	TRUE	FALSE
HGNC:5211	HSD17B2	ENSG00000086696	FALSE	TRUE
HGNC:5217	HSD3B1	ENSG00000203857	TRUE	FALSE
HGNC:5253	HSP90AA1	ENSG00000080824	TRUE	FALSE
HGNC:5258	HSP90AB1	ENSG00000096384	FALSE	FALSE
HGNC:12028	HSP90B1	ENSG00000166598	FALSE	FALSE
HGNC:5273	HSPG2	ENSG00000142798	FALSE	FALSE
HGNC:16637	HTATIP2	ENSG00000109854	FALSE	TRUE
HGNC:17087	ICOSLG	ENSG00000160223	TRUE	FALSE
HGNC:5360	ID1	ENSG00000125968	TRUE	FALSE
HGNC:5362	ID3	ENSG00000117318	FALSE	TRUE
HGNC:5382	IDH1	ENSG00000138413	TRUE	FALSE
HGNC:5383	IDH2	ENSG00000182054	TRUE	FALSE
HGNC:5432	IFNAR1	ENSG00000142166	FALSE	FALSE
HGNC:5439	IFNGR1	ENSG00000027697	FALSE	TRUE
HGNC:5464	IGF1	ENSG00000017427	TRUE	FALSE
HGNC:5465	IGF1R	ENSG00000140443	TRUE	FALSE
HGNC:5466	IGF2	ENSG00000167244	TRUE	FALSE
HGNC:28867	IGF2BP2	ENSG00000073792	TRUE	TRUE
HGNC:5467	IGF2R	ENSG00000197081	FALSE	TRUE
HGNC:38476	IGLL5	ENSG00000254709	FALSE	FALSE
HGNC:5960	IKBKB	ENSG00000104365	TRUE	FALSE
HGNC:14552	IKBKE	ENSG00000263528	TRUE	FALSE
HGNC:13176	IKZF1	ENSG00000185811	FALSE	FALSE
HGNC:13178	IKZF3	ENSG00000161405	TRUE	TRUE
HGNC:5962	IL10	ENSG00000136634	FALSE	FALSE
HGNC:5992	IL1B	ENSG00000125538	FALSE	FALSE
HGNC:5996	IL1RAPL1	ENSG00000169306	FALSE	TRUE
HGNC:6001	IL2	ENSG00000109471	FALSE	FALSE
HGNC:6006	IL21R	ENSG00000103522	FALSE	FALSE
HGNC:6009	IL2RB	ENSG00000100385	FALSE	FALSE
HGNC:6011	IL3	ENSG00000164399	TRUE	FALSE
HGNC:6015	IL4R	ENSG00000077238	FALSE	FALSE
HGNC:6018	IL6	ENSG00000136244	TRUE	FALSE
HGNC:6021	IL6ST	ENSG00000134352	TRUE	FALSE
HGNC:6024	IL7R	ENSG00000168685	TRUE	FALSE
HGNC:14598	IMMP2L	ENSG00000184903	FALSE	TRUE
HGNC:6062	ING1	ENSG00000153487	FALSE	TRUE
HGNC:6065	INHA	ENSG00000123999	FALSE	TRUE
HGNC:6066	INHBA	ENSG00000122641	TRUE	TRUE
HGNC:6074	INPP4A	ENSG00000040933	FALSE	FALSE
HGNC:6075	INPP4B	ENSG00000109452	FALSE	TRUE
HGNC:6080	INPPL1	ENSG00000165458	FALSE	TRUE
HGNC:6091	INSR	ENSG00000171105	TRUE	FALSE
HGNC:14879	INTS6	ENSG00000102786	FALSE	TRUE
HGNC:6110	IQGAP1	ENSG00000140575	TRUE	FALSE
HGNC:6116	IRF1	ENSG00000125347	FALSE	TRUE
HGNC:6117	IRF2	ENSG00000168310	FALSE	TRUE
HGNC:6119	IRF4	ENSG00000137265	TRUE	FALSE
HGNC:5358	IRF8	ENSG00000140968	FALSE	TRUE
HGNC:6125	IRS1	ENSG00000169047	TRUE	FALSE
HGNC:6126	IRS2	ENSG00000185950	TRUE	FALSE
HGNC:6128	IRS4	ENSG00000133124	TRUE	TRUE
HGNC:28084	ISX	ENSG00000175329	TRUE	FALSE
HGNC:13890	ITCH	ENSG00000078747	FALSE	TRUE
HGNC:6145	ITGA9	ENSG00000144668	FALSE	FALSE
HGNC:6150	ITGAV	ENSG00000138448	FALSE	FALSE
HGNC:6171	ITK	ENSG00000113263	FALSE	FALSE
HGNC:6179	ITPKB	ENSG00000143772	TRUE	FALSE
HGNC:6188	JAG1	ENSG00000101384	TRUE	FALSE
HGNC:6190	JAK1	ENSG00000162434	TRUE	TRUE
HGNC:6192	JAK2	ENSG00000096968	TRUE	FALSE
HGNC:6193	JAK3	ENSG00000105639	TRUE	FALSE
HGNC:6196	JARID2	ENSG00000008083	TRUE	TRUE
HGNC:28917	JAZF1	ENSG00000153814	FALSE	FALSE
HGNC:25724	JMJD4	ENSG00000081692	FALSE	TRUE
HGNC:6204	JUN	ENSG00000177606	TRUE	FALSE
HGNC:24565	KANSL1	ENSG00000120071	FALSE	TRUE
HGNC:13013	KAT6A	ENSG00000083168	FALSE	FALSE
HGNC:17582	KAT6B	ENSG00000156650	FALSE	TRUE
HGNC:17016	KAT7	ENSG00000136504	TRUE	FALSE
HGNC:23761	KBTBD4	ENSG00000123444	FALSE	FALSE
HGNC:6266	KCNJ5	ENSG00000120457	TRUE	FALSE
HGNC:9886	KDM5A	ENSG00000073614	TRUE	FALSE
HGNC:11114	KDM5C	ENSG00000126012	FALSE	TRUE
HGNC:11115	KDM5D	ENSG00000012817	TRUE	TRUE
HGNC:12637	KDM6A	ENSG00000147050	FALSE	TRUE
HGNC:6307	KDR	ENSG00000128052	TRUE	FALSE
HGNC:4021	KDSR	ENSG00000119537	TRUE	FALSE
HGNC:23177	KEAP1	ENSG00000079999	FALSE	TRUE
HGNC:6308	KEL	ENSG00000197993	TRUE	FALSE
HGNC:22219	KIAA1549	ENSG00000122778	FALSE	FALSE
HGNC:6324	KIF5B	ENSG00000170759	FALSE	FALSE
HGNC:6342	KIT	ENSG00000157404	TRUE	FALSE
HGNC:6347	KLF2	ENSG00000127528	FALSE	TRUE
HGNC:16516	KLF3	ENSG00000109787	FALSE	TRUE
HGNC:6348	KLF4	ENSG00000136826	TRUE	TRUE
HGNC:6349	KLF5	ENSG00000102554	TRUE	FALSE
HGNC:2235	KLF6	ENSG00000067082	FALSE	TRUE
HGNC:18653	KLHL6	ENSG00000172578	TRUE	TRUE
HGNC:6363	KLK2	ENSG00000167751	FALSE	FALSE
HGNC:37212	KLLN	ENSG00000227268	FALSE	FALSE
HGNC:7132	KMT2A	ENSG00000118058	FALSE	TRUE
HGNC:15840	KMT2B	ENSG00000272333	FALSE	TRUE
HGNC:13726	KMT2C	ENSG00000055609	FALSE	TRUE
HGNC:7133	KMT2D	ENSG00000167548	FALSE	TRUE
HGNC:29489	KMT5A	ENSG00000183955	FALSE	FALSE
HGNC:24054	KNL1	ENSG00000137812	FALSE	TRUE
HGNC:30767	KNSTRN	ENSG00000128944	FALSE	FALSE
HGNC:6400	KPNB1	ENSG00000108424	FALSE	FALSE
HGNC:6407	KRAS	ENSG00000133703	TRUE	FALSE
HGNC:6442	KRT5	ENSG00000186081	FALSE	FALSE
HGNC:23601	KRTAP5-5	ENSG00000185940	FALSE	TRUE
HGNC:18610	KSR2	ENSG00000171435	TRUE	FALSE
HGNC:6467	KTN1	ENSG00000126777	FALSE	FALSE
HGNC:28987	LARP4B	ENSG00000107929	FALSE	FALSE
HGNC:6513	LASP1	ENSG00000002834	TRUE	FALSE
HGNC:6514	LATS1	ENSG00000131023	FALSE	TRUE
HGNC:6515	LATS2	ENSG00000150457	FALSE	TRUE
HGNC:6524	LCK	ENSG00000182866	TRUE	FALSE
HGNC:6528	LCP1	ENSG00000136167	FALSE	FALSE
HGNC:6532	LDB1	ENSG00000198728	FALSE	FALSE
HGNC:6551	LEF1	ENSG00000138795	TRUE	FALSE
HGNC:6555	LEPROTL1	ENSG00000104660	FALSE	TRUE
HGNC:4504	LGR5	ENSG00000139292	TRUE	FALSE
HGNC:6586	LHFPL6	ENSG00000183722	FALSE	FALSE
HGNC:6597	LIFR	ENSG00000113594	FALSE	TRUE
HGNC:32207	LIN28B	ENSG00000187772	TRUE	FALSE
HGNC:38515	LINC00290	ENSG00000248197	FALSE	TRUE
HGNC:38540	LINC01001	ENSG00000230724	FALSE	TRUE
HGNC:25287	LMBRD2	ENSG00000164187	TRUE	FALSE
HGNC:6636	LMNA	ENSG00000160789	FALSE	FALSE
HGNC:6641	LMO1	ENSG00000166407	TRUE	FALSE
HGNC:6642	LMO2	ENSG00000135363	TRUE	FALSE
HGNC:3166	LPAR1	ENSG00000198121	FALSE	FALSE
HGNC:6679	LPP	ENSG00000145012	TRUE	FALSE
HGNC:30991	LRIG3	ENSG00000139263	FALSE	TRUE
HGNC:6693	LRP1B	ENSG00000168702	FALSE	TRUE
HGNC:6697	LRP5	ENSG00000162337	TRUE	TRUE
HGNC:6698	LRP6	ENSG00000070018	TRUE	FALSE
HGNC:17200	LRRN3	ENSG00000173114	FALSE	TRUE
HGNC:6705	LSAMP	ENSG00000185565	FALSE	TRUE
HGNC:24489	LSM14A	ENSG00000257103	FALSE	FALSE
HGNC:6711	LTB	ENSG00000227507	TRUE	TRUE
HGNC:6721	LTK	ENSG00000062524	TRUE	FALSE
HGNC:6734	LYL1	ENSG00000104903	TRUE	FALSE
HGNC:6735	LYN	ENSG00000254087	TRUE	FALSE
HGNC:6742	LZTR1	ENSG00000099949	FALSE	TRUE
HGNC:30215	MACC1	ENSG00000183742	TRUE	FALSE
HGNC:13664	MACF1	ENSG00000127603	FALSE	FALSE
HGNC:16126	MACROD2	ENSG00000172264	FALSE	TRUE
HGNC:6764	MAD2L2	ENSG00000116670	TRUE	TRUE
HGNC:6776	MAF	ENSG00000178573	FALSE	FALSE
HGNC:6408	MAFB	ENSG00000204103	TRUE	FALSE
HGNC:13634	MAL2	ENSG00000147676	FALSE	TRUE
HGNC:29665	MALAT1	ENSG00000251562	TRUE	TRUE
HGNC:6819	MALT1	ENSG00000172175	FALSE	FALSE
HGNC:16259	MAML2	ENSG00000184384	TRUE	FALSE
HGNC:6840	MAP2K1	ENSG00000169032	TRUE	FALSE
HGNC:6842	MAP2K2	ENSG00000126934	TRUE	FALSE
HGNC:6844	MAP2K4	ENSG00000065559	FALSE	TRUE
HGNC:6847	MAP2K7	ENSG00000076984	FALSE	TRUE
HGNC:6848	MAP3K1	ENSG00000095015	FALSE	TRUE
HGNC:6852	MAP3K13	ENSG00000073803	TRUE	FALSE
HGNC:6853	MAP3K14	ENSG00000006062	TRUE	FALSE
HGNC:29798	MAP3K21	ENSG00000143674	FALSE	TRUE
HGNC:6858	MAP3K6	ENSG00000142733	FALSE	FALSE
HGNC:6859	MAP3K7	ENSG00000135341	TRUE	FALSE
HGNC:6860	MAP3K8	ENSG00000107968	TRUE	FALSE
HGNC:6866	MAP4K4	ENSG00000071054	TRUE	FALSE
HGNC:6871	MAPK1	ENSG00000100030	TRUE	FALSE
HGNC:6877	MAPK3	ENSG00000102882	TRUE	FALSE
HGNC:18752	MAPKAP1	ENSG00000119487	FALSE	FALSE
HGNC:3332	MARK2	ENSG00000072518	TRUE	FALSE
HGNC:6913	MAX	ENSG00000125952	FALSE	TRUE
HGNC:30438	MB21D2	ENSG00000180611	FALSE	FALSE
HGNC:6919	MBD4	ENSG00000129071	FALSE	TRUE
HGNC:20445	MBD6	ENSG00000166987	FALSE	TRUE
HGNC:6943	MCL1	ENSG00000143384	TRUE	FALSE
HGNC:6948	MCM5	ENSG00000100297	FALSE	FALSE
HGNC:21163	MDC1	ENSG00000137337	FALSE	FALSE
HGNC:6973	MDM2	ENSG00000135679	TRUE	FALSE
HGNC:6974	MDM4	ENSG00000198625	TRUE	FALSE
HGNC:29633	MDS2	ENSG00000197880	TRUE	FALSE
HGNC:3498	MECOM	ENSG00000085276	TRUE	FALSE
HGNC:11957	MED12	ENSG00000184634	TRUE	TRUE
HGNC:2372	MED23	ENSG00000112282	FALSE	FALSE
HGNC:6995	MEF2B	ENSG00000213999	TRUE	FALSE
HGNC:6996	MEF2C	ENSG00000081189	TRUE	TRUE
HGNC:6997	MEF2D	ENSG00000116604	TRUE	FALSE
HGNC:3232	MEGF6	ENSG00000162591	FALSE	TRUE
HGNC:7000	MEIS1	ENSG00000143995	TRUE	FALSE
HGNC:7010	MEN1	ENSG00000133895	FALSE	TRUE
HGNC:7027	MERTK	ENSG00000153208	TRUE	FALSE
HGNC:7029	MET	ENSG00000105976	TRUE	FALSE
HGNC:14010	MGA	ENSG00000174197	FALSE	TRUE
HGNC:7043	MGAM	ENSG00000257335	TRUE	FALSE
HGNC:7059	MGMT	ENSG00000170430	TRUE	TRUE
HGNC:19853	MIDEAS	ENSG00000156030	FALSE	TRUE
HGNC:21460	MIPOL1	ENSG00000151338	FALSE	TRUE
HGNC:7105	MITF	ENSG00000187098	TRUE	TRUE
HGNC:7107	MKI67	ENSG00000148773	TRUE	FALSE
HGNC:7125	MLF1	ENSG00000178053	FALSE	TRUE
HGNC:7127	MLH1	ENSG00000076242	FALSE	TRUE
HGNC:7128	MLH3	ENSG00000119684	FALSE	TRUE
HGNC:7134	MLLT1	ENSG00000130382	FALSE	FALSE
HGNC:16063	MLLT10	ENSG00000078403	TRUE	FALSE
HGNC:16997	MLLT11	ENSG00000213190	TRUE	FALSE
HGNC:7136	MLLT3	ENSG00000171843	TRUE	FALSE
HGNC:7138	MLLT6	ENSG00000275023	FALSE	FALSE
HGNC:7166	MMP2	ENSG00000087245	TRUE	FALSE
HGNC:7176	MMP9	ENSG00000100985	TRUE	FALSE
HGNC:7180	MN1	ENSG00000169184	TRUE	FALSE
HGNC:4979	MNX1	ENSG00000130675	TRUE	FALSE
HGNC:23825	MOB3B	ENSG00000120162	FALSE	TRUE
HGNC:29619	MPEG1	ENSG00000197629	FALSE	FALSE
HGNC:7217	MPL	ENSG00000117400	TRUE	FALSE
HGNC:7230	MRE11	ENSG00000020922	FALSE	TRUE
HGNC:14334	MRTFA	ENSG00000196588	TRUE	TRUE
HGNC:7315	MS4A1	ENSG00000156738	FALSE	FALSE
HGNC:7325	MSH2	ENSG00000095002	FALSE	TRUE
HGNC:7326	MSH3	ENSG00000113318	FALSE	TRUE
HGNC:7329	MSH6	ENSG00000116062	FALSE	TRUE
HGNC:7330	MSI1	ENSG00000135097	TRUE	FALSE
HGNC:18585	MSI2	ENSG00000153944	TRUE	FALSE
HGNC:7373	MSN	ENSG00000147065	FALSE	FALSE
HGNC:7380	MST1	ENSG00000173531	FALSE	TRUE
HGNC:7381	MST1R	ENSG00000164078	TRUE	FALSE
HGNC:7413	MTAP	ENSG00000099810	FALSE	TRUE
HGNC:7423	MTCP1	ENSG00000214827	TRUE	FALSE
HGNC:7436	MTHFR	ENSG00000177000	FALSE	TRUE
HGNC:3942	MTOR	ENSG00000198793	TRUE	FALSE
HGNC:7508	MUC1	ENSG00000185499	TRUE	FALSE
HGNC:15582	MUC16	ENSG00000181143	TRUE	FALSE
HGNC:16800	MUC17	ENSG00000169876	FALSE	FALSE
HGNC:7512	MUC2	ENSG00000198788	FALSE	FALSE
HGNC:7514	MUC4	ENSG00000145113	TRUE	FALSE
HGNC:7517	MUC6	ENSG00000184956	FALSE	FALSE
HGNC:7527	MUTYH	ENSG00000132781	FALSE	TRUE
HGNC:7545	MYB	ENSG00000118513	TRUE	FALSE
HGNC:7547	MYBL1	ENSG00000185697	TRUE	FALSE
HGNC:7548	MYBL2	ENSG00000101057	TRUE	FALSE
HGNC:7553	MYC	ENSG00000136997	TRUE	FALSE
HGNC:7555	MYCL	ENSG00000116990	TRUE	FALSE
HGNC:7559	MYCN	ENSG00000134323	TRUE	FALSE
HGNC:7562	MYD88	ENSG00000172936	TRUE	FALSE
HGNC:7563	MYEOV	ENSG00000172927	FALSE	FALSE
HGNC:7569	MYH11	ENSG00000133392	FALSE	TRUE
HGNC:7579	MYH9	ENSG00000100345	TRUE	TRUE
HGNC:7602	MYO5A	ENSG00000197535	FALSE	FALSE
HGNC:7611	MYOD1	ENSG00000129152	FALSE	TRUE
HGNC:29851	N4BP2	ENSG00000078177	FALSE	TRUE
HGNC:23219	NAALADL2	ENSG00000177694	FALSE	TRUE
HGNC:7627	NAB2	ENSG00000166886	FALSE	TRUE
HGNC:7629	NACA	ENSG00000196531	FALSE	FALSE
HGNC:29831	NADK	ENSG00000008130	TRUE	FALSE
HGNC:7648	NBEA	ENSG00000172915	FALSE	FALSE
HGNC:7652	NBN	ENSG00000104320	FALSE	TRUE
HGNC:24304	NCAPG	ENSG00000109805	TRUE	FALSE
HGNC:15486	NCKIPSD	ENSG00000213672	FALSE	FALSE
HGNC:7668	NCOA1	ENSG00000084676	FALSE	FALSE
HGNC:7669	NCOA2	ENSG00000140396	TRUE	FALSE
HGNC:7670	NCOA3	ENSG00000124151	TRUE	FALSE
HGNC:7671	NCOA4	ENSG00000266412	TRUE	TRUE
HGNC:7672	NCOR1	ENSG00000141027	FALSE	TRUE
HGNC:7673	NCOR2	ENSG00000196498	FALSE	FALSE
HGNC:17091	NCSTN	ENSG00000162736	TRUE	FALSE
HGNC:7679	NDRG1	ENSG00000104419	FALSE	TRUE
HGNC:17302	NEGR1	ENSG00000172260	FALSE	FALSE
HGNC:7765	NF1	ENSG00000196712	FALSE	TRUE
HGNC:7773	NF2	ENSG00000186575	FALSE	TRUE
HGNC:7776	NFATC2	ENSG00000101096	TRUE	FALSE
HGNC:7780	NFE2	ENSG00000123405	TRUE	FALSE
HGNC:7782	NFE2L2	ENSG00000116044	TRUE	FALSE
HGNC:7785	NFIB	ENSG00000147862	TRUE	FALSE
HGNC:7794	NFKB1	ENSG00000109320	TRUE	FALSE
HGNC:7795	NFKB2	ENSG00000077150	TRUE	TRUE
HGNC:7797	NFKBIA	ENSG00000100906	FALSE	TRUE
HGNC:7799	NFKBIE	ENSG00000146232	FALSE	TRUE
HGNC:14906	NIN	ENSG00000100503	FALSE	FALSE
HGNC:28862	NIPBL	ENSG00000164190	FALSE	FALSE
HGNC:11825	NKX2-1	ENSG00000136352	TRUE	FALSE
HGNC:7838	NKX3-1	ENSG00000167034	FALSE	TRUE
HGNC:7871	NONO	ENSG00000147140	FALSE	FALSE
HGNC:7881	NOTCH1	ENSG00000148400	TRUE	TRUE
HGNC:7882	NOTCH2	ENSG00000134250	TRUE	TRUE
HGNC:7883	NOTCH3	ENSG00000074181	TRUE	TRUE
HGNC:7884	NOTCH4	ENSG00000204301	TRUE	TRUE
HGNC:7910	NPM1	ENSG00000181163	FALSE	TRUE
HGNC:7967	NR1H4	ENSG00000012504	TRUE	TRUE
HGNC:7978	NR3C1	ENSG00000113580	FALSE	FALSE
HGNC:7980	NR4A1	ENSG00000123358	TRUE	TRUE
HGNC:7982	NR4A3	ENSG00000119508	TRUE	FALSE
HGNC:7989	NRAS	ENSG00000213281	TRUE	FALSE
HGNC:7997	NRG1	ENSG00000157168	TRUE	FALSE
HGNC:8001	NRIP1	ENSG00000180530	FALSE	FALSE
HGNC:14234	NSD1	ENSG00000165671	TRUE	TRUE
HGNC:12766	NSD2	ENSG00000109685	TRUE	FALSE
HGNC:12767	NSD3	ENSG00000147548	FALSE	FALSE
HGNC:8022	NT5C2	ENSG00000076685	TRUE	FALSE
HGNC:8021	NT5E	ENSG00000135318	FALSE	FALSE
HGNC:8028	NTHL1	ENSG00000065057	FALSE	TRUE
HGNC:8031	NTRK1	ENSG00000198400	TRUE	FALSE
HGNC:8032	NTRK2	ENSG00000148053	TRUE	FALSE
HGNC:8033	NTRK3	ENSG00000140538	TRUE	FALSE
HGNC:14621	NUF2	ENSG00000143228	TRUE	FALSE
HGNC:8059	NUMA1	ENSG00000137497	FALSE	FALSE
HGNC:8060	NUMB	ENSG00000133961	FALSE	TRUE
HGNC:18016	NUP133	ENSG00000069248	FALSE	TRUE
HGNC:8064	NUP214	ENSG00000126883	TRUE	FALSE
HGNC:28958	NUP93	ENSG00000102900	FALSE	FALSE
HGNC:8068	NUP98	ENSG00000110713	TRUE	FALSE
HGNC:29919	NUTM1	ENSG00000184507	FALSE	FALSE
HGNC:23445	NUTM2B	ENSG00000188199	FALSE	FALSE
HGNC:8071	NXF1	ENSG00000162231	FALSE	FALSE
HGNC:9398	OLIG2	ENSG00000205927	TRUE	FALSE
HGNC:8134	OMD	ENSG00000127083	FALSE	FALSE
HGNC:8139	ONECUT2	ENSG00000119547	TRUE	FALSE
HGNC:8143	OPCML	ENSG00000183715	FALSE	FALSE
HGNC:15404	OR11H1	ENSG00000130538	TRUE	FALSE
HGNC:19583	OR4F21	ENSG00000176269	FALSE	TRUE
HGNC:14742	OR4N2	ENSG00000176294	FALSE	TRUE
HGNC:15524	P2RY8	ENSG00000182162	FALSE	TRUE
HGNC:8554	PABPC1	ENSG00000070756	TRUE	TRUE
HGNC:8575	PAFAH1B2	ENSG00000168092	FALSE	FALSE
HGNC:8590	PAK1	ENSG00000149269	TRUE	FALSE
HGNC:15916	PAK5	ENSG00000101349	TRUE	FALSE
HGNC:26144	PALB2	ENSG00000083093	FALSE	TRUE
HGNC:16051	PARD3	ENSG00000148498	FALSE	TRUE
HGNC:14446	PARD3B	ENSG00000116117	FALSE	TRUE
HGNC:16076	PARD6G	ENSG00000178184	FALSE	TRUE
HGNC:270	PARP1	ENSG00000143799	FALSE	TRUE
HGNC:13071	PATZ1	ENSG00000100105	TRUE	TRUE
HGNC:8617	PAX3	ENSG00000135903	TRUE	FALSE
HGNC:8619	PAX5	ENSG00000196092	TRUE	TRUE
HGNC:8620	PAX6	ENSG00000007372	FALSE	TRUE
HGNC:8621	PAX7	ENSG00000009709	TRUE	FALSE
HGNC:8622	PAX8	ENSG00000125618	TRUE	FALSE
HGNC:30064	PBRM1	ENSG00000163939	FALSE	TRUE
HGNC:8632	PBX1	ENSG00000185630	TRUE	FALSE
HGNC:8647	PCBP1	ENSG00000169564	FALSE	FALSE
HGNC:8727	PCM1	ENSG00000078674	TRUE	TRUE
HGNC:8729	PCNA	ENSG00000132646	TRUE	FALSE
HGNC:8760	PDCD1	ENSG00000188389	TRUE	FALSE
HGNC:18731	PDCD1LG2	ENSG00000197646	TRUE	FALSE
HGNC:8763	PDCD4	ENSG00000150593	FALSE	TRUE
HGNC:8783	PDE4D	ENSG00000113448	FALSE	TRUE
HGNC:15580	PDE4DIP	ENSG00000178104	FALSE	FALSE
HGNC:8800	PDGFB	ENSG00000100311	TRUE	FALSE
HGNC:8803	PDGFRA	ENSG00000134853	TRUE	FALSE
HGNC:8804	PDGFRB	ENSG00000113721	TRUE	FALSE
HGNC:8809	PDK1	ENSG00000152256	TRUE	FALSE
HGNC:8816	PDPK1	ENSG00000140992	FALSE	FALSE
HGNC:20418	PDS5B	ENSG00000083642	FALSE	TRUE
HGNC:8820	PDYN	ENSG00000101327	FALSE	FALSE
HGNC:8826	PEG3	ENSG00000198300	FALSE	FALSE
HGNC:8845	PER1	ENSG00000179094	FALSE	TRUE
HGNC:8847	PER3	ENSG00000049246	FALSE	FALSE
HGNC:19405	PGBD5	ENSG00000177614	TRUE	FALSE
HGNC:8910	PGR	ENSG00000082175	TRUE	FALSE
HGNC:24566	PHF19	ENSG00000119403	TRUE	FALSE
HGNC:18145	PHF6	ENSG00000156531	FALSE	TRUE
HGNC:20610	PHLPP1	ENSG00000081913	FALSE	TRUE
HGNC:29149	PHLPP2	ENSG00000040199	FALSE	TRUE
HGNC:9143	PHOX2B	ENSG00000109132	FALSE	TRUE
HGNC:15514	PICALM	ENSG00000073921	FALSE	FALSE
HGNC:8957	PIGA	ENSG00000165195	FALSE	TRUE
HGNC:8972	PIK3C2B	ENSG00000133056	TRUE	FALSE
HGNC:8973	PIK3C2G	ENSG00000139144	FALSE	FALSE
HGNC:8974	PIK3C3	ENSG00000078142	FALSE	FALSE
HGNC:8975	PIK3CA	ENSG00000121879	TRUE	FALSE
HGNC:8976	PIK3CB	ENSG00000051382	TRUE	FALSE
HGNC:8977	PIK3CD	ENSG00000171608	TRUE	FALSE
HGNC:8978	PIK3CG	ENSG00000105851	TRUE	FALSE
HGNC:8979	PIK3R1	ENSG00000145675	FALSE	TRUE
HGNC:8980	PIK3R2	ENSG00000105647	FALSE	TRUE
HGNC:8981	PIK3R3	ENSG00000117461	FALSE	TRUE
HGNC:8982	PIK3R4	ENSG00000196455	FALSE	TRUE
HGNC:30035	PIK3R5	ENSG00000141506	FALSE	FALSE
HGNC:8986	PIM1	ENSG00000137193	FALSE	FALSE
HGNC:9016	PKHD1	ENSG00000170927	FALSE	FALSE
HGNC:9045	PLAG1	ENSG00000181690	TRUE	FALSE
HGNC:9059	PLCB4	ENSG00000101333	FALSE	FALSE
HGNC:9065	PLCG1	ENSG00000124181	TRUE	FALSE
HGNC:9066	PLCG2	ENSG00000197943	TRUE	FALSE
HGNC:29037	PLCH2	ENSG00000149527	FALSE	FALSE
HGNC:9077	PLK1	ENSG00000166851	TRUE	FALSE
HGNC:19699	PLK2	ENSG00000145632	FALSE	FALSE
HGNC:9104	PLXNB2	ENSG00000196576	TRUE	TRUE
HGNC:9108	PMAIP1	ENSG00000141682	FALSE	TRUE
HGNC:9113	PML	ENSG00000140464	TRUE	TRUE
HGNC:9121	PMS1	ENSG00000064933	FALSE	TRUE
HGNC:9122	PMS2	ENSG00000122512	FALSE	TRUE
HGNC:17278	PNRC1	ENSG00000146278	FALSE	FALSE
HGNC:9175	POLD1	ENSG00000062822	FALSE	TRUE
HGNC:9177	POLE	ENSG00000177084	FALSE	TRUE
HGNC:9179	POLG	ENSG00000140521	FALSE	FALSE
HGNC:9186	POLQ	ENSG00000051341	TRUE	TRUE
HGNC:17284	POT1	ENSG00000128513	FALSE	TRUE
HGNC:9211	POU2AF1	ENSG00000110777	TRUE	FALSE
HGNC:9213	POU2F2	ENSG00000028277	FALSE	FALSE
HGNC:9215	POU3F2	ENSG00000184486	TRUE	FALSE
HGNC:9217	POU3F4	ENSG00000196767	TRUE	FALSE
HGNC:9221	POU5F1	ENSG00000204531	TRUE	FALSE
HGNC:9236	PPARG	ENSG00000132170	TRUE	FALSE
HGNC:9249	PPFIBP1	ENSG00000110841	FALSE	FALSE
HGNC:9277	PPM1D	ENSG00000170836	TRUE	FALSE
HGNC:14375	PPP1R15A	ENSG00000087074	TRUE	FALSE
HGNC:9302	PPP2R1A	ENSG00000105568	FALSE	TRUE
HGNC:9304	PPP2R2A	ENSG00000221914	FALSE	TRUE
HGNC:13417	PPP2R3B	ENSG00000167393	FALSE	TRUE
HGNC:18296	PPP4R2	ENSG00000163605	FALSE	FALSE
HGNC:9323	PPP6C	ENSG00000119414	FALSE	TRUE
HGNC:9343	PRCC	ENSG00000143294	FALSE	FALSE
HGNC:9346	PRDM1	ENSG00000057657	FALSE	TRUE
HGNC:14001	PRDM14	ENSG00000147596	FALSE	FALSE
HGNC:14000	PRDM16	ENSG00000142611	TRUE	FALSE
HGNC:9347	PRDM2	ENSG00000116731	FALSE	TRUE
HGNC:22950	PREX2	ENSG00000046889	FALSE	FALSE
HGNC:9360	PRF1	ENSG00000180644	FALSE	TRUE
HGNC:9380	PRKACA	ENSG00000072062	TRUE	FALSE
HGNC:9388	PRKAR1A	ENSG00000108946	FALSE	FALSE
HGNC:9395	PRKCB	ENSG00000166501	FALSE	FALSE
HGNC:9399	PRKCD	ENSG00000163932	FALSE	FALSE
HGNC:9404	PRKCI	ENSG00000163558	TRUE	FALSE
HGNC:9407	PRKD1	ENSG00000184304	FALSE	FALSE
HGNC:17293	PRKD2	ENSG00000105287	FALSE	FALSE
HGNC:9413	PRKDC	ENSG00000253729	TRUE	TRUE
HGNC:8607	PRKN	ENSG00000185345	FALSE	TRUE
HGNC:9446	PRLR	ENSG00000113494	FALSE	FALSE
HGNC:9454	PROM1	ENSG00000007062	FALSE	FALSE
HGNC:25031	PRPF40B	ENSG00000110844	FALSE	FALSE
HGNC:17340	PRPF8	ENSG00000174231	FALSE	TRUE
HGNC:9142	PRRX1	ENSG00000116132	FALSE	FALSE
HGNC:9475	PRSS1	ENSG00000204983	FALSE	FALSE
HGNC:9527	PSIP1	ENSG00000164985	TRUE	FALSE
HGNC:9539	PSMB2	ENSG00000126067	TRUE	FALSE
HGNC:9585	PTCH1	ENSG00000185920	FALSE	TRUE
HGNC:9588	PTEN	ENSG00000171862	FALSE	TRUE
HGNC:9605	PTGS2	ENSG00000073756	TRUE	FALSE
HGNC:9611	PTK2	ENSG00000169398	TRUE	FALSE
HGNC:9612	PTK2B	ENSG00000120899	FALSE	FALSE
HGNC:9617	PTK6	ENSG00000101213	TRUE	TRUE
HGNC:9623	PTMA	ENSG00000187514	FALSE	TRUE
HGNC:9634	PTP4A1	ENSG00000112245	FALSE	FALSE
HGNC:9308	PTPA	ENSG00000119383	FALSE	TRUE
HGNC:9642	PTPN1	ENSG00000196396	TRUE	TRUE
HGNC:9644	PTPN11	ENSG00000179295	TRUE	FALSE
HGNC:9645	PTPN12	ENSG00000127947	FALSE	TRUE
HGNC:9646	PTPN13	ENSG00000163629	FALSE	TRUE
HGNC:9647	PTPN14	ENSG00000152104	FALSE	TRUE
HGNC:9650	PTPN2	ENSG00000175354	FALSE	TRUE
HGNC:9658	PTPN6	ENSG00000111679	FALSE	TRUE
HGNC:9665	PTPRB	ENSG00000127329	FALSE	TRUE
HGNC:9666	PTPRC	ENSG00000081237	FALSE	TRUE
HGNC:9668	PTPRD	ENSG00000153707	FALSE	TRUE
HGNC:9674	PTPRK	ENSG00000152894	FALSE	TRUE
HGNC:9677	PTPRN2	ENSG00000155093	FALSE	TRUE
HGNC:9681	PTPRS	ENSG00000105426	FALSE	TRUE
HGNC:9682	PTPRT	ENSG00000196090	FALSE	TRUE
HGNC:9683	PTPRU	ENSG00000060656	FALSE	FALSE
HGNC:9690	PTTG1	ENSG00000164611	TRUE	FALSE
HGNC:16818	PUDP	ENSG00000130021	FALSE	TRUE
HGNC:14957	PUM1	ENSG00000134644	FALSE	FALSE
HGNC:29406	PWWP2A	ENSG00000170234	FALSE	FALSE
HGNC:21100	QKI	ENSG00000112531	FALSE	TRUE
HGNC:9774	RAB35	ENSG00000111737	TRUE	FALSE
HGNC:9794	RABAC1	ENSG00000105404	FALSE	TRUE
HGNC:17677	RABEP1	ENSG00000029725	FALSE	FALSE
HGNC:9801	RAC1	ENSG00000136238	TRUE	FALSE
HGNC:9802	RAC2	ENSG00000128340	TRUE	FALSE
HGNC:9804	RACGAP1	ENSG00000161800	FALSE	TRUE
HGNC:9807	RAD17	ENSG00000152942	FALSE	TRUE
HGNC:9811	RAD21	ENSG00000164754	FALSE	TRUE
HGNC:9813	RAD23B	ENSG00000119318	FALSE	FALSE
HGNC:9816	RAD50	ENSG00000113522	FALSE	TRUE
HGNC:9817	RAD51	ENSG00000051180	FALSE	TRUE
HGNC:9822	RAD51B	ENSG00000182185	FALSE	TRUE
HGNC:9820	RAD51C	ENSG00000108384	FALSE	TRUE
HGNC:9823	RAD51D	ENSG00000185379	FALSE	TRUE
HGNC:9824	RAD52	ENSG00000002016	FALSE	FALSE
HGNC:9826	RAD54L	ENSG00000085999	FALSE	FALSE
HGNC:9829	RAF1	ENSG00000132155	TRUE	FALSE
HGNC:9842	RALGDS	ENSG00000160271	FALSE	FALSE
HGNC:9848	RANBP2	ENSG00000153201	TRUE	FALSE
HGNC:9859	RAP1GDS1	ENSG00000138698	TRUE	FALSE
HGNC:4568	RAPGEF1	ENSG00000107263	FALSE	FALSE
HGNC:9864	RARA	ENSG00000131759	FALSE	FALSE
HGNC:9866	RARG	ENSG00000172819	FALSE	FALSE
HGNC:9871	RASA1	ENSG00000145715	FALSE	TRUE
HGNC:9872	RASA2	ENSG00000155903	FALSE	FALSE
HGNC:9875	RASGRF1	ENSG00000058335	FALSE	FALSE
HGNC:9876	RASGRF2	ENSG00000113319	FALSE	FALSE
HGNC:9884	RB1	ENSG00000139687	FALSE	TRUE
HGNC:15574	RB1CC1	ENSG00000023287	FALSE	FALSE
HGNC:9889	RBBP6	ENSG00000122257	FALSE	FALSE
HGNC:9896	RBM10	ENSG00000182872	FALSE	TRUE
HGNC:14959	RBM15	ENSG00000162775	TRUE	TRUE
HGNC:15923	RBM39	ENSG00000131051	FALSE	FALSE
HGNC:9948	RECQL	ENSG00000004700	FALSE	TRUE
HGNC:9949	RECQL4	ENSG00000160957	FALSE	TRUE
HGNC:9954	REL	ENSG00000162924	TRUE	FALSE
HGNC:9955	RELA	ENSG00000173039	TRUE	FALSE
HGNC:9957	RELN	ENSG00000189056	FALSE	FALSE
HGNC:9966	REST	ENSG00000084093	FALSE	TRUE
HGNC:9967	RET	ENSG00000165731	TRUE	FALSE
HGNC:9968	REV3L	ENSG00000009413	TRUE	FALSE
HGNC:25539	RFWD3	ENSG00000168411	FALSE	TRUE
HGNC:32416	RGPD3	ENSG00000153165	FALSE	FALSE
HGNC:10003	RGS7	ENSG00000182901	FALSE	FALSE
HGNC:10011	RHEB	ENSG00000106615	TRUE	FALSE
HGNC:667	RHOA	ENSG00000067560	TRUE	FALSE
HGNC:668	RHOB	ENSG00000143878	TRUE	TRUE
HGNC:686	RHOH	ENSG00000168421	FALSE	TRUE
HGNC:19974	RHPN2	ENSG00000131941	FALSE	FALSE
HGNC:28611	RICTOR	ENSG00000164327	TRUE	FALSE
HGNC:10019	RIPK1	ENSG00000137275	TRUE	FALSE
HGNC:10023	RIT1	ENSG00000143622	TRUE	FALSE
HGNC:28349	RMI2	ENSG00000175643	FALSE	TRUE
HGNC:18518	RNASEH2A	ENSG00000104889	TRUE	FALSE
HGNC:25671	RNASEH2B	ENSG00000136104	FALSE	TRUE
HGNC:17384	RNF111	ENSG00000157450	FALSE	TRUE
HGNC:14539	RNF213	ENSG00000173821	FALSE	FALSE
HGNC:18505	RNF43	ENSG00000108375	FALSE	TRUE
HGNC:10249	ROBO1	ENSG00000169855	FALSE	TRUE
HGNC:10250	ROBO2	ENSG00000185008	FALSE	TRUE
HGNC:10252	ROCK2	ENSG00000134318	FALSE	FALSE
HGNC:10261	ROS1	ENSG00000047936	TRUE	FALSE
HGNC:10298	RPL10	ENSG00000147403	FALSE	TRUE
HGNC:10315	RPL22	ENSG00000116251	FALSE	TRUE
HGNC:10360	RPL5	ENSG00000122406	FALSE	TRUE
HGNC:10381	RPN1	ENSG00000163902	FALSE	FALSE
HGNC:10432	RPS6KA3	ENSG00000177189	FALSE	FALSE
HGNC:10433	RPS6KA4	ENSG00000162302	TRUE	FALSE
HGNC:10437	RPS6KB2	ENSG00000175634	TRUE	FALSE
HGNC:30287	RPTOR	ENSG00000141564	TRUE	FALSE
HGNC:19902	RRAGC	ENSG00000116954	TRUE	FALSE
HGNC:10447	RRAS	ENSG00000126458	TRUE	FALSE
HGNC:17271	RRAS2	ENSG00000133818	TRUE	FALSE
HGNC:10451	RRM1	ENSG00000167325	FALSE	FALSE
HGNC:10452	RRM2	ENSG00000171848	TRUE	FALSE
HGNC:18118	RSF1	ENSG00000048649	TRUE	FALSE
HGNC:28583	RSPO2	ENSG00000147655	FALSE	TRUE
HGNC:20866	RSPO3	ENSG00000146374	TRUE	FALSE
HGNC:15888	RTEL1	ENSG00000258366	FALSE	TRUE
HGNC:10471	RUNX1	ENSG00000159216	FALSE	TRUE
HGNC:1535	RUNX1T1	ENSG00000079102	TRUE	FALSE
HGNC:10477	RXRA	ENSG00000186350	FALSE	FALSE
HGNC:10480	RYBP	ENSG00000163602	FALSE	TRUE
HGNC:10483	RYR1	ENSG00000196218	FALSE	FALSE
HGNC:10497	S100A7	ENSG00000143556	FALSE	FALSE
HGNC:10498	S100A8	ENSG00000143546	TRUE	FALSE
HGNC:15924	SALL4	ENSG00000101115	TRUE	FALSE
HGNC:15925	SAMHD1	ENSG00000101347	FALSE	TRUE
HGNC:17795	SAV1	ENSG00000151748	FALSE	TRUE
HGNC:19440	SBDS	ENSG00000126524	FALSE	TRUE
HGNC:10816	SCG5	ENSG00000166922	TRUE	FALSE
HGNC:10661	SDC4	ENSG00000124145	FALSE	FALSE
HGNC:10662	SDCBP	ENSG00000137575	FALSE	FALSE
HGNC:10680	SDHA	ENSG00000073578	FALSE	TRUE
HGNC:26034	SDHAF2	ENSG00000167985	FALSE	TRUE
HGNC:10681	SDHB	ENSG00000117118	FALSE	TRUE
HGNC:10682	SDHC	ENSG00000143252	FALSE	TRUE
HGNC:10683	SDHD	ENSG00000204370	FALSE	TRUE
HGNC:10737	SEMA5B	ENSG00000082684	FALSE	FALSE
HGNC:10743	SEMG2	ENSG00000124157	TRUE	FALSE
HGNC:9164	SEPTIN5	ENSG00000184702	FALSE	FALSE
HGNC:15848	SEPTIN6	ENSG00000125354	FALSE	FALSE
HGNC:7323	SEPTIN9	ENSG00000184640	TRUE	FALSE
HGNC:10569	SERPINB3	ENSG00000057149	TRUE	TRUE
HGNC:10570	SERPINB4	ENSG00000206073	FALSE	FALSE
HGNC:21595	SESN1	ENSG00000080546	FALSE	TRUE
HGNC:20746	SESN2	ENSG00000130766	FALSE	TRUE
HGNC:23060	SESN3	ENSG00000149212	FALSE	TRUE
HGNC:10760	SET	ENSG00000119335	TRUE	FALSE
HGNC:15573	SETBP1	ENSG00000152217	TRUE	FALSE
HGNC:29010	SETD1A	ENSG00000099381	TRUE	FALSE
HGNC:29187	SETD1B	ENSG00000139718	FALSE	FALSE
HGNC:18420	SETD2	ENSG00000181555	FALSE	TRUE
HGNC:20493	SETD3	ENSG00000183576	FALSE	FALSE
HGNC:1258	SETD4	ENSG00000185917	FALSE	FALSE
HGNC:25566	SETD5	ENSG00000168137	FALSE	FALSE
HGNC:26116	SETD6	ENSG00000103037	FALSE	FALSE
HGNC:30412	SETD7	ENSG00000145391	FALSE	FALSE
HGNC:10761	SETDB1	ENSG00000143379	TRUE	TRUE
HGNC:20263	SETDB2	ENSG00000136169	FALSE	TRUE
HGNC:10768	SF3B1	ENSG00000115524	TRUE	FALSE
HGNC:10769	SF3B2	ENSG00000087365	TRUE	FALSE
HGNC:10774	SFPQ	ENSG00000116560	FALSE	TRUE
HGNC:10776	SFRP1	ENSG00000104332	FALSE	TRUE
HGNC:10777	SFRP2	ENSG00000145423	TRUE	TRUE
HGNC:10778	SFRP4	ENSG00000106483	FALSE	TRUE
HGNC:14075	SGCZ	ENSG00000185053	FALSE	TRUE
HGNC:10810	SGK1	ENSG00000118515	TRUE	FALSE
HGNC:29605	SH2B3	ENSG00000111252	FALSE	TRUE
HGNC:10820	SH2D1A	ENSG00000183918	FALSE	TRUE
HGNC:10830	SH3GL1	ENSG00000141985	TRUE	FALSE
HGNC:10848	SHH	ENSG00000164690	TRUE	FALSE
HGNC:15454	SHOC2	ENSG00000108061	TRUE	FALSE
HGNC:25543	SHQ1	ENSG00000144736	FALSE	TRUE
HGNC:29319	SHTN1	ENSG00000187164	FALSE	FALSE
HGNC:19353	SIN3A	ENSG00000169375	FALSE	TRUE
HGNC:9662	SIRPA	ENSG00000198053	FALSE	TRUE
HGNC:14929	SIRT1	ENSG00000096717	TRUE	TRUE
HGNC:10887	SIX1	ENSG00000126778	TRUE	FALSE
HGNC:10888	SIX2	ENSG00000170577	TRUE	FALSE
HGNC:10896	SKI	ENSG00000157933	TRUE	FALSE
HGNC:10901	SKP2	ENSG00000145604	TRUE	FALSE
HGNC:11020	SLC34A2	ENSG00000157765	FALSE	TRUE
HGNC:8642	SLC45A3	ENSG00000158715	FALSE	FALSE
HGNC:11049	SLC6A3	ENSG00000142319	FALSE	FALSE
HGNC:11075	SLC9A3R1	ENSG00000109062	TRUE	TRUE
HGNC:10959	SLCO1B1	ENSG00000134538	TRUE	FALSE
HGNC:26633	SLFN11	ENSG00000172716	FALSE	TRUE
HGNC:11086	SLIT2	ENSG00000145147	FALSE	FALSE
HGNC:23845	SLX4	ENSG00000188827	FALSE	TRUE
HGNC:6768	SMAD2	ENSG00000175387	FALSE	TRUE
HGNC:6769	SMAD3	ENSG00000166949	FALSE	TRUE
HGNC:6770	SMAD4	ENSG00000141646	FALSE	TRUE
HGNC:11097	SMARCA1	ENSG00000102038	FALSE	TRUE
HGNC:11098	SMARCA2	ENSG00000080503	FALSE	TRUE
HGNC:11100	SMARCA4	ENSG00000127616	FALSE	TRUE
HGNC:11103	SMARCB1	ENSG00000099956	FALSE	TRUE
HGNC:11106	SMARCD1	ENSG00000066117	FALSE	FALSE
HGNC:11109	SMARCE1	ENSG00000073584	TRUE	TRUE
HGNC:11111	SMC1A	ENSG00000072501	FALSE	TRUE
HGNC:2468	SMC3	ENSG00000108055	FALSE	TRUE
HGNC:30045	SMG1	ENSG00000157106	FALSE	TRUE
HGNC:11119	SMO	ENSG00000128602	TRUE	FALSE
HGNC:24764	SMTNL2	ENSG00000188176	TRUE	FALSE
HGNC:15513	SMYD3	ENSG00000185420	TRUE	FALSE
HGNC:30646	SND1	ENSG00000197157	TRUE	FALSE
HGNC:30542	SNX29	ENSG00000048471	FALSE	FALSE
HGNC:19383	SOCS1	ENSG00000185338	FALSE	TRUE
HGNC:19391	SOCS3	ENSG00000184557	FALSE	TRUE
HGNC:11187	SOS1	ENSG00000115904	TRUE	FALSE
HGNC:11190	SOX10	ENSG00000100146	TRUE	FALSE
HGNC:18122	SOX17	ENSG00000164736	FALSE	TRUE
HGNC:11195	SOX2	ENSG00000181449	TRUE	FALSE
HGNC:11197	SOX21	ENSG00000125285	FALSE	TRUE
HGNC:11200	SOX4	ENSG00000124766	TRUE	TRUE
HGNC:11204	SOX9	ENSG00000125398	TRUE	TRUE
HGNC:17133	SP140	ENSG00000079263	FALSE	TRUE
HGNC:32007	SPATA31A7	ENSG00000276040	FALSE	TRUE
HGNC:30615	SPECC1	ENSG00000128487	FALSE	FALSE
HGNC:17575	SPEN	ENSG00000065526	FALSE	TRUE
HGNC:11241	SPI1	ENSG00000066336	TRUE	TRUE
HGNC:11254	SPOP	ENSG00000121067	FALSE	TRUE
HGNC:20249	SPRED1	ENSG00000166068	FALSE	TRUE
HGNC:25356	SPRTN	ENSG00000010072	FALSE	TRUE
HGNC:11272	SPTA1	ENSG00000163554	FALSE	FALSE
HGNC:11273	SPTAN1	ENSG00000197694	FALSE	FALSE
HGNC:11280	SQSTM1	ENSG00000161011	TRUE	FALSE
HGNC:11283	SRC	ENSG00000197122	TRUE	FALSE
HGNC:19744	SRGAP3	ENSG00000196220	FALSE	TRUE
HGNC:10780	SRSF1	ENSG00000136450	TRUE	FALSE
HGNC:10783	SRSF2	ENSG00000161547	FALSE	FALSE
HGNC:10785	SRSF3	ENSG00000112081	TRUE	FALSE
HGNC:11340	SS18	ENSG00000141380	TRUE	FALSE
HGNC:15592	SS18L1	ENSG00000184402	FALSE	FALSE
HGNC:11335	SSX1	ENSG00000126752	TRUE	FALSE
HGNC:11336	SSX2	ENSG00000241476	TRUE	FALSE
HGNC:11338	SSX4	ENSG00000268009	TRUE	FALSE
HGNC:11354	STAG1	ENSG00000118007	FALSE	TRUE
HGNC:11355	STAG2	ENSG00000101972	FALSE	TRUE
HGNC:11356	STAG3	ENSG00000066923	FALSE	FALSE
HGNC:11362	STAT1	ENSG00000115415	FALSE	FALSE
HGNC:11363	STAT2	ENSG00000170581	FALSE	FALSE
HGNC:11364	STAT3	ENSG00000168610	TRUE	FALSE
HGNC:11365	STAT4	ENSG00000138378	TRUE	FALSE
HGNC:11366	STAT5A	ENSG00000126561	TRUE	FALSE
HGNC:11367	STAT5B	ENSG00000173757	TRUE	FALSE
HGNC:11368	STAT6	ENSG00000166888	TRUE	FALSE
HGNC:10879	STIL	ENSG00000123473	TRUE	FALSE
HGNC:11389	STK11	ENSG00000118046	FALSE	TRUE
HGNC:11398	STK19	ENSG00000204344	TRUE	FALSE
HGNC:21373	STK40	ENSG00000196182	FALSE	FALSE
HGNC:11424	STRN	ENSG00000115808	FALSE	FALSE
HGNC:11425	STS	ENSG00000101846	FALSE	TRUE
HGNC:16466	SUFU	ENSG00000107882	FALSE	TRUE
HGNC:17101	SUZ12	ENSG00000178691	FALSE	TRUE
HGNC:11491	SYK	ENSG00000165025	TRUE	FALSE
HGNC:17089	SYNE1	ENSG00000131018	FALSE	FALSE
HGNC:17084	SYNE2	ENSG00000054654	FALSE	FALSE
HGNC:29040	SZT2	ENSG00000198198	FALSE	FALSE
HGNC:11522	TACC1	ENSG00000147526	FALSE	FALSE
HGNC:11524	TACC3	ENSG00000013810	TRUE	FALSE
HGNC:11530	TACSTD2	ENSG00000184292	TRUE	FALSE
HGNC:11535	TAF1	ENSG00000147133	TRUE	FALSE
HGNC:11547	TAF15	ENSG00000270647	TRUE	FALSE
HGNC:11556	TAL1	ENSG00000162367	TRUE	FALSE
HGNC:11557	TAL2	ENSG00000186051	TRUE	FALSE
HGNC:43	TAP1	ENSG00000168394	FALSE	FALSE
HGNC:44	TAP2	ENSG00000204267	FALSE	FALSE
HGNC:11584	TBK1	ENSG00000183735	FALSE	FALSE
HGNC:29529	TBL1XR1	ENSG00000177565	TRUE	FALSE
HGNC:11602	TBX3	ENSG00000135111	FALSE	TRUE
HGNC:11612	TCEA1	ENSG00000187735	FALSE	FALSE
HGNC:11623	TCF12	ENSG00000140262	FALSE	FALSE
HGNC:11633	TCF3	ENSG00000071564	FALSE	TRUE
HGNC:11634	TCF4	ENSG00000196628	TRUE	TRUE
HGNC:11641	TCF7L2	ENSG00000148737	FALSE	TRUE
HGNC:11648	TCL1A	ENSG00000100721	TRUE	FALSE
HGNC:11649	TCL1B	ENSG00000213231	TRUE	FALSE
HGNC:11719	TEC	ENSG00000135605	TRUE	FALSE
HGNC:11724	TEK	ENSG00000120156	FALSE	FALSE
HGNC:8117	TENM1	ENSG00000009694	FALSE	TRUE
HGNC:24712	TENT5C	ENSG00000183508	FALSE	TRUE
HGNC:11730	TERT	ENSG00000164362	TRUE	FALSE
HGNC:29484	TET1	ENSG00000138336	FALSE	TRUE
HGNC:25941	TET2	ENSG00000168769	FALSE	TRUE
HGNC:28313	TET3	ENSG00000187605	FALSE	TRUE
HGNC:11742	TFAP2A	ENSG00000137203	FALSE	TRUE
HGNC:11745	TFAP4	ENSG00000090447	FALSE	FALSE
HGNC:11752	TFE3	ENSG00000068323	TRUE	FALSE
HGNC:11753	TFEB	ENSG00000112561	TRUE	FALSE
HGNC:11758	TFG	ENSG00000114354	TRUE	FALSE
HGNC:13630	TFPT	ENSG00000105619	FALSE	FALSE
HGNC:11763	TFRC	ENSG00000072274	FALSE	FALSE
HGNC:11764	TG	ENSG00000042832	TRUE	FALSE
HGNC:11765	TGFA	ENSG00000163235	FALSE	FALSE
HGNC:11772	TGFBR1	ENSG00000106799	FALSE	TRUE
HGNC:11773	TGFBR2	ENSG00000163513	FALSE	TRUE
HGNC:11774	TGFBR3	ENSG00000069702	FALSE	FALSE
HGNC:11776	TGIF1	ENSG00000177426	FALSE	TRUE
HGNC:11785	THBS1	ENSG00000137801	FALSE	TRUE
HGNC:11786	THBS2	ENSG00000186340	FALSE	FALSE
HGNC:22964	THRAP3	ENSG00000054118	FALSE	FALSE
HGNC:1185	TIGAR	ENSG00000078237	TRUE	FALSE
HGNC:11837	TLE1	ENSG00000196781	FALSE	FALSE
HGNC:11838	TLE2	ENSG00000065717	FALSE	FALSE
HGNC:11839	TLE3	ENSG00000140332	FALSE	FALSE
HGNC:11840	TLE4	ENSG00000106829	FALSE	FALSE
HGNC:11843	TLL1	ENSG00000038295	FALSE	FALSE
HGNC:11850	TLR4	ENSG00000136869	TRUE	FALSE
HGNC:5056	TLX1	ENSG00000107807	TRUE	FALSE
HGNC:13532	TLX3	ENSG00000164438	TRUE	FALSE
HGNC:26038	TMEM127	ENSG00000135956	FALSE	TRUE
HGNC:16667	TMEM30A	ENSG00000112697	FALSE	TRUE
HGNC:11876	TMPRSS2	ENSG00000184012	FALSE	FALSE
HGNC:11881	TMSB4X	ENSG00000205542	TRUE	FALSE
HGNC:5318	TNC	ENSG00000041982	TRUE	FALSE
HGNC:11892	TNF	ENSG00000232810	TRUE	FALSE
HGNC:11896	TNFAIP3	ENSG00000118503	FALSE	TRUE
HGNC:11912	TNFRSF14	ENSG00000157873	FALSE	TRUE
HGNC:11913	TNFRSF17	ENSG00000048462	TRUE	FALSE
HGNC:11923	TNFRSF8	ENSG00000120949	FALSE	FALSE
HGNC:11925	TNFSF10	ENSG00000121858	FALSE	FALSE
HGNC:11928	TNFSF13	ENSG00000161955	TRUE	FALSE
HGNC:24352	TNS4	ENSG00000131746	TRUE	FALSE
HGNC:7801	TONSL	ENSG00000160949	FALSE	FALSE
HGNC:11986	TOP1	ENSG00000198900	TRUE	FALSE
HGNC:11989	TOP2A	ENSG00000131747	TRUE	FALSE
HGNC:11998	TP53	ENSG00000141510	FALSE	TRUE
HGNC:11999	TP53BP1	ENSG00000067369	FALSE	TRUE
HGNC:12000	TP53BP2	ENSG00000143514	FALSE	FALSE
HGNC:18022	TP53INP1	ENSG00000164938	FALSE	TRUE
HGNC:15979	TP63	ENSG00000073282	TRUE	TRUE
HGNC:12003	TP73	ENSG00000078900	FALSE	TRUE
HGNC:12012	TPM3	ENSG00000143549	FALSE	TRUE
HGNC:12013	TPM4	ENSG00000167460	FALSE	FALSE
HGNC:12014	TPMT	ENSG00000137364	TRUE	FALSE
HGNC:12017	TPR	ENSG00000047410	FALSE	FALSE
HGNC:12023	TPTE	ENSG00000274391	FALSE	TRUE
HGNC:1249	TPX2	ENSG00000088325	TRUE	FALSE
HGNC:12027	TRA	NA	TRUE	FALSE
HGNC:12032	TRAF2	ENSG00000127191	FALSE	FALSE
HGNC:12033	TRAF3	ENSG00000131323	FALSE	TRUE
HGNC:12035	TRAF5	ENSG00000082512	FALSE	TRUE
HGNC:12036	TRAF6	ENSG00000175104	TRUE	FALSE
HGNC:20456	TRAF7	ENSG00000131653	FALSE	FALSE
HGNC:12155	TRB	NA	TRUE	FALSE
HGNC:12252	TRD	NA	TRUE	FALSE
HGNC:12271	TRG	NA	TRUE	FALSE
HGNC:16228	TRIB3	ENSG00000101255	TRUE	FALSE
HGNC:11812	TRIM24	ENSG00000122779	TRUE	TRUE
HGNC:9975	TRIM27	ENSG00000204713	TRUE	FALSE
HGNC:16290	TRIM33	ENSG00000197323	FALSE	TRUE
HGNC:7523	TRIM37	ENSG00000108395	TRUE	FALSE
HGNC:19023	TRIM51	ENSG00000124900	TRUE	FALSE
HGNC:12303	TRIO	ENSG00000038382	FALSE	FALSE
HGNC:12305	TRIP11	ENSG00000100815	FALSE	FALSE
HGNC:12307	TRIP13	ENSG00000071539	TRUE	TRUE
HGNC:7146	TRPM1	ENSG00000134160	FALSE	TRUE
HGNC:12347	TRRAP	ENSG00000196367	TRUE	FALSE
HGNC:12362	TSC1	ENSG00000165699	FALSE	TRUE
HGNC:12363	TSC2	ENSG00000103197	FALSE	TRUE
HGNC:12373	TSHR	ENSG00000165409	TRUE	FALSE
HGNC:12401	TTK	ENSG00000112742	FALSE	FALSE
HGNC:16952	TXNIP	ENSG00000265972	FALSE	TRUE
HGNC:12440	TYK2	ENSG00000105397	TRUE	FALSE
HGNC:12441	TYMS	ENSG00000176890	FALSE	FALSE
HGNC:12442	TYR	ENSG00000077498	FALSE	FALSE
HGNC:12450	TYRP1	ENSG00000107165	FALSE	FALSE
HGNC:12453	U2AF1	ENSG00000160201	TRUE	FALSE
HGNC:23156	U2AF2	ENSG00000063244	FALSE	FALSE
HGNC:12472	UBE2A	ENSG00000077721	TRUE	FALSE
HGNC:16806	UBR5	ENSG00000104517	TRUE	FALSE
HGNC:12540	UGT1A8	ENSG00000242366	TRUE	FALSE
HGNC:9962	UPF1	ENSG00000005007	FALSE	FALSE
HGNC:12621	USP22	ENSG00000124422	TRUE	FALSE
HGNC:12625	USP28	ENSG00000048028	FALSE	TRUE
HGNC:19143	USP32	ENSG00000170832	TRUE	FALSE
HGNC:20064	USP44	ENSG00000136014	FALSE	TRUE
HGNC:12629	USP6	ENSG00000129204	TRUE	FALSE
HGNC:12630	USP7	ENSG00000187555	TRUE	FALSE
HGNC:12631	USP8	ENSG00000138592	TRUE	FALSE
HGNC:12632	USP9X	ENSG00000124486	FALSE	TRUE
HGNC:12657	VAV1	ENSG00000141968	TRUE	FALSE
HGNC:12658	VAV2	ENSG00000160293	TRUE	FALSE
HGNC:12680	VEGFA	ENSG00000112715	TRUE	FALSE
HGNC:12687	VHL	ENSG00000134086	FALSE	TRUE
HGNC:28873	VTCN1	ENSG00000134258	FALSE	FALSE
HGNC:17792	VTI1A	ENSG00000151532	FALSE	FALSE
HGNC:12731	WAS	ENSG00000015285	TRUE	FALSE
HGNC:26157	WDCP	ENSG00000163026	FALSE	FALSE
HGNC:12761	WEE1	ENSG00000166483	FALSE	FALSE
HGNC:18081	WIF1	ENSG00000156076	FALSE	TRUE
HGNC:14542	WNK2	ENSG00000165238	FALSE	TRUE
HGNC:12780	WNT2	ENSG00000105989	FALSE	FALSE
HGNC:12784	WNT5A	ENSG00000114251	FALSE	TRUE
HGNC:12791	WRN	ENSG00000165392	FALSE	TRUE
HGNC:12796	WT1	ENSG00000184937	TRUE	TRUE
HGNC:29237	WWC3	ENSG00000047644	FALSE	TRUE
HGNC:12799	WWOX	ENSG00000186153	FALSE	TRUE
HGNC:17004	WWP1	ENSG00000123124	TRUE	FALSE
HGNC:24042	WWTR1	ENSG00000018408	TRUE	FALSE
HGNC:12801	XBP1	ENSG00000100219	TRUE	FALSE
HGNC:12805	XDH	ENSG00000158125	FALSE	FALSE
HGNC:592	XIAP	ENSG00000101966	TRUE	FALSE
HGNC:12814	XPA	ENSG00000136936	FALSE	TRUE
HGNC:12816	XPC	ENSG00000154767	FALSE	TRUE
HGNC:12825	XPO1	ENSG00000082898	TRUE	FALSE
HGNC:12828	XRCC1	ENSG00000073050	FALSE	TRUE
HGNC:12829	XRCC2	ENSG00000196584	FALSE	TRUE
HGNC:12833	XRCC5	ENSG00000079246	FALSE	FALSE
HGNC:16262	YAP1	ENSG00000137693	TRUE	FALSE
HGNC:12841	YES1	ENSG00000176105	TRUE	FALSE
HGNC:12851	YWHAE	ENSG00000108953	FALSE	TRUE
HGNC:12856	YY1	ENSG00000100811	TRUE	FALSE
HGNC:30953	ZBTB10	ENSG00000205189	TRUE	FALSE
HGNC:12930	ZBTB16	ENSG00000109906	TRUE	TRUE
HGNC:13503	ZBTB20	ENSG00000181722	TRUE	TRUE
HGNC:18078	ZBTB7A	ENSG00000178951	TRUE	TRUE
HGNC:18668	ZBTB7B	ENSG00000160685	FALSE	TRUE
HGNC:25265	ZCCHC8	ENSG00000033030	FALSE	FALSE
HGNC:11642	ZEB1	ENSG00000148516	TRUE	TRUE
HGNC:14881	ZEB2	ENSG00000169554	TRUE	TRUE
HGNC:777	ZFHX3	ENSG00000140836	FALSE	TRUE
HGNC:1107	ZFP36L1	ENSG00000185650	FALSE	TRUE
HGNC:1108	ZFP36L2	ENSG00000152518	FALSE	TRUE
HGNC:12869	ZFX	ENSG00000005889	FALSE	TRUE
HGNC:18513	ZHX2	ENSG00000178764	TRUE	TRUE
HGNC:16366	ZIM3	ENSG00000141946	TRUE	FALSE
HGNC:16493	ZMIZ1	ENSG00000108175	FALSE	FALSE
HGNC:12989	ZMYM2	ENSG00000121741	FALSE	FALSE
HGNC:13054	ZMYM3	ENSG00000147130	FALSE	TRUE
HGNC:13009	ZNF217	ENSG00000171940	TRUE	FALSE
HGNC:15489	ZNF331	ENSG00000130844	FALSE	TRUE
HGNC:11955	ZNF384	ENSG00000126746	FALSE	FALSE
HGNC:20817	ZNF429	ENSG00000197013	FALSE	FALSE
HGNC:23258	ZNF479	ENSG00000185177	FALSE	FALSE
HGNC:24605	ZNF521	ENSG00000198795	TRUE	FALSE
HGNC:25883	ZNF703	ENSG00000183779	TRUE	FALSE
HGNC:25843	ZNF750	ENSG00000141579	FALSE	TRUE
HGNC:18126	ZNRF3	ENSG00000183579	FALSE	TRUE
HGNC:23019	ZRSR2	ENSG00000169249	FALSE	FALSE
