hgnc_id	tsgene	oncogene	cancer_max_rank
HGNC:7	FALSE	FALSE	0.574293
HGNC:7646	FALSE	FALSE	0.530275
HGNC:76	FALSE	TRUE	0.999158
HGNC:77	FALSE	TRUE	0.802145
HGNC:79	FALSE	FALSE	0.670718
HGNC:81	FALSE	FALSE	0.511568
HGNC:125	FALSE	FALSE	0.683544
HGNC:132	FALSE	FALSE	0.731991
HGNC:163	FALSE	FALSE	0.747622
HGNC:164	FALSE	FALSE	0.575143
HGNC:171	FALSE	TRUE	0.949614
HGNC:172	TRUE	FALSE	0.961326
HGNC:173	TRUE	FALSE	0.922788
HGNC:186	FALSE	FALSE	0.818871
HGNC:188	FALSE	FALSE	0.72796400000000006
HGNC:232	FALSE	FALSE	0.52951
HGNC:233	FALSE	FALSE	0.862725
HGNC:238	FALSE	FALSE	0.51671
HGNC:239	FALSE	FALSE	0.538653
HGNC:250	FALSE	FALSE	0.72733
HGNC:270	FALSE	FALSE	0.953524
HGNC:280	FALSE	FALSE	0.870229
HGNC:277	FALSE	FALSE	0.575229
HGNC:281	FALSE	FALSE	0.823136
HGNC:282	FALSE	FALSE	0.759876
HGNC:283	FALSE	FALSE	0.825707
HGNC:285	FALSE	FALSE	0.728244
HGNC:286	FALSE	FALSE	0.815877
HGNC:288	FALSE	FALSE	0.586035
HGNC:319	FALSE	FALSE	0.553616
HGNC:6188	FALSE	TRUE	0.725428
HGNC:333	FALSE	FALSE	0.8509
HGNC:336	FALSE	FALSE	0.810797
HGNC:338	FALSE	FALSE	0.666324
HGNC:339	FALSE	FALSE	0.69563
HGNC:348	TRUE	TRUE	0.753991
HGNC:391	FALSE	TRUE	0.990705
HGNC:392	FALSE	TRUE	0.971737
HGNC:399	FALSE	FALSE	0.956032
HGNC:400	FALSE	FALSE	0.586367
HGNC:404	FALSE	FALSE	0.87963
HGNC:414	FALSE	TRUE	0.602694
HGNC:417	FALSE	FALSE	0.551743
HGNC:427	FALSE	TRUE	0.999169
HGNC:429	FALSE	FALSE	0.637205
HGNC:435	FALSE	FALSE	0.546757
HGNC:484	FALSE	FALSE	0.773779
HGNC:485	FALSE	FALSE	0.764109
HGNC:492	FALSE	FALSE	0.83749
HGNC:533	TRUE	TRUE	0.743817
HGNC:537	FALSE	TRUE	0.50563
HGNC:576	FALSE	FALSE	0.748961
HGNC:581	FALSE	FALSE	0.60874
HGNC:583	TRUE	TRUE	1
HGNC:590	FALSE	TRUE	0.737275
HGNC:591	TRUE	TRUE	0.927681
HGNC:592	FALSE	FALSE	0.696592
HGNC:593	FALSE	TRUE	0.567292
HGNC:600	FALSE	FALSE	0.564726
HGNC:601	FALSE	FALSE	0.580365
HGNC:603	FALSE	FALSE	0.952815
HGNC:609	FALSE	FALSE	0.556038
HGNC:610	FALSE	FALSE	0.532419
HGNC:613	FALSE	FALSE	0.759056
HGNC:620	FALSE	FALSE	0.876629
HGNC:6364	FALSE	FALSE	0.822785
HGNC:11920	TRUE	TRUE	0.977411
HGNC:11936	FALSE	FALSE	0.664173
HGNC:636	FALSE	FALSE	0.540316
HGNC:637	FALSE	FALSE	0.697134
HGNC:640	FALSE	FALSE	0.920107
HGNC:644	TRUE	TRUE	1
HGNC:646	FALSE	TRUE	0.883624
HGNC:663	FALSE	FALSE	0.65586
HGNC:667	TRUE	TRUE	0.977273
HGNC:675	FALSE	TRUE	0.687448
HGNC:686	TRUE	FALSE	0.854946
HGNC:700	TRUE	TRUE	0.767914
HGNC:711	FALSE	FALSE	0.631338
HGNC:712	FALSE	FALSE	0.615129
HGNC:745	FALSE	FALSE	0.567136
HGNC:758	TRUE	FALSE	0.761014
HGNC:775	FALSE	FALSE	0.883209
HGNC:777	TRUE	FALSE	0.955696
HGNC:783	FALSE	TRUE	0.761502
HGNC:794	FALSE	FALSE	0.790108
HGNC:795	TRUE	FALSE	0.996127
HGNC:799	TRUE	TRUE	0.812903
HGNC:801	FALSE	FALSE	0.517224
HGNC:811	FALSE	FALSE	0.700257
HGNC:812	FALSE	FALSE	0.511731
HGNC:813	FALSE	FALSE	0.703342
HGNC:816	TRUE	FALSE	0.966102
HGNC:819	FALSE	FALSE	0.861111
HGNC:820	FALSE	FALSE	0.621212
HGNC:856	FALSE	FALSE	0.673401
HGNC:882	TRUE	FALSE	0.940393
HGNC:886	TRUE	TRUE	0.993316
HGNC:905	FALSE	TRUE	0.865206
HGNC:914	TRUE	FALSE	0.972198
HGNC:936	FALSE	FALSE	0.563094
HGNC:949	FALSE	FALSE	0.813368
HGNC:952	TRUE	FALSE	0.989156
HGNC:959	TRUE	TRUE	0.92685
HGNC:1582	FALSE	TRUE	0.97134
HGNC:990	FALSE	TRUE	0.996525
HGNC:991	FALSE	FALSE	0.66251
HGNC:992	FALSE	TRUE	0.86783
HGNC:998	FALSE	TRUE	0.803253
HGNC:1001	FALSE	TRUE	0.960035
HGNC:1004	FALSE	FALSE	0.774978
HGNC:1008	FALSE	TRUE	0.862198
HGNC:11913	FALSE	TRUE	0.860773
HGNC:1014	FALSE	TRUE	0.988206
HGNC:1029	FALSE	FALSE	0.712082
HGNC:1050	FALSE	FALSE	0.635384
HGNC:9346	TRUE	FALSE	0.966985
HGNC:1057	FALSE	FALSE	0.924179
HGNC:1058	TRUE	FALSE	0.946553
HGNC:1066	FALSE	TRUE	0.646787
HGNC:1069	FALSE	FALSE	0.654572
HGNC:1071	FALSE	TRUE	0.885341
HGNC:1072	FALSE	FALSE	0.862119
HGNC:1073	FALSE	FALSE	0.588608
HGNC:1076	TRUE	TRUE	0.845802
HGNC:1083	FALSE	FALSE	0.566756
HGNC:1092	TRUE	TRUE	0.871739
HGNC:1100	TRUE	FALSE	0.999225
HGNC:1097	FALSE	TRUE	1
HGNC:1101	TRUE	FALSE	0.996902
HGNC:1121	FALSE	FALSE	0.78884
HGNC:6349	TRUE	TRUE	0.771271
HGNC:1130	TRUE	FALSE	0.659427
HGNC:1133	TRUE	TRUE	0.991312
HGNC:1148	FALSE	FALSE	0.725689
HGNC:1149	TRUE	FALSE	0.925084
HGNC:1228	FALSE	FALSE	0.721114
HGNC:1318	FALSE	FALSE	0.684833
HGNC:1331	FALSE	FALSE	0.695116
HGNC:1338	FALSE	FALSE	0.702314
HGNC:1368	FALSE	FALSE	0.702413
HGNC:1373	FALSE	FALSE	0.702949
HGNC:1375	FALSE	FALSE	0.700804
HGNC:1383	FALSE	FALSE	0.827957
HGNC:1371	FALSE	FALSE	0.705094
HGNC:1389	FALSE	FALSE	0.591774
HGNC:1390	FALSE	FALSE	0.524936
HGNC:1391	FALSE	TRUE	0.916139
HGNC:1399	FALSE	FALSE	0.907775
HGNC:1403	FALSE	FALSE	0.522879
HGNC:1442	FALSE	FALSE	0.792802
HGNC:1455	FALSE	TRUE	0.977254
HGNC:1464	FALSE	FALSE	0.532003
HGNC:1460	FALSE	FALSE	0.78766099999999994
HGNC:1476	FALSE	FALSE	0.815938
HGNC:1493	TRUE	FALSE	0.767292
HGNC:1499	FALSE	FALSE	0.756858
HGNC:1504	TRUE	FALSE	0.844555
HGNC:1507	FALSE	FALSE	0.597337
HGNC:1508	FALSE	FALSE	0.614253
HGNC:1509	TRUE	FALSE	0.977172
HGNC:1511	TRUE	FALSE	0.880299
HGNC:1500	FALSE	FALSE	0.813131
HGNC:1514	TRUE	TRUE	0.863436
HGNC:1527	TRUE	FALSE	0.512601
HGNC:10471	TRUE	TRUE	0.990733
HGNC:1535	TRUE	TRUE	0.928096
HGNC:1537	TRUE	TRUE	0.871571
HGNC:1539	TRUE	FALSE	0.727078
HGNC:1541	TRUE	TRUE	0.98989
HGNC:1542	TRUE	TRUE	0.859669
HGNC:1569	FALSE	FALSE	0.696658
HGNC:1570	FALSE	FALSE	0.671979
HGNC:1573	FALSE	FALSE	0.616794
HGNC:1578	FALSE	FALSE	0.877635
HGNC:1579	FALSE	TRUE	0.814214
HGNC:1581	TRUE	FALSE	0.642256
HGNC:1583	TRUE	TRUE	0.941397
HGNC:1585	FALSE	TRUE	0.946134
HGNC:1589	FALSE	TRUE	0.962178
HGNC:1592	FALSE	TRUE	0.572654
HGNC:1620	FALSE	FALSE	0.76517
HGNC:1673	FALSE	FALSE	0.874023
HGNC:1674	FALSE	FALSE	0.925282
HGNC:1675	FALSE	FALSE	0.622937
HGNC:1677	FALSE	FALSE	0.535193
HGNC:1678	FALSE	FALSE	0.783099
HGNC:1690	FALSE	FALSE	0.50134
HGNC:1706	FALSE	FALSE	0.534584
HGNC:1628	FALSE	FALSE	0.611804
HGNC:1633	FALSE	FALSE	0.969592
HGNC:7315	FALSE	FALSE	0.995656
HGNC:1643	FALSE	FALSE	0.909644
HGNC:1653	FALSE	TRUE	0.837074
HGNC:1700	FALSE	FALSE	0.609036
HGNC:1705	FALSE	FALSE	0.760411
HGNC:11923	FALSE	FALSE	0.960904
HGNC:1659	FALSE	FALSE	0.883741
HGNC:1663	FALSE	FALSE	0.578138
HGNC:1664	FALSE	FALSE	0.716129
HGNC:1667	FALSE	FALSE	0.923545
HGNC:11919	FALSE	FALSE	0.670721
HGNC:1681	FALSE	TRUE	0.798972
HGNC:1682	FALSE	FALSE	0.63016
HGNC:1688	FALSE	FALSE	0.709818
HGNC:1697	FALSE	TRUE	0.927265
HGNC:1698	FALSE	TRUE	0.904431
HGNC:1699	FALSE	TRUE	0.967854
HGNC:1712	FALSE	FALSE	0.687919
HGNC:1722	FALSE	TRUE	0.87739
HGNC:1717	FALSE	FALSE	0.643392
HGNC:1723	FALSE	TRUE	0.58271
HGNC:1725	FALSE	TRUE	0.567747
HGNC:1727	FALSE	FALSE	0.67581
HGNC:1728	FALSE	FALSE	0.930295
HGNC:1736	FALSE	TRUE	0.522901
HGNC:1748	TRUE	FALSE	0.999158
HGNC:1762	TRUE	TRUE	0.667089
HGNC:1749	TRUE	FALSE	0.860154
HGNC:1750	TRUE	FALSE	0.957071
HGNC:1756	FALSE	TRUE	0.872402
HGNC:1771	FALSE	FALSE	0.771495
HGNC:1773	TRUE	TRUE	0.986057
HGNC:1774	TRUE	FALSE	0.716126
HGNC:1777	TRUE	TRUE	0.987607
HGNC:1778	FALSE	FALSE	0.791355
HGNC:1779	FALSE	TRUE	0.667866
HGNC:1780	FALSE	FALSE	0.697654
HGNC:1784	TRUE	TRUE	0.928021
HGNC:1785	TRUE	TRUE	0.976538
HGNC:1786	TRUE	TRUE	0.696774
HGNC:1787	TRUE	FALSE	0.998122
HGNC:1788	TRUE	FALSE	0.972237
HGNC:1789	TRUE	FALSE	0.964524
HGNC:1791	FALSE	TRUE	0.699196
HGNC:1804	FALSE	FALSE	0.913988
HGNC:1806	TRUE	TRUE	0.960438
HGNC:1817	FALSE	FALSE	0.711139
HGNC:1833	TRUE	TRUE	0.960404
HGNC:1834	FALSE	TRUE	0.587142
HGNC:1836	FALSE	FALSE	0.547599
HGNC:1851	FALSE	FALSE	0.670823
HGNC:1857	FALSE	TRUE	0.542091
HGNC:1874	FALSE	FALSE	0.625097
HGNC:1884	FALSE	FALSE	0.683805
HGNC:1917	TRUE	FALSE	0.768324
HGNC:1918	FALSE	FALSE	0.769327
HGNC:1919	FALSE	TRUE	0.934331
HGNC:1925	FALSE	TRUE	0.862843
HGNC:1950	FALSE	FALSE	0.678149
HGNC:1951	FALSE	FALSE	0.706941
HGNC:1952	FALSE	FALSE	0.668895
HGNC:1957	FALSE	FALSE	0.916043
HGNC:1958	FALSE	FALSE	0.809643
HGNC:1959	FALSE	FALSE	0.964672
HGNC:1964	FALSE	FALSE	0.746052
HGNC:1974	FALSE	FALSE	0.75527
HGNC:564	FALSE	FALSE	0.735661
HGNC:2095	TRUE	FALSE	0.824605
HGNC:2092	TRUE	FALSE	0.916129
HGNC:1602	FALSE	FALSE	0.671465
HGNC:1604	FALSE	FALSE	0.68946
HGNC:1605	FALSE	TRUE	0.855778
HGNC:1606	FALSE	FALSE	0.729049
HGNC:1608	FALSE	TRUE	0.823716
HGNC:1609	FALSE	FALSE	0.694087
HGNC:2154	FALSE	FALSE	0.752702
HGNC:2197	FALSE	FALSE	0.943511
HGNC:2198	FALSE	FALSE	0.703817
HGNC:2200	FALSE	FALSE	0.89357
HGNC:2201	FALSE	FALSE	0.888612
HGNC:2202	FALSE	FALSE	0.735574
HGNC:2203	FALSE	FALSE	0.604113
HGNC:2211	FALSE	FALSE	0.506427
HGNC:2212	FALSE	FALSE	0.516195
HGNC:2186	FALSE	FALSE	0.538364
HGNC:2235	TRUE	FALSE	0.96519
HGNC:6860	FALSE	TRUE	0.64473
HGNC:2285	FALSE	FALSE	0.727764
HGNC:2049	FALSE	FALSE	0.590361
HGNC:2345	FALSE	TRUE	0.911616
HGNC:2348	TRUE	TRUE	0.986968
HGNC:2352	FALSE	FALSE	0.786118
HGNC:2362	FALSE	FALSE	0.511232
HGNC:2363	FALSE	TRUE	0.759897
HGNC:2367	FALSE	TRUE	0.513673
HGNC:6876	TRUE	FALSE	0.621998
HGNC:2433	FALSE	TRUE	0.98232
HGNC:2434	FALSE	TRUE	0.840214
HGNC:2435	FALSE	FALSE	0.795373
HGNC:2439	FALSE	TRUE	0.991575
HGNC:2453	FALSE	FALSE	0.844483
HGNC:2457	FALSE	FALSE	0.598605
HGNC:2459	FALSE	FALSE	0.603044
HGNC:2460	FALSE	FALSE	0.747044
HGNC:2465	FALSE	FALSE	0.579434
HGNC:2466	FALSE	FALSE	0.568552
HGNC:2481	FALSE	FALSE	0.580977
HGNC:2500	TRUE	TRUE	0.849724
HGNC:2505	FALSE	FALSE	0.976944
HGNC:2509	TRUE	FALSE	0.952862
HGNC:2510	FALSE	TRUE	0.832905
HGNC:2514	FALSE	TRUE	0.998391
HGNC:2515	FALSE	FALSE	0.718855
HGNC:2516	FALSE	TRUE	0.762626
HGNC:2529	FALSE	FALSE	0.630091
HGNC:2532	FALSE	FALSE	0.74642
HGNC:2545	FALSE	FALSE	0.638498
HGNC:2557	TRUE	TRUE	0.946961
HGNC:2558	FALSE	FALSE	0.669409
HGNC:2584	TRUE	FALSE	0.92454
HGNC:2596	FALSE	FALSE	0.528686
HGNC:2597	FALSE	FALSE	0.723944
HGNC:2610	FALSE	FALSE	0.888196
HGNC:2615	FALSE	FALSE	0.531105
HGNC:2622	FALSE	FALSE	0.760599
HGNC:2590	FALSE	FALSE	0.855932
HGNC:2591	FALSE	FALSE	0.864407
HGNC:2593	FALSE	FALSE	0.984177
HGNC:2594	FALSE	FALSE	0.988381
HGNC:2602	FALSE	TRUE	0.766002
HGNC:2606	FALSE	FALSE	0.566899
HGNC:2662	TRUE	FALSE	0.560682
HGNC:2849	FALSE	FALSE	0.794344
HGNC:2850	FALSE	FALSE	0.789203
HGNC:2674	TRUE	FALSE	0.584987
HGNC:2681	TRUE	TRUE	0.918537
HGNC:2685	FALSE	FALSE	0.880952
HGNC:2701	TRUE	FALSE	0.898403
HGNC:2705	FALSE	FALSE	0.541019
HGNC:2707	FALSE	FALSE	0.565147
HGNC:2717	FALSE	FALSE	0.897051
HGNC:2718	TRUE	TRUE	0.901408
HGNC:384	FALSE	FALSE	0.662926
HGNC:4095	FALSE	FALSE	0.740648
HGNC:2726	FALSE	TRUE	0.951145
HGNC:2745	TRUE	TRUE	0.929563
HGNC:2746	FALSE	TRUE	0.89899
HGNC:2747	FALSE	TRUE	0.822943
HGNC:2750	FALSE	TRUE	0.66756
HGNC:2735	TRUE	FALSE	0.780549
HGNC:2810	TRUE	FALSE	0.804692
HGNC:2861	FALSE	FALSE	0.979634
HGNC:2903	FALSE	FALSE	0.77635
HGNC:2911	FALSE	FALSE	0.89313
HGNC:2915	FALSE	FALSE	0.667699
HGNC:2928	FALSE	FALSE	0.624093
HGNC:2934	FALSE	FALSE	0.904762
HGNC:2939	FALSE	FALSE	0.709512
HGNC:2959	FALSE	FALSE	0.53941
HGNC:2974	TRUE	FALSE	0.883805
HGNC:2976	TRUE	TRUE	0.957877
HGNC:2978	TRUE	TRUE	0.994945
HGNC:2979	TRUE	FALSE	0.649884
HGNC:2987	FALSE	FALSE	0.656041
HGNC:3009	TRUE	FALSE	0.593566
HGNC:3012	FALSE	FALSE	0.919035
HGNC:3020	FALSE	FALSE	0.611825
HGNC:3023	FALSE	FALSE	0.960685
HGNC:3024	FALSE	FALSE	0.729563
HGNC:3025	FALSE	FALSE	0.929223
HGNC:3026	FALSE	FALSE	0.597429
HGNC:3048	FALSE	FALSE	0.58445
HGNC:3049	FALSE	FALSE	0.874036
HGNC:3050	FALSE	FALSE	0.614298
HGNC:3052	FALSE	FALSE	0.675578
HGNC:3054	FALSE	FALSE	0.955496
HGNC:3059	FALSE	TRUE	0.651288
HGNC:3060	FALSE	FALSE	0.542803
HGNC:3064	FALSE	FALSE	0.664088
HGNC:3068	FALSE	FALSE	0.650829
HGNC:3070	TRUE	FALSE	0.736638
HGNC:3071	FALSE	FALSE	0.76401
HGNC:3074	FALSE	FALSE	0.769666
HGNC:3076	FALSE	FALSE	0.533666
HGNC:3086	FALSE	FALSE	0.590231
HGNC:3113	TRUE	TRUE	0.792186
HGNC:3114	TRUE	TRUE	0.621433
HGNC:3115	FALSE	TRUE	0.762261
HGNC:3118	FALSE	FALSE	0.702828
HGNC:3126	TRUE	FALSE	0.911381
HGNC:3165	FALSE	FALSE	0.508254
HGNC:3166	FALSE	FALSE	0.771208
HGNC:3167	FALSE	FALSE	0.615938
HGNC:3179	FALSE	FALSE	0.582609
HGNC:3180	FALSE	FALSE	0.589727
HGNC:3214	FALSE	FALSE	0.654591
HGNC:3229	FALSE	TRUE	0.794859
HGNC:3236	FALSE	TRUE	1
HGNC:3238	TRUE	TRUE	0.524933
HGNC:3239	FALSE	FALSE	0.600887
HGNC:3250	FALSE	TRUE	0.799559
HGNC:3386	FALSE	TRUE	0.981769
HGNC:3284	FALSE	FALSE	0.699917
HGNC:3285	FALSE	FALSE	0.554863
HGNC:3287	FALSE	TRUE	0.561097
HGNC:3296	FALSE	FALSE	0.804239
HGNC:3309	FALSE	FALSE	0.551122
HGNC:3318	TRUE	TRUE	0.951743
HGNC:3319	TRUE	TRUE	0.864933
HGNC:3326	FALSE	TRUE	0.78674
HGNC:3327	FALSE	FALSE	0.840837
HGNC:3349	FALSE	FALSE	0.568365
HGNC:3373	TRUE	FALSE	0.983486
HGNC:3374	TRUE	TRUE	0.942541
HGNC:3385	FALSE	FALSE	0.827515
HGNC:3387	FALSE	FALSE	0.929759
HGNC:3388	FALSE	FALSE	0.713656
HGNC:3389	FALSE	FALSE	0.836658
HGNC:3390	TRUE	FALSE	0.919784
HGNC:3391	FALSE	FALSE	0.810058
HGNC:3392	FALSE	FALSE	0.798005
HGNC:3393	TRUE	FALSE	0.94462
HGNC:3394	FALSE	FALSE	0.797174
HGNC:3395	TRUE	FALSE	0.80133
HGNC:3396	FALSE	FALSE	0.827099
HGNC:3402	FALSE	FALSE	0.602244
HGNC:3416	FALSE	FALSE	0.791946
HGNC:3419	TRUE	FALSE	0.804655
HGNC:3430	FALSE	TRUE	0.998316
HGNC:3431	FALSE	TRUE	0.988215
HGNC:3432	TRUE	TRUE	0.995012
HGNC:3433	FALSE	FALSE	0.571488
HGNC:3434	TRUE	FALSE	0.972477
HGNC:3443	FALSE	FALSE	0.700748
HGNC:3522	TRUE	FALSE	0.623857
HGNC:3435	TRUE	FALSE	0.91064
HGNC:3436	TRUE	FALSE	0.933333
HGNC:3437	TRUE	FALSE	0.914554
HGNC:3438	FALSE	FALSE	0.762677
HGNC:3446	FALSE	TRUE	0.969937
HGNC:3467	TRUE	TRUE	0.997676
HGNC:3468	FALSE	TRUE	0.969791
HGNC:3474	FALSE	FALSE	0.810999
HGNC:3488	FALSE	TRUE	0.797943
HGNC:3490	FALSE	TRUE	0.918121
HGNC:3493	FALSE	TRUE	0.900316
HGNC:3494	FALSE	TRUE	0.895677
HGNC:3495	TRUE	TRUE	0.984836
HGNC:3498	FALSE	TRUE	0.917706
HGNC:3499	FALSE	FALSE	0.755725
HGNC:3508	FALSE	TRUE	0.997783
HGNC:3512	TRUE	FALSE	0.993348
HGNC:3513	TRUE	FALSE	0.980044
HGNC:3519	FALSE	FALSE	0.596915
HGNC:3520	FALSE	FALSE	0.601028
HGNC:3527	TRUE	TRUE	0.989574
HGNC:3535	FALSE	FALSE	0.73419
HGNC:3537	FALSE	FALSE	0.720283
HGNC:3538	FALSE	FALSE	0.68329
HGNC:3546	FALSE	FALSE	0.639589
HGNC:3528	FALSE	FALSE	0.670407
HGNC:3529	FALSE	FALSE	0.521613
HGNC:3530	FALSE	FALSE	0.518703
HGNC:3531	FALSE	FALSE	0.681234
HGNC:3582	TRUE	FALSE	0.925174
HGNC:3584	TRUE	FALSE	0.948102
HGNC:3585	TRUE	FALSE	0.923109
HGNC:3586	TRUE	FALSE	0.866836
HGNC:3570	FALSE	FALSE	0.66059
HGNC:3571	FALSE	FALSE	0.515282
HGNC:9612	FALSE	FALSE	0.553728
HGNC:3583	FALSE	FALSE	0.795815
HGNC:3587	TRUE	FALSE	0.893184
HGNC:3588	TRUE	FALSE	0.870324
HGNC:3600	FALSE	FALSE	0.636326
HGNC:3594	FALSE	TRUE	0.647306
HGNC:3595	TRUE	FALSE	0.986684
HGNC:3597	FALSE	FALSE	0.514412
HGNC:3601	TRUE	FALSE	0.84414
HGNC:3603	FALSE	FALSE	0.524883
HGNC:3606	FALSE	FALSE	0.517426
HGNC:3612	FALSE	FALSE	0.523023
HGNC:3618	FALSE	TRUE	0.798122
HGNC:3619	FALSE	FALSE	0.500951
HGNC:3631	FALSE	FALSE	0.667914
HGNC:3650	TRUE	FALSE	0.778271
HGNC:3657	TRUE	TRUE	0.880152
HGNC:3661	FALSE	FALSE	0.931903
HGNC:3662	FALSE	FALSE	0.755611
HGNC:3665	FALSE	FALSE	0.893298
HGNC:3676	FALSE	FALSE	0.900268
HGNC:3681	FALSE	FALSE	0.665217
HGNC:3682	FALSE	TRUE	0.640067
HGNC:3683	FALSE	TRUE	0.696176
HGNC:3685	FALSE	FALSE	0.768638
HGNC:3686	FALSE	FALSE	0.517371
HGNC:3687	FALSE	FALSE	0.719565
HGNC:3666	FALSE	FALSE	0.883036
HGNC:3688	FALSE	TRUE	0.994859
HGNC:3690	FALSE	TRUE	0.998165
HGNC:4453	TRUE	FALSE	0.816107
HGNC:3689	FALSE	TRUE	0.994638
HGNC:3691	FALSE	TRUE	0.987668
HGNC:3697	FALSE	TRUE	0.922494
HGNC:3700	TRUE	FALSE	0.984946
HGNC:3701	TRUE	FALSE	0.949293
HGNC:3711	FALSE	FALSE	0.97748
HGNC:3809	TRUE	FALSE	0.712963
HGNC:3817	FALSE	FALSE	0.502177
HGNC:3806	FALSE	FALSE	0.951542
HGNC:3818	FALSE	TRUE	0.813882
HGNC:3819	TRUE	TRUE	0.946565
HGNC:3821	TRUE	TRUE	0.910147
HGNC:3748	FALSE	FALSE	0.858216
HGNC:3749	FALSE	TRUE	0.91796
HGNC:3754	FALSE	FALSE	0.849871
HGNC:3763	FALSE	TRUE	0.986595
HGNC:3765	FALSE	TRUE	0.995788
HGNC:3767	FALSE	TRUE	0.996247
HGNC:3778	FALSE	FALSE	0.798458
HGNC:3782	FALSE	FALSE	0.62365
HGNC:3785	FALSE	FALSE	0.610783
HGNC:3788	FALSE	FALSE	0.958861
HGNC:3796	FALSE	TRUE	0.812968
HGNC:3827	FALSE	FALSE	0.689974
HGNC:3828	FALSE	FALSE	0.664781
HGNC:3955	FALSE	TRUE	0.908847
HGNC:3942	FALSE	TRUE	0.980977
HGNC:3969	FALSE	FALSE	0.7491
HGNC:7984	FALSE	TRUE	0.737017
HGNC:3976	FALSE	FALSE	0.5133
HGNC:4010	TRUE	TRUE	0.972519
HGNC:4035	FALSE	FALSE	0.61491
HGNC:4037	FALSE	TRUE	0.926706
HGNC:4055	FALSE	FALSE	0.546966
HGNC:4066	FALSE	FALSE	0.731769
HGNC:4075	FALSE	FALSE	0.592593
HGNC:4076	FALSE	FALSE	0.592593
HGNC:4077	FALSE	FALSE	0.937265
HGNC:4078	FALSE	FALSE	0.592593
HGNC:4079	FALSE	FALSE	0.934048
HGNC:4080	FALSE	FALSE	0.933512
HGNC:4081	FALSE	FALSE	0.592593
HGNC:4082	FALSE	FALSE	0.686201
HGNC:4083	FALSE	FALSE	0.940483
HGNC:4084	FALSE	FALSE	0.936729
HGNC:4085	FALSE	FALSE	0.960858
HGNC:4086	FALSE	FALSE	0.693038
HGNC:4087	FALSE	FALSE	0.592593
HGNC:4088	FALSE	FALSE	0.934584
HGNC:4089	FALSE	FALSE	0.938874
HGNC:4132	FALSE	FALSE	0.661697
HGNC:4125	FALSE	FALSE	0.926174
HGNC:4163	FALSE	FALSE	0.89734
HGNC:4170	TRUE	TRUE	0.961247
HGNC:4171	FALSE	TRUE	0.981466
HGNC:4172	TRUE	TRUE	0.986832
HGNC:4191	FALSE	FALSE	0.583914
HGNC:4201	FALSE	FALSE	0.70577
HGNC:4217	FALSE	FALSE	0.559786
HGNC:4232	FALSE	FALSE	0.79126
HGNC:4243	FALSE	FALSE	0.767095
HGNC:4261	FALSE	FALSE	0.858612
HGNC:4263	FALSE	FALSE	0.502413
HGNC:4287	FALSE	FALSE	0.500416
HGNC:4451	TRUE	TRUE	0.954424
HGNC:4313	FALSE	FALSE	0.738359
HGNC:4317	FALSE	TRUE	0.876974
HGNC:4318	FALSE	TRUE	0.502314
HGNC:4326	FALSE	FALSE	0.558081
HGNC:4331	FALSE	TRUE	0.751039
HGNC:4379	FALSE	TRUE	0.934783
HGNC:4385	FALSE	FALSE	0.555485
HGNC:4387	FALSE	FALSE	0.555485
HGNC:4388	FALSE	FALSE	0.632708
HGNC:4389	FALSE	FALSE	0.575835
HGNC:4390	FALSE	TRUE	0.978261
HGNC:4392	FALSE	TRUE	0.992391
HGNC:4395	FALSE	FALSE	0.519119
HGNC:4396	FALSE	FALSE	0.88711
HGNC:4400	FALSE	FALSE	0.61636
HGNC:4407	FALSE	FALSE	0.542394
HGNC:4408	FALSE	FALSE	0.735733
HGNC:4403	FALSE	FALSE	0.535328
HGNC:4411	FALSE	FALSE	0.628429
HGNC:4412	FALSE	FALSE	0.519534
HGNC:4421	FALSE	FALSE	0.987342
HGNC:10773	TRUE	TRUE	0.689918
HGNC:4449	FALSE	FALSE	0.512469
HGNC:4456	FALSE	FALSE	0.807126
HGNC:4458	FALSE	FALSE	0.70532
HGNC:1625	FALSE	FALSE	0.674036
HGNC:4464	FALSE	FALSE	0.633419
HGNC:4468	FALSE	FALSE	0.680206
HGNC:4471	FALSE	FALSE	0.728535
HGNC:4478	FALSE	FALSE	0.816967
HGNC:4549	FALSE	FALSE	0.543445
HGNC:4552	FALSE	FALSE	0.543164
HGNC:4554	FALSE	FALSE	0.536462
HGNC:4556	FALSE	FALSE	0.637157
HGNC:4559	FALSE	FALSE	0.760101
HGNC:4566	FALSE	FALSE	0.785173
HGNC:4565	FALSE	FALSE	0.511097
HGNC:4568	FALSE	FALSE	0.546607
HGNC:4571	FALSE	FALSE	0.560266
HGNC:4574	FALSE	FALSE	0.790231
HGNC:4579	FALSE	FALSE	0.887399
HGNC:4584	FALSE	FALSE	0.683966
HGNC:4585	TRUE	FALSE	0.899531
HGNC:4586	FALSE	FALSE	0.791774
HGNC:4587	FALSE	FALSE	0.792288
HGNC:4588	FALSE	FALSE	0.789717
HGNC:7978	FALSE	FALSE	0.992089
HGNC:4591	TRUE	FALSE	0.886534
HGNC:4593	FALSE	TRUE	0.842159
HGNC:4595	FALSE	TRUE	0.811825
HGNC:4596	FALSE	FALSE	0.745011
HGNC:4597	FALSE	FALSE	0.817995
HGNC:4599	FALSE	FALSE	0.539332
HGNC:4602	FALSE	TRUE	0.738817
HGNC:4609	FALSE	FALSE	0.698201
HGNC:4616	FALSE	FALSE	0.764967
HGNC:4617	FALSE	FALSE	0.834961
HGNC:4620	FALSE	FALSE	0.683753
HGNC:4623	FALSE	FALSE	0.962982
HGNC:4643	FALSE	FALSE	0.511528
HGNC:7329	TRUE	FALSE	0.992743
HGNC:4664	FALSE	FALSE	0.587786
HGNC:4709	FALSE	FALSE	0.703856
HGNC:4724	FALSE	FALSE	0.668474
HGNC:4729	FALSE	FALSE	0.652982
HGNC:4739	FALSE	FALSE	0.654531
HGNC:4747	FALSE	FALSE	0.64756
HGNC:4751	FALSE	FALSE	0.673896
HGNC:4764	FALSE	TRUE	0.98509
HGNC:4765	FALSE	TRUE	0.896658
HGNC:4798	FALSE	FALSE	0.660793
HGNC:4840	FALSE	FALSE	0.925864
HGNC:4852	FALSE	TRUE	0.952215
HGNC:4853	FALSE	FALSE	0.947871
HGNC:4893	FALSE	TRUE	0.875578
HGNC:4894	FALSE	FALSE	0.50665
HGNC:7997	TRUE	FALSE	0.9491
HGNC:4910	TRUE	TRUE	0.954281
HGNC:4913	FALSE	TRUE	0.861878
HGNC:4931	FALSE	FALSE	0.951807
HGNC:4932	FALSE	FALSE	0.842739
HGNC:4933	FALSE	FALSE	0.564815
HGNC:4979	FALSE	TRUE	0.733583
HGNC:4942	FALSE	FALSE	0.573414
HGNC:4943	FALSE	FALSE	0.62982
HGNC:4947	FALSE	FALSE	0.651414
HGNC:4948	FALSE	FALSE	0.578627
HGNC:4953	FALSE	FALSE	0.506516
HGNC:4977	FALSE	TRUE	0.771046
HGNC:5006	FALSE	FALSE	0.947453
HGNC:5010	FALSE	TRUE	0.868633
HGNC:5013	FALSE	TRUE	0.59861
HGNC:7980	TRUE	TRUE	0.741388
HGNC:5021	FALSE	TRUE	0.966772
HGNC:5031	FALSE	TRUE	0.525769
HGNC:5033	FALSE	TRUE	0.899834
HGNC:5039	FALSE	FALSE	0.571208
HGNC:5056	FALSE	TRUE	0.773483
HGNC:5099	FALSE	TRUE	0.629677
HGNC:5109	TRUE	TRUE	0.926018
HGNC:5101	TRUE	TRUE	0.889443
HGNC:5102	FALSE	TRUE	0.837542
HGNC:5123	FALSE	TRUE	0.959249
HGNC:5125	FALSE	TRUE	0.873811
HGNC:5134	FALSE	TRUE	0.691077
HGNC:5136	FALSE	TRUE	0.859518
HGNC:5173	FALSE	TRUE	0.998098
HGNC:5175	FALSE	FALSE	0.558355
HGNC:5182	FALSE	FALSE	0.500469
HGNC:5183	FALSE	FALSE	0.589226
HGNC:5237	FALSE	FALSE	0.602634
HGNC:5241	FALSE	FALSE	0.804878
HGNC:5253	FALSE	TRUE	0.916354
HGNC:5258	FALSE	FALSE	0.908978
HGNC:5270	FALSE	FALSE	0.971582
HGNC:5273	FALSE	FALSE	0.550707
HGNC:5286	FALSE	FALSE	0.617995
HGNC:5291	FALSE	FALSE	0.624165
HGNC:5293	FALSE	FALSE	0.816452
HGNC:5295	FALSE	FALSE	0.809769
HGNC:5297	FALSE	FALSE	0.599479
HGNC:5299	FALSE	FALSE	0.586118
HGNC:5300	FALSE	FALSE	0.654499
HGNC:5302	FALSE	FALSE	0.584062
HGNC:5309	FALSE	FALSE	0.610557
HGNC:5318	FALSE	TRUE	0.858249
HGNC:5329	FALSE	FALSE	0.584709
HGNC:5344	FALSE	FALSE	0.74064700000000006
HGNC:5358	TRUE	FALSE	0.844987
HGNC:5360	FALSE	TRUE	0.581491
HGNC:5362	TRUE	FALSE	0.807993
HGNC:5382	TRUE	TRUE	0.998972
HGNC:5383	FALSE	TRUE	0.995887
HGNC:5395	FALSE	FALSE	0.500831
HGNC:5432	FALSE	FALSE	0.895979
HGNC:5433	FALSE	FALSE	0.921716
HGNC:5434	FALSE	FALSE	0.640617
HGNC:5439	FALSE	FALSE	0.521301
HGNC:5464	FALSE	TRUE	0.775063
HGNC:5465	TRUE	TRUE	0.842893
HGNC:5466	FALSE	TRUE	0.66542
HGNC:5467	TRUE	FALSE	0.961394
HGNC:5469	FALSE	FALSE	0.927614
HGNC:5472	FALSE	FALSE	0.802156
HGNC:5525	FALSE	FALSE	0.562989
HGNC:5724	FALSE	FALSE	0.714014
HGNC:5960	FALSE	TRUE	0.89748000000000006
HGNC:5991	FALSE	FALSE	0.778694
HGNC:5992	FALSE	FALSE	0.790742
HGNC:5993	FALSE	FALSE	0.574558
HGNC:6001	FALSE	FALSE	0.765152
HGNC:6008	FALSE	FALSE	0.976542
HGNC:6009	FALSE	FALSE	0.953665
HGNC:6011	FALSE	FALSE	0.763496
HGNC:6012	FALSE	FALSE	0.609941
HGNC:6015	FALSE	FALSE	0.838046
HGNC:6016	FALSE	FALSE	0.577679
HGNC:6018	FALSE	TRUE	0.752185
HGNC:6019	FALSE	FALSE	0.711555
HGNC:6021	FALSE	TRUE	0.975335
HGNC:6024	FALSE	TRUE	0.962594
HGNC:6025	FALSE	TRUE	0.619565
HGNC:6026	FALSE	FALSE	0.707455
HGNC:6027	FALSE	FALSE	0.73162
HGNC:5973	FALSE	FALSE	0.58384
HGNC:5974	FALSE	FALSE	0.760925
HGNC:5975	FALSE	FALSE	0.862211
HGNC:11924	FALSE	FALSE	0.56125100000000006
HGNC:5981	FALSE	FALSE	0.503488
HGNC:6052	FALSE	FALSE	0.958177
HGNC:6053	FALSE	FALSE	0.945308
HGNC:6059	FALSE	FALSE	0.890932
HGNC:6062	FALSE	FALSE	0.854153
HGNC:6066	FALSE	FALSE	0.528678
HGNC:6067	FALSE	FALSE	0.680093
HGNC:6081	FALSE	TRUE	0.734704
HGNC:6079	FALSE	FALSE	0.74653
HGNC:6080	FALSE	FALSE	0.613445
HGNC:6091	FALSE	TRUE	0.753213
HGNC:3277	TRUE	FALSE	0.782627
HGNC:6107	FALSE	TRUE	0.669613
HGNC:6142	FALSE	FALSE	0.726266
HGNC:6116	TRUE	FALSE	0.877946
HGNC:6118	FALSE	FALSE	0.676056
HGNC:6119	TRUE	TRUE	0.981755
HGNC:6125	FALSE	FALSE	0.777692
HGNC:6132	FALSE	FALSE	0.541985
HGNC:6137	FALSE	FALSE	0.672928
HGNC:6138	FALSE	FALSE	0.774293
HGNC:6139	FALSE	FALSE	0.579385
HGNC:6141	FALSE	FALSE	0.685861
HGNC:6145	FALSE	FALSE	0.532134
HGNC:6149	FALSE	FALSE	0.58509
HGNC:6150	FALSE	FALSE	0.891521
HGNC:6152	FALSE	FALSE	0.585604
HGNC:6153	FALSE	FALSE	0.759767
HGNC:6155	FALSE	FALSE	0.866324
HGNC:6156	FALSE	FALSE	0.827249
HGNC:6158	FALSE	FALSE	0.5409
HGNC:6160	FALSE	FALSE	0.793316
HGNC:6163	FALSE	FALSE	0.634494
HGNC:6171	FALSE	FALSE	0.845387
HGNC:6180	FALSE	FALSE	0.743445
HGNC:6189	FALSE	FALSE	0.707673
HGNC:6190	TRUE	TRUE	0.978939
HGNC:6192	FALSE	TRUE	0.998315
HGNC:6193	FALSE	TRUE	0.983151
HGNC:6196	FALSE	FALSE	0.512676
HGNC:6204	FALSE	TRUE	0.896204
HGNC:6207	FALSE	FALSE	0.523625
HGNC:6211	FALSE	FALSE	0.534497
HGNC:6266	FALSE	TRUE	0.991525
HGNC:6272	FALSE	FALSE	0.523275
HGNC:6277	FALSE	FALSE	0.906702
HGNC:6278	FALSE	FALSE	0.908311
HGNC:6307	FALSE	TRUE	1
HGNC:6308	FALSE	FALSE	0.619537
HGNC:6324	FALSE	FALSE	0.952618
HGNC:6342	FALSE	TRUE	1
HGNC:6363	FALSE	FALSE	0.848101
HGNC:6371	FALSE	FALSE	0.518766
HGNC:6374	FALSE	FALSE	0.69182
HGNC:6383	FALSE	FALSE	0.848843
HGNC:6388	FALSE	TRUE	0.597672
HGNC:6389	FALSE	FALSE	0.516354
HGNC:6400	FALSE	FALSE	0.589717
HGNC:6395	FALSE	TRUE	0.753948
HGNC:6407	FALSE	TRUE	0.998895
HGNC:6441	FALSE	FALSE	0.692454
HGNC:6442	FALSE	FALSE	0.714554
HGNC:6446	FALSE	FALSE	0.710308
HGNC:6415	FALSE	FALSE	0.705136
HGNC:6423	FALSE	FALSE	0.630945
HGNC:6427	FALSE	FALSE	0.767136
HGNC:6436	FALSE	FALSE	0.614458
HGNC:6467	FALSE	FALSE	0.710209
HGNC:6470	FALSE	FALSE	0.679692
HGNC:6473	FALSE	TRUE	0.896093
HGNC:6476	FALSE	FALSE	0.64600900000000006
HGNC:6482	FALSE	FALSE	0.607648
HGNC:6483	FALSE	FALSE	0.581463
HGNC:6484	FALSE	FALSE	0.572735
HGNC:6485	FALSE	FALSE	0.594166
HGNC:6486	FALSE	FALSE	0.570657
HGNC:6487	FALSE	FALSE	0.56941
HGNC:6490	FALSE	FALSE	0.578554
HGNC:6492	FALSE	FALSE	0.572751
HGNC:6493	FALSE	FALSE	0.773621
HGNC:6513	FALSE	TRUE	0.705387
HGNC:6524	FALSE	TRUE	0.947767
HGNC:6526	FALSE	TRUE	0.765377
HGNC:6528	FALSE	FALSE	0.64557
HGNC:6530	FALSE	FALSE	0.685786
HGNC:6547	FALSE	FALSE	0.698715
HGNC:6550	FALSE	FALSE	0.515818
HGNC:6553	FALSE	FALSE	0.545308
HGNC:6563	FALSE	FALSE	0.562466
HGNC:6585	FALSE	FALSE	0.834237
HGNC:6597	TRUE	FALSE	0.788861
HGNC:6601	FALSE	FALSE	0.884583
HGNC:6636	FALSE	FALSE	0.793849
HGNC:6637	FALSE	FALSE	0.738303
HGNC:6641	FALSE	TRUE	0.864267
HGNC:6642	FALSE	TRUE	0.747176
HGNC:6666	FALSE	FALSE	0.564679
HGNC:6677	FALSE	FALSE	0.541978
HGNC:6679	FALSE	TRUE	0.895775
HGNC:6694	FALSE	FALSE	0.752286
HGNC:6697	FALSE	FALSE	0.965039
HGNC:6734	FALSE	TRUE	0.59601
HGNC:6735	FALSE	TRUE	0.94524
HGNC:10820	FALSE	FALSE	0.636838
HGNC:6740	FALSE	FALSE	0.739357
HGNC:11530	FALSE	TRUE	0.921766
HGNC:11529	FALSE	TRUE	0.892598
HGNC:6768	TRUE	FALSE	0.917271
HGNC:6769	TRUE	FALSE	0.95719
HGNC:6770	TRUE	FALSE	0.99779
HGNC:6773	TRUE	FALSE	0.804064
HGNC:6774	FALSE	FALSE	0.677057
HGNC:6776	FALSE	TRUE	0.78138
HGNC:6801	FALSE	FALSE	0.532976
HGNC:6833	FALSE	FALSE	0.541388
HGNC:6906	FALSE	FALSE	0.578406
HGNC:6913	TRUE	FALSE	0.916031
HGNC:6929	FALSE	FALSE	0.961502
HGNC:6930	FALSE	FALSE	0.744987
HGNC:6931	FALSE	FALSE	0.628792
HGNC:6932	FALSE	FALSE	0.634447
HGNC:6933	FALSE	FALSE	0.619537
HGNC:6943	FALSE	TRUE	0.825436
HGNC:6944	FALSE	FALSE	0.556298
HGNC:6945	FALSE	FALSE	0.536247
HGNC:6947	FALSE	FALSE	0.693682
HGNC:6948	FALSE	FALSE	0.714048
HGNC:6949	FALSE	FALSE	0.524106
HGNC:6950	FALSE	FALSE	0.647963
HGNC:6972	FALSE	FALSE	0.556568
HGNC:6973	FALSE	TRUE	0.958437
HGNC:6974	FALSE	TRUE	0.937275
HGNC:6996	FALSE	TRUE	0.578552
HGNC:7000	FALSE	TRUE	0.637658
HGNC:6848	TRUE	TRUE	0.970565
HGNC:6857	FALSE	FALSE	0.557841
HGNC:7010	TRUE	FALSE	0.988987
HGNC:7029	FALSE	TRUE	0.998928
HGNC:6343	FALSE	TRUE	0.917738
HGNC:7059	TRUE	TRUE	0.895116
HGNC:7061	FALSE	FALSE	0.590909
HGNC:7067	TRUE	FALSE	0.945137
HGNC:7105	FALSE	TRUE	0.940981
HGNC:7107	FALSE	TRUE	0.904021
HGNC:7125	TRUE	FALSE	0.770989
HGNC:7127	TRUE	FALSE	0.994194
HGNC:6850	FALSE	TRUE	0.549187
HGNC:7132	FALSE	TRUE	0.967987
HGNC:7134	FALSE	TRUE	0.855097
HGNC:7135	FALSE	TRUE	0.877843
HGNC:7136	FALSE	TRUE	0.824768
HGNC:7137	FALSE	TRUE	0.790055
HGNC:7139	TRUE	TRUE	0.786854
HGNC:7155	FALSE	FALSE	0.82419
HGNC:7166	FALSE	TRUE	0.925808
HGNC:7173	FALSE	FALSE	0.80798
HGNC:7174	FALSE	FALSE	0.819618
HGNC:7175	FALSE	FALSE	0.709476
HGNC:7176	FALSE	TRUE	0.82804
HGNC:7156	FALSE	FALSE	0.661264
HGNC:7157	FALSE	FALSE	0.650873
HGNC:7158	FALSE	FALSE	0.707398
HGNC:7160	FALSE	TRUE	0.650042
HGNC:7180	FALSE	TRUE	0.803315
HGNC:7200	FALSE	FALSE	0.754242
HGNC:7217	FALSE	TRUE	0.987363
HGNC:7230	FALSE	FALSE	0.96282
HGNC:7325	TRUE	FALSE	0.996644
HGNC:7326	FALSE	FALSE	0.924397
HGNC:7328	FALSE	FALSE	0.540732
HGNC:7372	FALSE	FALSE	0.587025
HGNC:7373	FALSE	FALSE	0.832918
HGNC:7376	FALSE	FALSE	0.973101
HGNC:7399	FALSE	FALSE	0.542627
HGNC:7413	TRUE	FALSE	0.846633
HGNC:7419	FALSE	FALSE	0.738837
HGNC:7423	FALSE	TRUE	0.70850900000000006
HGNC:7456	FALSE	FALSE	0.753679
HGNC:7458	FALSE	FALSE	0.672485
HGNC:7459	FALSE	FALSE	0.807901
HGNC:7460	FALSE	FALSE	0.751356
HGNC:7461	FALSE	FALSE	0.756778
HGNC:7462	FALSE	FALSE	0.767664
HGNC:7463	FALSE	FALSE	0.631579
HGNC:7464	FALSE	FALSE	0.612555
HGNC:7468	FALSE	FALSE	0.519975
HGNC:7473	FALSE	FALSE	0.513633
HGNC:7489	FALSE	FALSE	0.549618
HGNC:7508	FALSE	TRUE	0.95054
HGNC:7512	FALSE	FALSE	0.573566
HGNC:7513	FALSE	FALSE	0.798421
HGNC:7514	FALSE	TRUE	0.963003
HGNC:7515	FALSE	FALSE	0.543641
HGNC:7517	FALSE	FALSE	0.87905199999999994
HGNC:7518	FALSE	FALSE	0.533291
HGNC:7523	FALSE	TRUE	0.805141
HGNC:7527	TRUE	FALSE	0.969521
HGNC:7533	FALSE	FALSE	0.600939
HGNC:7534	FALSE	FALSE	0.954114
HGNC:7545	FALSE	TRUE	0.973367
HGNC:7548	FALSE	TRUE	0.723608
HGNC:7553	FALSE	TRUE	0.994787
HGNC:7555	FALSE	TRUE	0.783874
HGNC:7559	FALSE	TRUE	0.980463
HGNC:7562	FALSE	TRUE	0.99305
HGNC:7566	FALSE	FALSE	0.572118
HGNC:7579	TRUE	TRUE	0.960515
HGNC:7569	FALSE	FALSE	0.819911
HGNC:7602	FALSE	FALSE	0.918766
HGNC:7605	FALSE	FALSE	0.643987
HGNC:7611	FALSE	TRUE	0.826221
HGNC:7627	TRUE	FALSE	0.875079
HGNC:7629	FALSE	FALSE	0.614477
HGNC:7652	TRUE	FALSE	0.984508
HGNC:7656	FALSE	FALSE	0.852956
HGNC:7664	FALSE	FALSE	0.537096
HGNC:7683	FALSE	FALSE	0.754454
HGNC:7685	FALSE	FALSE	0.798606
HGNC:7687	FALSE	FALSE	0.776808
HGNC:7690	FALSE	FALSE	0.800155
HGNC:7692	FALSE	FALSE	0.808675
HGNC:7694	FALSE	FALSE	0.801704
HGNC:7697	FALSE	FALSE	0.677473
HGNC:7699	FALSE	FALSE	0.573199
HGNC:7701	FALSE	FALSE	0.846631
HGNC:7703	FALSE	FALSE	0.758327
HGNC:7696	FALSE	FALSE	0.730673
HGNC:7705	FALSE	FALSE	0.730258
HGNC:7707	FALSE	FALSE	0.751356
HGNC:7708	FALSE	FALSE	0.672485
HGNC:7710	FALSE	FALSE	0.845081
HGNC:7716	FALSE	FALSE	0.751356
HGNC:7712	FALSE	FALSE	0.641363
HGNC:7713	FALSE	FALSE	0.811774
HGNC:7715	FALSE	FALSE	0.732336
HGNC:7717	FALSE	FALSE	0.672485
HGNC:7745	FALSE	TRUE	0.558177
HGNC:7765	TRUE	FALSE	1
HGNC:7773	TRUE	FALSE	0.996183
HGNC:7776	FALSE	TRUE	0.918953
HGNC:7780	FALSE	FALSE	0.576243
HGNC:7782	TRUE	TRUE	0.987531
HGNC:7785	FALSE	TRUE	0.930881
HGNC:7794	FALSE	TRUE	0.751671
HGNC:7795	TRUE	TRUE	0.845352
HGNC:7797	FALSE	FALSE	0.83232
HGNC:7799	TRUE	FALSE	0.901825
HGNC:7808	FALSE	TRUE	0.742416
HGNC:7835	FALSE	TRUE	0.603104
HGNC:7838	TRUE	FALSE	0.712025
HGNC:7871	FALSE	FALSE	0.628954
HGNC:7876	FALSE	FALSE	0.573727
HGNC:7878	FALSE	FALSE	0.628278
HGNC:7879	TRUE	FALSE	0.871946
HGNC:7880	FALSE	FALSE	0.555485
HGNC:7881	TRUE	TRUE	0.998262
HGNC:7882	TRUE	TRUE	0.971465
HGNC:7883	TRUE	TRUE	0.750208
HGNC:7884	FALSE	TRUE	0.770158
HGNC:7896	FALSE	FALSE	0.701782
HGNC:7908	FALSE	FALSE	0.526478
HGNC:7910	FALSE	TRUE	0.951137
HGNC:7958	FALSE	FALSE	0.833933
HGNC:7989	FALSE	TRUE	0.996244
HGNC:8021	FALSE	FALSE	0.722361
HGNC:8028	TRUE	FALSE	0.759071
HGNC:8031	TRUE	TRUE	0.982128
HGNC:8032	FALSE	TRUE	0.763508
HGNC:8033	TRUE	TRUE	0.966581
HGNC:2731	FALSE	TRUE	0.963009
HGNC:8039	FALSE	FALSE	0.855013
HGNC:8059	FALSE	FALSE	0.828815
HGNC:8068	FALSE	TRUE	0.857624
HGNC:8101	FALSE	FALSE	0.93615
HGNC:8108	FALSE	FALSE	0.730591
HGNC:8109	FALSE	FALSE	0.843188
HGNC:8134	FALSE	FALSE	0.63882
HGNC:8125	FALSE	FALSE	0.666667
HGNC:8126	FALSE	FALSE	0.561929
HGNC:8135	FALSE	FALSE	0.751908
HGNC:8143	FALSE	FALSE	0.841304
HGNC:8154	FALSE	FALSE	0.656555
HGNC:8155	FALSE	FALSE	0.657069
HGNC:8156	FALSE	FALSE	0.936483
HGNC:8487	FALSE	FALSE	0.549044
HGNC:8490	FALSE	FALSE	0.514131
HGNC:8491	FALSE	FALSE	0.503741
HGNC:10964	FALSE	FALSE	0.86118
HGNC:8541	FALSE	FALSE	0.629306
HGNC:8548	FALSE	TRUE	0.552785
HGNC:8630	FALSE	FALSE	0.623441
HGNC:8568	FALSE	FALSE	0.75852
HGNC:8575	FALSE	FALSE	0.702762
HGNC:8590	FALSE	TRUE	0.575335
HGNC:8592	FALSE	FALSE	0.571046
HGNC:8607	TRUE	FALSE	0.854115
HGNC:8617	FALSE	TRUE	0.968901
HGNC:8619	TRUE	TRUE	0.943527
HGNC:8620	TRUE	FALSE	0.589812
HGNC:8621	FALSE	FALSE	0.919084
HGNC:8632	FALSE	TRUE	0.936816
HGNC:8647	TRUE	FALSE	0.715899
HGNC:8723	FALSE	FALSE	0.593316
HGNC:8724	FALSE	FALSE	0.553887
HGNC:8729	FALSE	TRUE	0.669992
HGNC:16068	FALSE	FALSE	0.774221
HGNC:8760	TRUE	FALSE	0.993029
HGNC:8776	FALSE	FALSE	0.573982
HGNC:8799	FALSE	FALSE	0.574397
HGNC:8800	FALSE	TRUE	0.942723
HGNC:8803	FALSE	TRUE	0.988689
HGNC:8804	FALSE	TRUE	0.99571
HGNC:8816	FALSE	FALSE	0.642993
HGNC:8820	FALSE	FALSE	0.670951
HGNC:8831	FALSE	FALSE	0.845758
HGNC:8845	TRUE	FALSE	0.893059
HGNC:8883	FALSE	FALSE	0.69866
HGNC:8891	FALSE	FALSE	0.676226
HGNC:8893	FALSE	FALSE	0.860668
HGNC:8910	FALSE	TRUE	0.876093
HGNC:40	FALSE	TRUE	0.812552
HGNC:45	FALSE	FALSE	0.589276
HGNC:8947	FALSE	TRUE	0.526316
HGNC:8951	FALSE	FALSE	0.556941
HGNC:8971	FALSE	FALSE	0.649626
HGNC:8972	FALSE	FALSE	0.632391
HGNC:8973	FALSE	FALSE	0.665296
HGNC:8975	FALSE	TRUE	0.998732
HGNC:8976	FALSE	TRUE	0.925967
HGNC:8986	FALSE	TRUE	0.947003
HGNC:8977	FALSE	FALSE	0.93397
HGNC:8978	FALSE	FALSE	0.854909
HGNC:8979	TRUE	TRUE	0.982005
HGNC:8980	FALSE	TRUE	0.802057
HGNC:8983	FALSE	FALSE	0.607712
HGNC:9005	FALSE	FALSE	0.526185
HGNC:9016	FALSE	FALSE	0.581769
HGNC:9021	FALSE	TRUE	0.740576
HGNC:9023	FALSE	FALSE	0.580697
HGNC:9045	FALSE	TRUE	0.806971
HGNC:9046	TRUE	FALSE	0.567533
HGNC:9059	FALSE	FALSE	0.636504
HGNC:9065	FALSE	TRUE	0.92137
HGNC:9066	FALSE	FALSE	0.735219
HGNC:9067	FALSE	FALSE	0.704884
HGNC:9069	FALSE	FALSE	0.610283
HGNC:9071	FALSE	FALSE	0.948072
HGNC:9077	FALSE	TRUE	0.818371
HGNC:9108	FALSE	FALSE	0.712746
HGNC:9113	TRUE	TRUE	0.939734
HGNC:9121	FALSE	FALSE	0.636461
HGNC:9122	TRUE	FALSE	0.989933
HGNC:9142	FALSE	FALSE	0.73494
HGNC:9164	FALSE	FALSE	0.611111
HGNC:9173	FALSE	FALSE	0.94861
HGNC:9175	TRUE	FALSE	0.99558
HGNC:9176	FALSE	FALSE	0.946789
HGNC:9177	TRUE	FALSE	0.997394
HGNC:9178	FALSE	FALSE	0.948066
HGNC:9179	TRUE	FALSE	0.635925
HGNC:9181	FALSE	FALSE	0.916432
HGNC:9187	FALSE	FALSE	0.892031
HGNC:9192	FALSE	FALSE	0.502106
HGNC:9211	FALSE	TRUE	0.863597
HGNC:9213	FALSE	FALSE	0.740226
HGNC:9221	FALSE	TRUE	0.741582
HGNC:9223	FALSE	FALSE	0.808418
HGNC:9236	TRUE	TRUE	0.977974
HGNC:9238	FALSE	FALSE	0.925469
HGNC:9240	FALSE	FALSE	0.685347
HGNC:9253	FALSE	FALSE	0.907037
HGNC:9273	FALSE	FALSE	0.57018
HGNC:9299	FALSE	FALSE	0.807712
HGNC:9300	FALSE	FALSE	0.695979
HGNC:9302	TRUE	TRUE	0.967165
HGNC:9303	FALSE	FALSE	0.768123
HGNC:9311	FALSE	FALSE	0.583825
HGNC:9313	FALSE	FALSE	0.774807
HGNC:9316	FALSE	FALSE	0.50665
HGNC:9322	FALSE	FALSE	0.554863
HGNC:9323	TRUE	FALSE	0.949296
HGNC:9343	FALSE	FALSE	0.815054
HGNC:9357	FALSE	FALSE	0.558188
HGNC:9360	TRUE	FALSE	0.909393
HGNC:9369	FALSE	FALSE	0.881501
HGNC:9370	FALSE	FALSE	0.842359
HGNC:9376	FALSE	FALSE	0.65404
HGNC:9377	FALSE	FALSE	0.588459
HGNC:9380	FALSE	TRUE	0.967292
HGNC:9388	TRUE	TRUE	0.957606
HGNC:9390	FALSE	FALSE	0.535219
HGNC:9392	FALSE	FALSE	0.526992
HGNC:9393	TRUE	TRUE	0.899229
HGNC:9395	FALSE	FALSE	0.937789
HGNC:9399	FALSE	FALSE	0.840775
HGNC:9401	FALSE	FALSE	0.737789
HGNC:9402	FALSE	FALSE	0.804113
HGNC:9403	FALSE	FALSE	0.773378
HGNC:9404	FALSE	TRUE	0.594937
HGNC:9407	FALSE	FALSE	0.820865
HGNC:9410	FALSE	FALSE	0.841645
HGNC:9412	FALSE	FALSE	0.652906
HGNC:9413	FALSE	TRUE	0.547797
HGNC:6871	FALSE	TRUE	0.965758
HGNC:6877	FALSE	FALSE	0.801028
HGNC:6881	FALSE	TRUE	0.786632
HGNC:6873	FALSE	FALSE	0.911528
HGNC:6872	FALSE	FALSE	0.656276
HGNC:6875	FALSE	FALSE	0.63599000000000006
HGNC:6840	FALSE	TRUE	0.979625
HGNC:6842	FALSE	TRUE	0.974648
HGNC:6843	FALSE	FALSE	0.924933
HGNC:6846	FALSE	FALSE	0.603678
HGNC:9445	FALSE	TRUE	0.884319
HGNC:9446	FALSE	FALSE	0.703331
HGNC:9449	FALSE	FALSE	0.69331
HGNC:9456	FALSE	FALSE	0.705398
HGNC:9472	FALSE	FALSE	0.505819
HGNC:9486	FALSE	FALSE	0.701164
HGNC:6901	FALSE	FALSE	0.515794
HGNC:9957	FALSE	FALSE	0.522444
HGNC:9530	FALSE	FALSE	0.726992
HGNC:9531	FALSE	FALSE	0.722365
HGNC:9532	FALSE	FALSE	0.820051
HGNC:9533	FALSE	FALSE	0.815046
HGNC:9534	FALSE	FALSE	0.820051
HGNC:9535	FALSE	TRUE	0.651871
HGNC:9536	FALSE	FALSE	0.616376
HGNC:9537	FALSE	FALSE	0.722365
HGNC:9539	FALSE	FALSE	0.728021
HGNC:9540	FALSE	FALSE	0.720823
HGNC:9541	FALSE	FALSE	0.725964
HGNC:9542	FALSE	FALSE	0.944396
HGNC:9543	FALSE	FALSE	0.645529
HGNC:9545	FALSE	FALSE	0.826735
HGNC:9546	FALSE	FALSE	0.751157
HGNC:9538	FALSE	FALSE	0.651237
HGNC:9547	FALSE	FALSE	0.645054
HGNC:9548	FALSE	FALSE	0.71338
HGNC:9551	FALSE	FALSE	0.649334
HGNC:9553	FALSE	FALSE	0.646301
HGNC:9554	FALSE	FALSE	0.632585
HGNC:9559	FALSE	FALSE	0.656944
HGNC:9560	FALSE	FALSE	0.656354
HGNC:9561	FALSE	FALSE	0.618454
HGNC:9565	FALSE	FALSE	0.637988
HGNC:9555	FALSE	TRUE	0.655675
HGNC:9556	FALSE	FALSE	0.649334
HGNC:9558	FALSE	FALSE	0.617623
HGNC:9568	FALSE	FALSE	0.606522
HGNC:9582	FALSE	FALSE	0.622622
HGNC:9583	FALSE	TRUE	0.606401
HGNC:9585	TRUE	FALSE	0.987661
HGNC:9588	TRUE	FALSE	1
HGNC:9596	FALSE	FALSE	0.810283
HGNC:9604	FALSE	FALSE	0.92598
HGNC:9605	FALSE	TRUE	0.959361
HGNC:9607	FALSE	FALSE	0.918668
HGNC:9608	FALSE	FALSE	0.771619
HGNC:9611	FALSE	TRUE	0.71197
HGNC:9617	TRUE	TRUE	0.911224
HGNC:9658	TRUE	FALSE	0.871979
HGNC:9644	TRUE	TRUE	0.987147
HGNC:9645	TRUE	FALSE	0.686375
HGNC:9646	TRUE	FALSE	0.929049
HGNC:9647	FALSE	FALSE	0.606573
HGNC:9665	TRUE	FALSE	0.919368
HGNC:9666	TRUE	FALSE	0.950125
HGNC:9668	TRUE	FALSE	0.882793
HGNC:9673	FALSE	FALSE	0.61103
HGNC:9674	TRUE	FALSE	0.930247
HGNC:9718	FALSE	TRUE	0.730077
HGNC:9725	FALSE	FALSE	0.539174
HGNC:9801	FALSE	TRUE	0.93532
HGNC:9807	TRUE	FALSE	0.839152
HGNC:9811	TRUE	TRUE	0.904249
HGNC:9817	FALSE	FALSE	0.954299
HGNC:9820	FALSE	FALSE	0.985283
HGNC:9822	TRUE	FALSE	0.943455
HGNC:9823	FALSE	FALSE	0.982184
HGNC:9824	FALSE	FALSE	0.641313
HGNC:9829	FALSE	TRUE	0.995174
HGNC:9831	FALSE	FALSE	0.530077
HGNC:9832	FALSE	FALSE	0.53162
HGNC:9839	FALSE	FALSE	0.650457
HGNC:9842	FALSE	FALSE	0.603753
HGNC:9848	TRUE	FALSE	0.942627
HGNC:9855	FALSE	TRUE	0.624273
HGNC:9857	FALSE	FALSE	0.617207
HGNC:9864	FALSE	TRUE	0.972569
HGNC:9865	TRUE	FALSE	0.903117
HGNC:9866	FALSE	FALSE	0.895535
HGNC:9871	TRUE	FALSE	0.810399
HGNC:9872	FALSE	FALSE	0.575152
HGNC:9875	FALSE	FALSE	0.771722
HGNC:9876	FALSE	FALSE	0.775321
HGNC:9884	TRUE	FALSE	1
HGNC:9886	FALSE	TRUE	0.859102
HGNC:9887	FALSE	FALSE	0.691517
HGNC:9890	FALSE	FALSE	0.631294
HGNC:9891	FALSE	FALSE	0.741436
HGNC:9893	FALSE	FALSE	0.699229
HGNC:9894	TRUE	FALSE	0.751455
HGNC:9954	FALSE	TRUE	0.857515
HGNC:9955	FALSE	TRUE	0.709061
HGNC:9967	FALSE	TRUE	1
HGNC:9970	FALSE	FALSE	0.600507
HGNC:9971	FALSE	FALSE	0.586866
HGNC:9972	FALSE	FALSE	0.607483
HGNC:9973	FALSE	FALSE	0.600507
HGNC:9975	FALSE	TRUE	0.860765
HGNC:10003	FALSE	FALSE	0.840399
HGNC:10011	FALSE	FALSE	0.539117
HGNC:10017	FALSE	FALSE	0.560925
HGNC:10023	FALSE	TRUE	0.564524
HGNC:10027	FALSE	FALSE	0.618509
HGNC:10050	FALSE	FALSE	0.898734
HGNC:10061	FALSE	FALSE	0.646272
HGNC:10069	FALSE	FALSE	0.674242
HGNC:10250	TRUE	FALSE	0.872494
HGNC:10251	TRUE	TRUE	0.83599
HGNC:10261	FALSE	TRUE	0.99335
HGNC:10289	FALSE	FALSE	0.640457
HGNC:10360	TRUE	FALSE	0.855527
HGNC:10298	TRUE	FALSE	0.867941
HGNC:10307	FALSE	FALSE	0.524761
HGNC:10315	TRUE	FALSE	0.875067
HGNC:10372	FALSE	FALSE	0.510531
HGNC:10430	FALSE	FALSE	0.569152
HGNC:10431	FALSE	FALSE	0.513625
HGNC:10432	FALSE	FALSE	0.949598
HGNC:10436	FALSE	TRUE	0.684954
HGNC:10437	FALSE	FALSE	0.517428
HGNC:10451	FALSE	FALSE	0.990885
HGNC:10452	FALSE	TRUE	0.888946
HGNC:10461	FALSE	FALSE	0.616162
HGNC:10477	FALSE	FALSE	0.89437
HGNC:10478	FALSE	FALSE	0.667082
HGNC:10479	FALSE	FALSE	0.666251
HGNC:10483	FALSE	FALSE	0.517738
HGNC:10484	FALSE	FALSE	0.521851
HGNC:10497	FALSE	FALSE	0.756027
HGNC:10498	FALSE	TRUE	0.608226
HGNC:10513	FALSE	FALSE	0.586447
HGNC:10548	FALSE	FALSE	0.956568
HGNC:10571	FALSE	TRUE	0.623737
HGNC:10585	FALSE	FALSE	0.81952
HGNC:10588	FALSE	FALSE	0.511054
HGNC:10589	FALSE	FALSE	0.505398
HGNC:10590	FALSE	FALSE	0.784663
HGNC:10593	FALSE	FALSE	0.935709
HGNC:10594	FALSE	FALSE	0.583454
HGNC:10596	FALSE	FALSE	0.587808
HGNC:10597	FALSE	FALSE	0.743973
HGNC:10618	FALSE	TRUE	0.723526
HGNC:10611	FALSE	FALSE	0.645244
HGNC:10617	FALSE	FALSE	0.663239
HGNC:10643	FALSE	FALSE	0.658098
HGNC:10645	FALSE	FALSE	0.674036
HGNC:10647	FALSE	FALSE	0.653985
HGNC:10658	FALSE	FALSE	0.80874
HGNC:10659	FALSE	FALSE	0.518252
HGNC:10661	FALSE	FALSE	0.828346
HGNC:10662	FALSE	FALSE	0.814204
HGNC:10672	FALSE	FALSE	0.779328
HGNC:10680	TRUE	FALSE	0.958015
HGNC:10681	TRUE	FALSE	0.969466
HGNC:10682	TRUE	FALSE	0.837335
HGNC:10683	TRUE	FALSE	0.965649
HGNC:10718	FALSE	FALSE	0.561078
HGNC:10721	FALSE	FALSE	0.572237
HGNC:6844	TRUE	TRUE	0.981215
HGNC:10760	FALSE	TRUE	0.89722
HGNC:10774	TRUE	FALSE	0.653782
HGNC:10778	TRUE	FALSE	0.947811
HGNC:10783	FALSE	TRUE	0.992418
HGNC:10785	FALSE	TRUE	0.832708
HGNC:10810	FALSE	TRUE	0.830334
HGNC:6183	FALSE	FALSE	0.604627
HGNC:10830	FALSE	TRUE	0.762207
HGNC:10831	FALSE	FALSE	0.739332
HGNC:10832	FALSE	FALSE	0.700771
HGNC:10840	FALSE	FALSE	0.741064
HGNC:10847	FALSE	FALSE	0.593029
HGNC:10858	FALSE	FALSE	0.6189
HGNC:10864	FALSE	FALSE	0.545339
HGNC:10880	FALSE	FALSE	0.593427
HGNC:10879	FALSE	TRUE	0.867734
HGNC:10887	FALSE	TRUE	0.859517
HGNC:10896	FALSE	TRUE	0.679558
HGNC:10897	FALSE	FALSE	0.887658
HGNC:10899	FALSE	FALSE	0.696259
HGNC:10901	FALSE	TRUE	0.795887
HGNC:11005	FALSE	TRUE	0.522028
HGNC:11037	FALSE	FALSE	0.546481
HGNC:11040	FALSE	FALSE	0.632159
HGNC:11048	FALSE	FALSE	0.973282
HGNC:11049	FALSE	FALSE	0.708229
HGNC:10918	FALSE	FALSE	0.53945
HGNC:10955	FALSE	FALSE	0.769231
HGNC:10963	FALSE	FALSE	0.547453
HGNC:11098	TRUE	FALSE	0.899732
HGNC:11100	TRUE	TRUE	0.992934
HGNC:11103	TRUE	FALSE	1
HGNC:11106	TRUE	FALSE	0.638047
HGNC:11109	TRUE	FALSE	0.950129
HGNC:11119	FALSE	TRUE	0.953213
HGNC:11120	FALSE	FALSE	0.931761
HGNC:11148	FALSE	FALSE	0.726062
HGNC:11187	FALSE	FALSE	0.775835
HGNC:11195	FALSE	TRUE	0.976431
HGNC:11200	TRUE	TRUE	0.68254
HGNC:11204	TRUE	TRUE	0.924528
HGNC:11205	FALSE	TRUE	0.614396
HGNC:11208	FALSE	FALSE	0.649871
HGNC:11209	FALSE	FALSE	0.545914
HGNC:11241	TRUE	TRUE	0.563606
HGNC:11244	FALSE	FALSE	0.510456
HGNC:11255	FALSE	TRUE	0.563003
HGNC:11268	FALSE	FALSE	0.628408
HGNC:11272	FALSE	FALSE	0.77018
HGNC:11273	FALSE	FALSE	0.776864
HGNC:11274	FALSE	FALSE	0.781491
HGNC:11275	FALSE	FALSE	0.762982
HGNC:11283	FALSE	TRUE	0.973815
HGNC:11284	FALSE	FALSE	0.846519
HGNC:11285	FALSE	FALSE	0.977848
HGNC:11298	FALSE	FALSE	0.587661
HGNC:11312	FALSE	FALSE	0.686617
HGNC:11327	FALSE	FALSE	0.563729
HGNC:11329	FALSE	FALSE	0.694602
HGNC:11330	FALSE	FALSE	0.928979
HGNC:11331	FALSE	FALSE	0.951157
HGNC:11332	FALSE	FALSE	0.965124
HGNC:11333	FALSE	FALSE	0.903485
HGNC:11334	FALSE	FALSE	0.947044
HGNC:11335	FALSE	TRUE	0.941985
HGNC:11336	FALSE	TRUE	0.545038
HGNC:11340	FALSE	TRUE	0.966412
HGNC:11344	FALSE	FALSE	0.561954
HGNC:11362	TRUE	FALSE	0.800888
HGNC:11364	FALSE	TRUE	0.987837
HGNC:11365	FALSE	FALSE	0.883646
HGNC:11366	FALSE	FALSE	0.673968
HGNC:11367	TRUE	TRUE	0.976411
HGNC:11368	FALSE	TRUE	0.96144
HGNC:11393	FALSE	TRUE	0.924422
HGNC:11389	TRUE	FALSE	0.997922
HGNC:11424	FALSE	FALSE	0.960352
HGNC:11479	TRUE	FALSE	0.506318
HGNC:11480	FALSE	FALSE	0.923861
HGNC:11491	TRUE	TRUE	0.956359
HGNC:11509	FALSE	FALSE	0.587147
HGNC:11515	FALSE	FALSE	0.837532
HGNC:11522	FALSE	FALSE	0.528481
HGNC:195	FALSE	FALSE	0.753963
HGNC:11526	FALSE	FALSE	0.741304
HGNC:11535	FALSE	FALSE	0.603085
HGNC:11538	FALSE	FALSE	0.602571
HGNC:6859	FALSE	FALSE	0.711568
HGNC:11556	FALSE	TRUE	0.850374
HGNC:11557	FALSE	TRUE	0.713673
HGNC:11592	FALSE	FALSE	0.60443
HGNC:2172	FALSE	FALSE	0.607198
HGNC:11588	FALSE	FALSE	0.943164
HGNC:11604	FALSE	FALSE	0.669192
HGNC:11612	FALSE	FALSE	0.689111
HGNC:11634	TRUE	TRUE	0.840103
HGNC:11602	TRUE	TRUE	0.882262
HGNC:11621	TRUE	FALSE	0.991957
HGNC:11630	TRUE	TRUE	0.941935
HGNC:11633	TRUE	TRUE	0.928391
HGNC:11641	FALSE	TRUE	0.902949
HGNC:11642	TRUE	TRUE	0.95371
HGNC:11623	FALSE	FALSE	0.879692
HGNC:11655	FALSE	FALSE	0.597971
HGNC:11708	FALSE	FALSE	0.509383
HGNC:11724	FALSE	FALSE	0.931367
HGNC:11728	FALSE	FALSE	0.719867
HGNC:11729	FALSE	FALSE	0.611287
HGNC:11730	TRUE	TRUE	0.993427
HGNC:11742	TRUE	FALSE	0.761425
HGNC:11743	FALSE	FALSE	0.552369
HGNC:11744	FALSE	FALSE	0.665835
HGNC:11749	FALSE	FALSE	0.80617
HGNC:11751	FALSE	FALSE	0.718453
HGNC:11752	FALSE	TRUE	0.950538
HGNC:11760	FALSE	FALSE	0.568994
HGNC:11763	FALSE	FALSE	0.881962
HGNC:11765	FALSE	FALSE	0.579949
HGNC:11766	FALSE	FALSE	0.877748
HGNC:11768	FALSE	FALSE	0.887404
HGNC:11769	FALSE	FALSE	0.640482
HGNC:11772	FALSE	FALSE	0.753367
HGNC:11773	TRUE	FALSE	0.989899
HGNC:11779	FALSE	FALSE	0.631925
HGNC:11782	FALSE	FALSE	0.854962
HGNC:11784	FALSE	FALSE	0.536575
HGNC:11785	TRUE	FALSE	0.647432
HGNC:11786	FALSE	FALSE	0.524413
HGNC:11791	FALSE	FALSE	0.545501
HGNC:11795	FALSE	FALSE	0.761584
HGNC:11799	FALSE	FALSE	0.907489
HGNC:11804	FALSE	FALSE	0.555784
HGNC:11825	TRUE	TRUE	0.965503
HGNC:11827	FALSE	FALSE	0.912082
HGNC:11843	FALSE	FALSE	0.89008
HGNC:11845	FALSE	FALSE	0.604323
HGNC:11847	FALSE	FALSE	0.588175
HGNC:11848	FALSE	FALSE	0.648066
HGNC:11849	FALSE	FALSE	0.587131
HGNC:11850	FALSE	TRUE	0.817539
HGNC:11871	FALSE	FALSE	0.650673
HGNC:11876	FALSE	TRUE	0.993671
HGNC:11881	FALSE	TRUE	0.705474
HGNC:11892	FALSE	TRUE	0.936193
HGNC:11896	TRUE	FALSE	0.980886
HGNC:11916	FALSE	FALSE	0.899329
HGNC:11973	TRUE	FALSE	0.658404
HGNC:11986	FALSE	FALSE	0.978114
HGNC:11989	FALSE	TRUE	0.984206
HGNC:11990	FALSE	FALSE	0.936761
HGNC:11992	FALSE	FALSE	0.699743
HGNC:11998	TRUE	TRUE	1
HGNC:11999	FALSE	FALSE	0.756812
HGNC:12000	FALSE	FALSE	0.72416
HGNC:12003	TRUE	FALSE	0.810889
HGNC:12010	TRUE	FALSE	0.624604
HGNC:12012	TRUE	FALSE	0.876143
HGNC:12013	FALSE	FALSE	0.700552
HGNC:12017	FALSE	FALSE	0.692225
HGNC:12028	FALSE	FALSE	0.716542
HGNC:12033	FALSE	FALSE	0.715295
HGNC:12035	FALSE	FALSE	0.517811
HGNC:12036	FALSE	TRUE	0.792602
HGNC:1616	FALSE	FALSE	0.73857
HGNC:12303	FALSE	FALSE	0.801542
HGNC:12333	FALSE	FALSE	0.515681
HGNC:12335	FALSE	FALSE	0.811311
HGNC:12338	FALSE	FALSE	0.580463
HGNC:12340	FALSE	FALSE	0.626646
HGNC:12362	TRUE	FALSE	0.975894
HGNC:12363	TRUE	FALSE	0.983378
HGNC:12373	FALSE	TRUE	0.995595
HGNC:12401	FALSE	FALSE	0.508847
HGNC:12403	FALSE	FALSE	0.630311
HGNC:12405	FALSE	FALSE	0.885317
HGNC:12407	FALSE	FALSE	0.812339
HGNC:12408	FALSE	FALSE	0.651928
HGNC:12412	FALSE	FALSE	0.966692
HGNC:4916	FALSE	FALSE	0.503325
HGNC:12435	FALSE	FALSE	0.578947
HGNC:12437	FALSE	FALSE	0.844145
HGNC:12440	FALSE	FALSE	0.796401
HGNC:12441	FALSE	FALSE	0.997319
HGNC:12442	FALSE	FALSE	0.969014
HGNC:12450	FALSE	FALSE	0.639437
HGNC:12453	FALSE	TRUE	0.962932
HGNC:12458	FALSE	FALSE	0.779434
HGNC:12485	FALSE	FALSE	0.638554
HGNC:12492	FALSE	FALSE	0.629676
HGNC:12495	FALSE	FALSE	0.610141
HGNC:12502	FALSE	FALSE	0.768911
HGNC:12637	TRUE	TRUE	0.937802
HGNC:12652	FALSE	FALSE	0.527506
HGNC:12657	FALSE	TRUE	0.851414
HGNC:12658	FALSE	FALSE	0.701285
HGNC:12662	FALSE	FALSE	0.671756
HGNC:12665	FALSE	FALSE	0.764524
HGNC:12666	FALSE	FALSE	0.59126
HGNC:12669	FALSE	FALSE	0.592288
HGNC:12679	FALSE	TRUE	0.935121
HGNC:12680	FALSE	TRUE	0.983914
HGNC:12682	FALSE	TRUE	0.820449
HGNC:12687	TRUE	FALSE	0.993548
HGNC:12691	TRUE	TRUE	0.903574
HGNC:12692	FALSE	TRUE	0.745501
HGNC:12698	FALSE	FALSE	0.50665
HGNC:12716	FALSE	FALSE	0.542215
HGNC:12718	FALSE	FALSE	0.798226
HGNC:12726	FALSE	FALSE	0.85347
HGNC:12731	FALSE	TRUE	0.766073
HGNC:12761	FALSE	FALSE	0.812853
HGNC:12766	FALSE	TRUE	0.926443
HGNC:12780	FALSE	FALSE	0.583333
HGNC:12784	TRUE	FALSE	0.634248
HGNC:12787	FALSE	FALSE	0.618321
HGNC:12791	TRUE	FALSE	0.956229
HGNC:12796	TRUE	TRUE	0.991398
HGNC:12805	FALSE	FALSE	0.644295
HGNC:12811	FALSE	FALSE	0.655527
HGNC:12814	TRUE	FALSE	0.868545
HGNC:12816	TRUE	FALSE	0.978404
HGNC:12825	FALSE	TRUE	0.953084
HGNC:12829	FALSE	FALSE	0.728188
HGNC:12830	FALSE	FALSE	0.630519
HGNC:12831	FALSE	FALSE	0.783488
HGNC:12833	FALSE	FALSE	0.547382
HGNC:12841	FALSE	TRUE	0.906487
HGNC:12856	TRUE	TRUE	0.684319
HGNC:12851	TRUE	FALSE	0.806434
HGNC:12852	FALSE	FALSE	0.629042
HGNC:12853	FALSE	FALSE	0.748072
HGNC:12855	FALSE	TRUE	0.632213
HGNC:13164	TRUE	FALSE	0.76193
HGNC:12930	TRUE	TRUE	0.886889
HGNC:12989	FALSE	FALSE	0.633244
HGNC:13009	FALSE	TRUE	0.574748
HGNC:9347	TRUE	FALSE	0.84473
HGNC:1131	TRUE	FALSE	0.789277
HGNC:20766	FALSE	FALSE	0.804627
HGNC:8622	FALSE	TRUE	0.975771
HGNC:2561	FALSE	TRUE	0.980017
HGNC:6888	FALSE	FALSE	0.672494
HGNC:12630	FALSE	TRUE	0.867352
HGNC:2768	FALSE	TRUE	0.894781
HGNC:11753	FALSE	TRUE	0.840884
HGNC:13209	FALSE	FALSE	0.722696
HGNC:13013	FALSE	TRUE	0.921031
HGNC:9500	FALSE	FALSE	0.66835
HGNC:7982	TRUE	TRUE	0.977827
HGNC:1104	FALSE	TRUE	0.94293
HGNC:8064	FALSE	FALSE	0.847515
HGNC:16063	FALSE	TRUE	0.795282
HGNC:18782	TRUE	FALSE	0.949339
HGNC:7671	TRUE	TRUE	0.955947
HGNC:13718	FALSE	TRUE	0.576599
HGNC:3680	FALSE	FALSE	0.793478
HGNC:12628	FALSE	TRUE	0.538168
HGNC:11322	FALSE	FALSE	0.739785
HGNC:7133	TRUE	TRUE	0.988705
HGNC:4023	FALSE	TRUE	0.527016
HGNC:5009	FALSE	TRUE	0.9468
HGNC:17427	FALSE	FALSE	0.746237
HGNC:4519	FALSE	FALSE	0.623136
HGNC:11648	FALSE	TRUE	0.827976
HGNC:11547	FALSE	TRUE	0.773836
HGNC:6765	FALSE	FALSE	0.923324
HGNC:23114	TRUE	FALSE	0.805392
HGNC:8001	FALSE	FALSE	0.824942
HGNC:6742	TRUE	FALSE	0.946565
HGNC:2093	TRUE	FALSE	0.883323
HGNC:23019	TRUE	FALSE	0.937658
HGNC:12609	FALSE	FALSE	0.747558
HGNC:12632	TRUE	FALSE	0.91689
HGNC:9896	TRUE	FALSE	0.966756
HGNC:11114	TRUE	TRUE	0.924731
HGNC:11111	TRUE	FALSE	0.85257
HGNC:11110	TRUE	FALSE	0.994181
HGNC:4793	FALSE	FALSE	0.697909
HGNC:12347	FALSE	TRUE	0.942091
HGNC:15514	FALSE	FALSE	0.668071
HGNC:903	TRUE	FALSE	0.978016
HGNC:904	TRUE	FALSE	0.963716
HGNC:950	TRUE	FALSE	1
HGNC:1745	FALSE	FALSE	0.524522
HGNC:1739	FALSE	FALSE	0.643188
HGNC:3372	FALSE	FALSE	0.787142
HGNC:4727	FALSE	FALSE	0.669249
HGNC:4733	FALSE	FALSE	0.644462
HGNC:4734	FALSE	FALSE	0.691712
HGNC:4738	FALSE	FALSE	0.675445
HGNC:4746	FALSE	FALSE	0.655306
HGNC:4748	FALSE	FALSE	0.677769
HGNC:4749	FALSE	FALSE	0.64756
HGNC:4750	FALSE	FALSE	0.671572
HGNC:4752	FALSE	FALSE	0.673122
HGNC:4753	FALSE	FALSE	0.650658
HGNC:4755	FALSE	FALSE	0.674671
HGNC:4756	FALSE	FALSE	0.690163
HGNC:4757	FALSE	FALSE	0.646785
HGNC:4758	FALSE	FALSE	0.694036
HGNC:4760	FALSE	FALSE	0.652208
HGNC:4766	FALSE	FALSE	0.67622
HGNC:4768	FALSE	FALSE	0.824679
HGNC:4769	FALSE	FALSE	0.63749
HGNC:4771	FALSE	FALSE	0.688613
HGNC:4772	FALSE	FALSE	0.684741
HGNC:4774	FALSE	FALSE	0.973779
HGNC:4775	FALSE	FALSE	0.672347
HGNC:4776	FALSE	TRUE	0.852452
HGNC:4781	FALSE	FALSE	0.68629
HGNC:4782	FALSE	FALSE	0.700232
HGNC:4783	FALSE	FALSE	0.682417
HGNC:4784	FALSE	FALSE	0.635941
HGNC:4785	FALSE	FALSE	0.631294
HGNC:4787	FALSE	FALSE	0.698683
HGNC:4788	FALSE	FALSE	0.663052
HGNC:4789	FALSE	FALSE	0.69481
HGNC:4790	FALSE	FALSE	0.679318
HGNC:4791	FALSE	FALSE	0.690937
HGNC:4794	FALSE	FALSE	0.659954
HGNC:6762	FALSE	FALSE	0.664557
HGNC:8995	FALSE	FALSE	0.757841
HGNC:9039	FALSE	FALSE	0.632905
HGNC:10981	FALSE	FALSE	0.90458
HGNC:11254	TRUE	TRUE	0.981013
HGNC:9873	FALSE	FALSE	0.777892
HGNC:9826	FALSE	FALSE	0.760522
HGNC:2554	FALSE	TRUE	0.904558
HGNC:2553	TRUE	FALSE	0.938491
HGNC:2551	FALSE	FALSE	0.736761
HGNC:11101	FALSE	FALSE	0.626221
HGNC:6128	TRUE	TRUE	0.808762
HGNC:8127	FALSE	TRUE	0.587542
HGNC:4517	FALSE	FALSE	0.644216
HGNC:9828	FALSE	FALSE	0.561069
HGNC:9277	FALSE	TRUE	0.943445
HGNC:9249	FALSE	FALSE	0.689526
HGNC:8981	FALSE	FALSE	0.803599
HGNC:2333	FALSE	FALSE	0.790746
HGNC:2239	FALSE	FALSE	0.545501
HGNC:618	FALSE	FALSE	0.589093
HGNC:3625	FALSE	FALSE	0.534048
HGNC:4504	FALSE	FALSE	0.545455
HGNC:6889	FALSE	FALSE	0.506234
HGNC:7110	FALSE	FALSE	0.684123
HGNC:11926	FALSE	FALSE	0.881487
HGNC:10474	FALSE	FALSE	0.633933
HGNC:11374	FALSE	FALSE	0.504021
HGNC:1733	FALSE	FALSE	0.545501
HGNC:15979	TRUE	TRUE	0.985037
HGNC:9586	FALSE	FALSE	0.909512
HGNC:7668	FALSE	FALSE	0.673458
HGNC:15606	FALSE	FALSE	0.767609
HGNC:8060	TRUE	FALSE	0.506658
HGNC:19383	TRUE	FALSE	0.94179
HGNC:8784	FALSE	FALSE	0.587315
HGNC:15476	FALSE	FALSE	0.558656
HGNC:11941	FALSE	FALSE	0.554242
HGNC:6126	FALSE	FALSE	0.87455
HGNC:6895	FALSE	FALSE	0.71862
HGNC:2942	FALSE	FALSE	0.680382
HGNC:12030	FALSE	FALSE	0.920643
HGNC:3188	TRUE	FALSE	0.800083
HGNC:10019	FALSE	TRUE	0.713111
HGNC:11925	FALSE	FALSE	0.824167
HGNC:11912	TRUE	FALSE	0.894005
HGNC:3573	FALSE	FALSE	0.75967
HGNC:10004	FALSE	FALSE	0.521197
HGNC:2907	FALSE	FALSE	0.529974
HGNC:11907	FALSE	FALSE	0.515794
HGNC:11906	FALSE	FALSE	0.555485
HGNC:11905	FALSE	FALSE	0.809765
HGNC:11904	FALSE	FALSE	0.678304
HGNC:11812	TRUE	TRUE	0.919794
HGNC:3674	FALSE	FALSE	0.682876
HGNC:6075	TRUE	TRUE	0.676093
HGNC:6110	FALSE	TRUE	0.655249
HGNC:8004	FALSE	FALSE	0.625193
HGNC:11497	FALSE	FALSE	0.583126
HGNC:4378	FALSE	FALSE	0.732323
HGNC:4854	FALSE	TRUE	0.95656
HGNC:9454	FALSE	FALSE	0.548525
HGNC:16824	FALSE	FALSE	0.595373
HGNC:8638	FALSE	FALSE	0.703234
HGNC:15472	FALSE	FALSE	0.651515
HGNC:6532	FALSE	FALSE	0.867866
HGNC:8847	FALSE	FALSE	0.69202
HGNC:5392	FALSE	FALSE	0.733162
HGNC:11504	FALSE	FALSE	0.688432
HGNC:15607	FALSE	FALSE	0.521337
HGNC:11280	FALSE	TRUE	0.83592
HGNC:4004	TRUE	TRUE	0.954242
HGNC:7451	FALSE	FALSE	0.652442
HGNC:1577	FALSE	FALSE	0.792644
HGNC:1396	FALSE	FALSE	0.515167
HGNC:1395	FALSE	FALSE	0.512596
HGNC:1394	FALSE	FALSE	0.513111
HGNC:989	TRUE	FALSE	0.940052
HGNC:4868	FALSE	FALSE	0.757689
HGNC:9143	TRUE	FALSE	0.914139
HGNC:6919	FALSE	FALSE	0.847826
HGNC:1144	FALSE	FALSE	0.648329
HGNC:4773	FALSE	FALSE	0.689388
HGNC:4761	FALSE	FALSE	0.646011
HGNC:4814	FALSE	FALSE	0.821594
HGNC:3540	FALSE	FALSE	0.682262
HGNC:19391	TRUE	FALSE	0.507775
HGNC:10071	FALSE	FALSE	0.759352
HGNC:961	FALSE	FALSE	0.670437
HGNC:12470	FALSE	FALSE	0.53412
HGNC:12491	FALSE	FALSE	0.824834
HGNC:14524	FALSE	FALSE	0.587668
HGNC:2991	FALSE	FALSE	0.551671
HGNC:358	FALSE	FALSE	0.873522
HGNC:9836	TRUE	FALSE	0.636741
HGNC:9341	FALSE	TRUE	0.7622
HGNC:6858	FALSE	FALSE	0.758418
HGNC:29650	FALSE	FALSE	0.653367
HGNC:12629	FALSE	TRUE	0.960089
HGNC:12618	FALSE	FALSE	0.715681
HGNC:12631	FALSE	TRUE	0.982879
HGNC:7410	FALSE	FALSE	0.588689
HGNC:6514	TRUE	FALSE	0.934052
HGNC:10445	FALSE	FALSE	0.791549
HGNC:8768	FALSE	FALSE	0.722838
HGNC:1580	FALSE	TRUE	0.735245
HGNC:1590	FALSE	FALSE	0.754756
HGNC:3511	FALSE	FALSE	0.916344
HGNC:6852	TRUE	TRUE	0.869909
HGNC:8507	FALSE	FALSE	0.630939
HGNC:9963	FALSE	FALSE	0.577378
HGNC:13054	TRUE	FALSE	0.704489
HGNC:6702	FALSE	FALSE	0.654362
HGNC:11390	FALSE	FALSE	0.802993
HGNC:10434	FALSE	FALSE	0.53419
HGNC:6887	FALSE	FALSE	0.673522
HGNC:14923	FALSE	FALSE	0.622108
HGNC:6348	TRUE	TRUE	0.984062
HGNC:12307	FALSE	TRUE	0.510456
HGNC:1631	FALSE	FALSE	0.669576
HGNC:9207	FALSE	FALSE	0.565631
HGNC:6344	TRUE	FALSE	0.818792
HGNC:13633	FALSE	TRUE	0.62261
HGNC:9949	TRUE	TRUE	0.855422
HGNC:4563	FALSE	FALSE	0.676093
HGNC:6281	FALSE	FALSE	0.502909
HGNC:2372	FALSE	FALSE	0.608056
HGNC:21100	TRUE	TRUE	0.926992
HGNC:6174	FALSE	FALSE	0.619461
HGNC:6866	FALSE	FALSE	0.55527
HGNC:9874	TRUE	TRUE	0.580632
HGNC:10252	FALSE	FALSE	0.523393
HGNC:9571	FALSE	FALSE	0.787614
HGNC:11033	FALSE	FALSE	0.676995
HGNC:6813	FALSE	FALSE	0.559897
HGNC:217	FALSE	FALSE	0.525682
HGNC:19373	FALSE	FALSE	0.539485
HGNC:7998	FALSE	FALSE	0.941019
HGNC:7102	FALSE	FALSE	0.792952
HGNC:971	FALSE	FALSE	0.554447
HGNC:4507	FALSE	FALSE	0.540874
HGNC:17352	TRUE	TRUE	0.877614
HGNC:16844	FALSE	FALSE	0.693261
HGNC:7672	TRUE	TRUE	0.920217
HGNC:7673	TRUE	FALSE	0.898715
HGNC:73	FALSE	FALSE	0.619023
HGNC:10002	FALSE	FALSE	0.539485
HGNC:4382	FALSE	FALSE	0.708397
HGNC:14103	TRUE	FALSE	0.610724
HGNC:29037	FALSE	FALSE	0.567609
HGNC:21163	FALSE	FALSE	0.741902
HGNC:15580	FALSE	FALSE	0.952279
HGNC:22978	FALSE	TRUE	0.564363
HGNC:16854	FALSE	FALSE	0.848329
HGNC:13744	FALSE	FALSE	0.606434
HGNC:22202	FALSE	FALSE	0.835476
HGNC:13275	FALSE	FALSE	0.619537
HGNC:28997	FALSE	FALSE	0.633832
HGNC:14065	FALSE	TRUE	0.973936
HGNC:15840	FALSE	FALSE	0.696515
HGNC:14063	FALSE	FALSE	0.907692
HGNC:16863	FALSE	FALSE	0.783042
HGNC:13632	FALSE	FALSE	0.708307
HGNC:20947	FALSE	FALSE	0.551671
HGNC:23177	TRUE	FALSE	0.994597
HGNC:15574	FALSE	FALSE	0.660728
HGNC:16870	FALSE	TRUE	0.530831
HGNC:14881	TRUE	TRUE	0.741935
HGNC:29017	FALSE	FALSE	0.626087
HGNC:16286	FALSE	FALSE	0.624679
HGNC:14458	FALSE	TRUE	0.735468
HGNC:21580	FALSE	FALSE	0.57635
HGNC:9564	FALSE	FALSE	0.617623
HGNC:10761	FALSE	TRUE	0.775145
HGNC:14986	FALSE	FALSE	0.589203
HGNC:16877	FALSE	FALSE	0.671756
HGNC:6408	FALSE	TRUE	0.758402
HGNC:12613	FALSE	FALSE	0.610797
HGNC:3675	FALSE	TRUE	0.701579
HGNC:22964	FALSE	FALSE	0.621984
HGNC:11957	TRUE	FALSE	0.922137
HGNC:7967	TRUE	TRUE	0.557105
HGNC:9928	FALSE	FALSE	0.899196
HGNC:19695	FALSE	FALSE	0.50665
HGNC:393	TRUE	TRUE	0.948047
HGNC:11320	TRUE	FALSE	0.793566
HGNC:14064	FALSE	TRUE	0.959166
HGNC:14068	FALSE	FALSE	0.862897
HGNC:993	FALSE	FALSE	0.661679
HGNC:994	TRUE	FALSE	0.829589
HGNC:29605	TRUE	FALSE	0.956192
HGNC:272	FALSE	FALSE	0.897826
HGNC:273	FALSE	FALSE	0.769171
HGNC:30660	FALSE	FALSE	0.697423
HGNC:7966	FALSE	FALSE	0.630923
HGNC:7510	FALSE	FALSE	0.577722
HGNC:169	FALSE	FALSE	0.62926
HGNC:705	FALSE	FALSE	0.551671
HGNC:9816	FALSE	FALSE	0.951201
HGNC:9878	FALSE	FALSE	0.850386
HGNC:15714	FALSE	FALSE	0.550643
HGNC:379	FALSE	FALSE	0.832688
HGNC:16384	FALSE	FALSE	0.68172
HGNC:6586	FALSE	FALSE	0.622195
HGNC:9570	FALSE	FALSE	0.664553
HGNC:3496	FALSE	FALSE	0.54655
HGNC:16889	FALSE	FALSE	0.731135
HGNC:9398	FALSE	TRUE	0.737739
HGNC:7371	FALSE	FALSE	0.594937
HGNC:15465	FALSE	FALSE	0.694098
HGNC:11270	TRUE	FALSE	0.660432
HGNC:3973	FALSE	TRUE	0.732976
HGNC:11427	FALSE	FALSE	0.565039
HGNC:11354	TRUE	FALSE	0.800443
HGNC:6494	FALSE	FALSE	0.571072
HGNC:13176	TRUE	FALSE	0.940185
HGNC:19901	FALSE	FALSE	0.581047
HGNC:13523	FALSE	FALSE	0.552815
HGNC:16711	FALSE	FALSE	0.567332
HGNC:11758	FALSE	TRUE	0.807095
HGNC:1406	FALSE	FALSE	0.510026
HGNC:18809	FALSE	FALSE	0.805656
HGNC:20772	FALSE	FALSE	0.97943
HGNC:20774	FALSE	FALSE	0.974293
HGNC:20771	FALSE	FALSE	0.975213
HGNC:11490	FALSE	FALSE	0.554851
HGNC:16390	FALSE	FALSE	0.612339
HGNC:7679	TRUE	FALSE	0.907407
HGNC:16861	FALSE	FALSE	0.699086
HGNC:18080	FALSE	FALSE	0.501285
HGNC:16262	FALSE	TRUE	0.504756
HGNC:10894	FALSE	TRUE	0.73192
HGNC:12659	FALSE	TRUE	0.673008
HGNC:11524	FALSE	TRUE	0.549618
HGNC:4926	FALSE	FALSE	0.571582
HGNC:5112	FALSE	TRUE	0.990506
HGNC:8071	FALSE	FALSE	0.643639
HGNC:10702	FALSE	FALSE	0.914653
HGNC:16917	FALSE	FALSE	0.5404
HGNC:23393	FALSE	TRUE	0.648843
HGNC:7669	FALSE	TRUE	0.784922
HGNC:16920	FALSE	FALSE	0.633803
HGNC:5275	FALSE	FALSE	0.68104
HGNC:16935	FALSE	FALSE	0.529925
HGNC:11020	TRUE	FALSE	0.931006
HGNC:1622	FALSE	FALSE	0.557772
HGNC:1615	FALSE	FALSE	0.637532
HGNC:17468	FALSE	TRUE	0.71519
HGNC:16952	TRUE	FALSE	0.657523
HGNC:29602	FALSE	FALSE	0.592264
HGNC:16956	FALSE	FALSE	0.550291
HGNC:28866	FALSE	TRUE	0.55496
HGNC:28868	FALSE	TRUE	0.506702
HGNC:28867	TRUE	TRUE	0.863259
HGNC:16647	FALSE	FALSE	0.79383
HGNC:13723	TRUE	TRUE	0.94268
HGNC:4381	FALSE	FALSE	0.723719
HGNC:11929	FALSE	FALSE	0.604692
HGNC:2909	FALSE	FALSE	0.724023
HGNC:20932	FALSE	FALSE	0.872386
HGNC:7999	FALSE	FALSE	0.656309
HGNC:9186	TRUE	TRUE	0.824665
HGNC:11356	FALSE	FALSE	0.573874
HGNC:11355	TRUE	FALSE	0.968807
HGNC:10888	FALSE	TRUE	0.642359
HGNC:19699	FALSE	FALSE	0.733998
HGNC:7323	FALSE	TRUE	0.79962
HGNC:16971	FALSE	FALSE	0.639235
HGNC:18838	FALSE	FALSE	0.692851
HGNC:5164	FALSE	FALSE	0.902413
HGNC:12619	FALSE	FALSE	0.545501
HGNC:8769	FALSE	FALSE	0.823393
HGNC:6819	FALSE	TRUE	0.851205
HGNC:16268	FALSE	FALSE	0.543445
HGNC:14129	FALSE	TRUE	0.720308
HGNC:19985	FALSE	FALSE	0.716499
HGNC:17364	FALSE	FALSE	0.514963
HGNC:12854	FALSE	FALSE	0.632847
HGNC:10769	FALSE	FALSE	0.70134
HGNC:6393	FALSE	TRUE	0.506166
HGNC:15464	FALSE	FALSE	0.679138
HGNC:15759	FALSE	FALSE	0.551157
HGNC:13871	FALSE	FALSE	0.677635
HGNC:17004	FALSE	TRUE	0.519341
HGNC:1858	FALSE	FALSE	0.674497
HGNC:15937	FALSE	TRUE	0.747298
HGNC:224	FALSE	FALSE	0.521243
HGNC:221	FALSE	FALSE	0.521243
HGNC:782	FALSE	FALSE	0.560031
HGNC:17012	FALSE	FALSE	0.704698
HGNC:9682	TRUE	FALSE	0.951178
HGNC:1735	FALSE	FALSE	0.732134
HGNC:17016	FALSE	TRUE	0.706151
HGNC:1356	FALSE	FALSE	0.549044
HGNC:11197	TRUE	FALSE	0.620532
HGNC:9527	FALSE	TRUE	0.777639
HGNC:960	TRUE	FALSE	0.891937
HGNC:13861	FALSE	FALSE	0.811448
HGNC:18081	TRUE	FALSE	0.921862
HGNC:11465	FALSE	FALSE	0.663753
HGNC:16627	TRUE	FALSE	0.994578
HGNC:3065	FALSE	FALSE	0.783033
HGNC:5184	FALSE	FALSE	0.647301
HGNC:17133	FALSE	FALSE	0.708949
HGNC:18021	TRUE	TRUE	0.77277
HGNC:3725	FALSE	FALSE	0.732403
HGNC:23156	FALSE	FALSE	0.665543
HGNC:17271	FALSE	FALSE	0.83913
HGNC:13178	TRUE	TRUE	0.886268
HGNC:20331	FALSE	FALSE	0.583541
HGNC:21746	TRUE	FALSE	0.685791
HGNC:29186	FALSE	FALSE	0.566976
HGNC:17880	FALSE	FALSE	0.662975
HGNC:19701	FALSE	FALSE	0.765553
HGNC:17053	FALSE	FALSE	0.645758
HGNC:18194	FALSE	FALSE	0.706429
HGNC:20604	FALSE	FALSE	0.579496
HGNC:7659	FALSE	FALSE	0.576475
HGNC:17064	FALSE	FALSE	0.728931
HGNC:2891	TRUE	TRUE	0.563539
HGNC:1618	FALSE	FALSE	0.72818
HGNC:1249	FALSE	TRUE	0.860668
HGNC:8022	FALSE	TRUE	0.859933
HGNC:17066	FALSE	FALSE	0.560322
HGNC:20751	FALSE	FALSE	0.947785
HGNC:29185	FALSE	FALSE	0.554756
HGNC:17575	TRUE	FALSE	0.721851
HGNC:7877	FALSE	FALSE	0.62982
HGNC:17068	FALSE	FALSE	0.743646
HGNC:29079	FALSE	TRUE	0.748586
HGNC:29136	FALSE	FALSE	0.739817
HGNC:29149	FALSE	FALSE	0.71054
HGNC:30765	FALSE	FALSE	0.534704
HGNC:17069	FALSE	FALSE	0.704904
HGNC:30045	FALSE	FALSE	0.892761
HGNC:29187	TRUE	FALSE	0.656836
HGNC:17072	FALSE	FALSE	0.799252
HGNC:17073	TRUE	FALSE	0.883978
HGNC:16636	FALSE	FALSE	0.950382
HGNC:29190	FALSE	FALSE	0.639188
HGNC:17075	FALSE	FALSE	0.665376
HGNC:29012	TRUE	TRUE	0.594344
HGNC:14214	TRUE	TRUE	0.946015
HGNC:15848	FALSE	FALSE	0.691713
HGNC:30321	FALSE	FALSE	0.637155
HGNC:28987	TRUE	FALSE	0.614477
HGNC:23697	FALSE	FALSE	0.769152
HGNC:17084	FALSE	FALSE	0.549778
HGNC:14561	FALSE	FALSE	0.797429
HGNC:15917	FALSE	FALSE	0.897686
HGNC:20610	FALSE	FALSE	0.713625
HGNC:29038	FALSE	FALSE	0.545501
HGNC:18806	TRUE	FALSE	0.790885
HGNC:14010	FALSE	FALSE	0.67872
HGNC:16496	FALSE	FALSE	0.634853
HGNC:12621	FALSE	TRUE	0.569666
HGNC:17089	FALSE	FALSE	0.550412
HGNC:30313	FALSE	FALSE	0.507634
HGNC:14193	TRUE	FALSE	0.877934
HGNC:14950	FALSE	FALSE	0.613882
HGNC:16062	FALSE	TRUE	0.984781
HGNC:17098	TRUE	FALSE	0.9867
HGNC:23694	FALSE	FALSE	0.88072
HGNC:10768	FALSE	TRUE	0.972199
HGNC:4880	FALSE	TRUE	0.86031
HGNC:13575	FALSE	TRUE	0.959417
HGNC:18277	FALSE	TRUE	0.897172
HGNC:1557	TRUE	FALSE	0.516073
HGNC:18153	FALSE	FALSE	0.767159
HGNC:13664	FALSE	FALSE	0.537822
HGNC:17101	TRUE	TRUE	0.912458
HGNC:17582	TRUE	FALSE	0.798391
HGNC:24187	FALSE	FALSE	0.616452
HGNC:30035	FALSE	FALSE	0.856555
HGNC:9906	FALSE	FALSE	0.50665
HGNC:29959	FALSE	FALSE	0.603535
HGNC:14298	FALSE	FALSE	0.660668
HGNC:17151	FALSE	FALSE	0.519534
HGNC:8489	FALSE	FALSE	0.514131
HGNC:13071	TRUE	TRUE	0.834996
HGNC:15961	TRUE	TRUE	0.777224
HGNC:17156	FALSE	FALSE	0.664267
HGNC:30073	FALSE	FALSE	0.855362
HGNC:11059	FALSE	TRUE	0.518072
HGNC:9408	FALSE	FALSE	0.652064
HGNC:5951	FALSE	FALSE	0.544236
HGNC:3762	FALSE	FALSE	0.561513
HGNC:3761	FALSE	FALSE	0.641131
HGNC:3760	FALSE	FALSE	0.634961
HGNC:3724	FALSE	FALSE	0.563496
HGNC:13339	FALSE	TRUE	0.532648
HGNC:14210	FALSE	FALSE	0.547242
HGNC:17257	TRUE	FALSE	0.572785
HGNC:17260	FALSE	FALSE	0.545501
HGNC:6366	FALSE	FALSE	0.545501
HGNC:28862	FALSE	FALSE	0.645885
HGNC:20078	FALSE	FALSE	0.568123
HGNC:17293	FALSE	FALSE	0.652476
HGNC:7539	FALSE	FALSE	0.89069
HGNC:24168	FALSE	FALSE	0.605225
HGNC:17284	TRUE	FALSE	0.956812
HGNC:24605	FALSE	TRUE	0.892818
HGNC:24042	FALSE	TRUE	0.907315
HGNC:23696	FALSE	FALSE	0.658696
HGNC:15592	FALSE	FALSE	0.603753
HGNC:15573	FALSE	TRUE	0.978096
HGNC:13830	TRUE	FALSE	0.797717
HGNC:24035	FALSE	FALSE	0.57748
HGNC:24489	FALSE	FALSE	0.642895
HGNC:6361	FALSE	FALSE	0.57007
HGNC:30256	FALSE	FALSE	0.561394
HGNC:24499	FALSE	FALSE	0.601878
HGNC:13602	FALSE	FALSE	0.62982
HGNC:13583	FALSE	FALSE	0.618897
HGNC:9649	FALSE	FALSE	0.809254
HGNC:1935	FALSE	FALSE	0.602145
HGNC:3262	FALSE	FALSE	0.763924
HGNC:6515	TRUE	FALSE	0.911887
HGNC:7563	FALSE	FALSE	0.660017
HGNC:15832	FALSE	FALSE	0.604957
HGNC:2001	FALSE	FALSE	0.878084
HGNC:7648	FALSE	FALSE	0.929759
HGNC:8554	TRUE	TRUE	0.922252
HGNC:3804	FALSE	FALSE	0.584788
HGNC:7128	FALSE	FALSE	0.773585
HGNC:30646	FALSE	TRUE	0.881768
HGNC:3823	TRUE	TRUE	0.935578
HGNC:921	FALSE	FALSE	0.59019
HGNC:17868	FALSE	FALSE	0.580216
HGNC:2894	FALSE	FALSE	0.594102
HGNC:17869	FALSE	TRUE	0.830939
HGNC:3263	FALSE	FALSE	0.758936
HGNC:10527	FALSE	FALSE	0.648734
HGNC:29570	TRUE	FALSE	0.549062
HGNC:4532	FALSE	FALSE	0.600514
HGNC:4415	TRUE	FALSE	0.538874
HGNC:11972	FALSE	FALSE	0.899303
HGNC:1316	FALSE	TRUE	0.992103
HGNC:29796	FALSE	FALSE	0.762468
HGNC:20369	FALSE	FALSE	0.628013
HGNC:14402	FALSE	FALSE	0.652956
HGNC:30123	FALSE	TRUE	0.575321
HGNC:18420	TRUE	FALSE	0.989247
HGNC:25008	FALSE	FALSE	0.532835
HGNC:25009	FALSE	TRUE	0.660489
HGNC:17904	TRUE	FALSE	0.860495
HGNC:11584	FALSE	FALSE	0.558603
HGNC:14310	TRUE	FALSE	0.946917
HGNC:13231	FALSE	FALSE	0.544229
HGNC:17635	TRUE	TRUE	0.993766
HGNC:17925	FALSE	FALSE	0.779949
HGNC:13630	FALSE	FALSE	0.621448
HGNC:5351	FALSE	FALSE	0.681214
HGNC:12506	FALSE	FALSE	0.50665
HGNC:17482	FALSE	FALSE	0.619537
HGNC:24086	FALSE	TRUE	0.603753
HGNC:13867	FALSE	FALSE	0.544772
HGNC:13532	FALSE	TRUE	0.800536
HGNC:1641	FALSE	FALSE	0.797083
HGNC:1230	FALSE	FALSE	0.632997
HGNC:17565	FALSE	FALSE	0.538817
HGNC:7891	FALSE	FALSE	0.582982
HGNC:17422	FALSE	TRUE	0.699448
HGNC:6006	FALSE	FALSE	0.639678
HGNC:14921	FALSE	FALSE	0.529563
HGNC:14685	FALSE	TRUE	0.570694
HGNC:30698	FALSE	FALSE	0.757326
HGNC:8773	FALSE	FALSE	0.690773
HGNC:6106	TRUE	FALSE	0.565684
HGNC:24268	FALSE	FALSE	0.800505
HGNC:28029	FALSE	FALSE	0.813383
HGNC:17194	FALSE	FALSE	0.815647
HGNC:19440	TRUE	FALSE	0.714765
HGNC:16039	FALSE	FALSE	0.569825
HGNC:18646	FALSE	FALSE	0.675573
HGNC:16472	FALSE	FALSE	0.925822
HGNC:6551	TRUE	TRUE	0.944751
HGNC:30185	FALSE	FALSE	0.936577
HGNC:17175	FALSE	TRUE	0.652357
HGNC:14906	FALSE	FALSE	0.624129
HGNC:18538	FALSE	FALSE	0.519571
HGNC:16098	FALSE	FALSE	0.677121
HGNC:17820	FALSE	FALSE	0.569503
HGNC:15451	FALSE	TRUE	0.529759
HGNC:15631	FALSE	FALSE	0.907981
HGNC:15749	FALSE	FALSE	0.722776
HGNC:6283	FALSE	FALSE	0.914745
HGNC:17748	FALSE	FALSE	0.592163
HGNC:15762	FALSE	FALSE	0.618231
HGNC:16806	FALSE	TRUE	0.852037
HGNC:487	FALSE	FALSE	0.542931
HGNC:9386	FALSE	FALSE	0.693059
HGNC:18674	FALSE	FALSE	0.904802
HGNC:15934	FALSE	FALSE	0.585859
HGNC:26937	FALSE	FALSE	0.543237
HGNC:13698	FALSE	FALSE	0.725686
HGNC:15486	FALSE	FALSE	0.506024
HGNC:30967	FALSE	FALSE	0.676211
HGNC:14067	FALSE	FALSE	0.544744
HGNC:14248	FALSE	FALSE	0.950134
HGNC:17002	FALSE	FALSE	0.623335
HGNC:16290	TRUE	FALSE	0.902328
HGNC:16466	TRUE	FALSE	0.954756
HGNC:30298	FALSE	FALSE	0.599335
HGNC:12799	TRUE	FALSE	0.734848
HGNC:15888	FALSE	FALSE	0.896144
HGNC:24224	TRUE	FALSE	0.963608
HGNC:18174	FALSE	FALSE	0.60617
HGNC:1337	FALSE	FALSE	0.6
HGNC:13221	FALSE	TRUE	0.928928
HGNC:11861	FALSE	FALSE	0.521716
HGNC:6693	TRUE	FALSE	0.988362
HGNC:3693	FALSE	FALSE	0.542416
HGNC:2065	FALSE	FALSE	0.685515
HGNC:15633	FALSE	FALSE	0.805486
HGNC:13546	FALSE	FALSE	0.622068
HGNC:19986	FALSE	FALSE	0.578313
HGNC:6273	FALSE	FALSE	0.907239
HGNC:4809	FALSE	FALSE	0.615385
HGNC:19246	FALSE	FALSE	0.537275
HGNC:10737	FALSE	FALSE	0.52695
HGNC:14082	FALSE	FALSE	0.539946
HGNC:30654	FALSE	FALSE	0.749446
HGNC:2847	FALSE	TRUE	0.652582
HGNC:24944	FALSE	FALSE	0.706567
HGNC:14587	TRUE	FALSE	0.798985
HGNC:2910	FALSE	FALSE	0.715916
HGNC:18562	FALSE	TRUE	0.713673
HGNC:25941	TRUE	FALSE	0.99663
HGNC:30988	FALSE	FALSE	0.647826
HGNC:1348	FALSE	FALSE	0.889262
HGNC:17994	FALSE	FALSE	0.591751
HGNC:25966	FALSE	FALSE	0.67207
HGNC:24712	TRUE	FALSE	0.812772
HGNC:20893	TRUE	FALSE	0.974807
HGNC:18505	TRUE	FALSE	0.974586
HGNC:21050	FALSE	FALSE	0.696359
HGNC:12767	FALSE	TRUE	0.879518
HGNC:26034	TRUE	FALSE	0.931298
HGNC:15784	FALSE	FALSE	0.676803
HGNC:26060	FALSE	FALSE	0.548628
HGNC:18233	FALSE	FALSE	0.522325
HGNC:20748	FALSE	FALSE	0.718121
HGNC:14629	FALSE	TRUE	0.514209
HGNC:25539	TRUE	FALSE	0.668097
HGNC:25540	TRUE	FALSE	0.611796
HGNC:30064	TRUE	FALSE	0.987097
HGNC:25568	FALSE	FALSE	0.673126
HGNC:24592	FALSE	FALSE	0.712596
HGNC:23805	TRUE	FALSE	0.740331
HGNC:25621	FALSE	FALSE	0.603201
HGNC:16712	TRUE	FALSE	0.984147
HGNC:23096	FALSE	FALSE	0.748947
HGNC:25444	FALSE	FALSE	0.529223
HGNC:18043	FALSE	FALSE	0.531172
HGNC:15489	TRUE	FALSE	0.74522
HGNC:24649	TRUE	FALSE	0.815501
HGNC:13310	FALSE	FALSE	0.529105
HGNC:16272	FALSE	FALSE	0.697527
HGNC:30777	FALSE	FALSE	0.518679
HGNC:25217	FALSE	FALSE	0.515794
HGNC:25402	FALSE	FALSE	0.695345
HGNC:22949	FALSE	TRUE	0.531367
HGNC:26038	TRUE	FALSE	0.927481
HGNC:30348	FALSE	FALSE	0.523907
HGNC:25528	FALSE	FALSE	0.544987
HGNC:25531	FALSE	FALSE	0.607281
HGNC:25547	FALSE	FALSE	0.70202
HGNC:20092	FALSE	FALSE	0.806684
HGNC:14456	FALSE	FALSE	0.642138
HGNC:25635	FALSE	FALSE	0.64547
HGNC:17272	FALSE	FALSE	0.582118
HGNC:13315	FALSE	FALSE	0.869868
HGNC:14454	FALSE	FALSE	0.935657
HGNC:30297	FALSE	FALSE	0.581221
HGNC:955	FALSE	FALSE	0.671717
HGNC:7151	FALSE	FALSE	0.583548
HGNC:1142	FALSE	FALSE	0.638404
HGNC:7511	FALSE	FALSE	0.766417
HGNC:18859	FALSE	FALSE	0.670241
HGNC:21386	FALSE	FALSE	0.515267
HGNC:29836	FALSE	FALSE	0.797057
HGNC:20982	FALSE	TRUE	0.599486
HGNC:13994	FALSE	FALSE	0.549144
HGNC:23692	FALSE	TRUE	0.914796
HGNC:382	FALSE	FALSE	0.64921
HGNC:8652	FALSE	FALSE	0.636018
HGNC:24054	TRUE	FALSE	0.843354
HGNC:18274	FALSE	TRUE	0.623056
HGNC:17643	FALSE	FALSE	0.831255
HGNC:13307	FALSE	FALSE	0.659126
HGNC:30072	FALSE	FALSE	0.719451
HGNC:15924	FALSE	TRUE	0.94015
HGNC:16493	FALSE	FALSE	0.566228
HGNC:15962	FALSE	TRUE	0.714139
HGNC:13516	FALSE	TRUE	0.817375
HGNC:14099	FALSE	FALSE	0.501247
HGNC:29214	FALSE	FALSE	0.612468
HGNC:18040	TRUE	FALSE	0.964611
HGNC:29508	FALSE	FALSE	0.62982
HGNC:29789	FALSE	FALSE	0.700268
HGNC:30287	FALSE	FALSE	0.707814
HGNC:21033	FALSE	FALSE	0.783548
HGNC:29263	FALSE	FALSE	0.623548
HGNC:14334	TRUE	TRUE	0.8567
HGNC:11958	FALSE	FALSE	0.736076
HGNC:14339	FALSE	FALSE	0.658612
HGNC:22219	FALSE	FALSE	0.97892
HGNC:14539	FALSE	FALSE	0.744086
HGNC:23168	FALSE	FALSE	0.934934
HGNC:29319	FALSE	FALSE	0.603217
HGNC:14896	FALSE	FALSE	0.773265
HGNC:16228	FALSE	FALSE	0.671654
HGNC:14106	FALSE	FALSE	0.862735
HGNC:15598	FALSE	FALSE	0.556032
HGNC:19437	TRUE	FALSE	0.712601
HGNC:21394	FALSE	FALSE	0.667246
HGNC:17794	FALSE	FALSE	0.597183
HGNC:16412	FALSE	FALSE	0.640103
HGNC:13726	TRUE	FALSE	0.98005
HGNC:19718	FALSE	FALSE	0.70437
HGNC:19719	FALSE	FALSE	0.616576
HGNC:21308	FALSE	FALSE	0.500726
HGNC:14198	FALSE	FALSE	0.732595
HGNC:21876	FALSE	FALSE	0.852423
HGNC:25657	TRUE	TRUE	0.813405
HGNC:19715	FALSE	FALSE	0.71671
HGNC:14000	FALSE	TRUE	0.858687
HGNC:14001	FALSE	FALSE	0.619048
HGNC:17637	FALSE	FALSE	0.545845
HGNC:13733	FALSE	FALSE	0.88946
HGNC:30042	TRUE	FALSE	0.753728
HGNC:15452	FALSE	TRUE	0.67882
HGNC:14281	FALSE	TRUE	0.73968
HGNC:5331	FALSE	FALSE	0.560411
HGNC:24304	FALSE	TRUE	0.726517
HGNC:24825	FALSE	FALSE	0.756298
HGNC:18122	TRUE	FALSE	0.609244
HGNC:14234	FALSE	FALSE	0.968928
HGNC:19090	FALSE	FALSE	0.65981
HGNC:21616	FALSE	FALSE	0.76808
HGNC:23720	FALSE	TRUE	0.905344
HGNC:14959	FALSE	TRUE	0.734625
HGNC:14404	FALSE	FALSE	0.612853
HGNC:13222	TRUE	TRUE	0.908172
HGNC:26129	FALSE	FALSE	0.626351
HGNC:14542	TRUE	FALSE	0.907455
HGNC:13825	FALSE	FALSE	0.851613
HGNC:24678	FALSE	TRUE	0.851278
HGNC:18752	FALSE	FALSE	0.511638
HGNC:24185	FALSE	FALSE	0.714653
HGNC:14708	FALSE	FALSE	0.652672
HGNC:16783	TRUE	FALSE	0.986784
HGNC:21153	FALSE	FALSE	0.642159
HGNC:25762	FALSE	FALSE	0.545501
HGNC:23109	TRUE	FALSE	0.97049
HGNC:25812	FALSE	FALSE	0.938291
HGNC:20788	FALSE	FALSE	0.852349
HGNC:19877	FALSE	FALSE	0.650218
HGNC:29529	TRUE	TRUE	0.940921
HGNC:26144	TRUE	FALSE	0.992254
HGNC:25843	TRUE	FALSE	0.613466
HGNC:30939	FALSE	FALSE	0.58216
HGNC:16001	FALSE	FALSE	0.671823
HGNC:20500	FALSE	FALSE	0.504572
HGNC:21225	FALSE	TRUE	0.654692
HGNC:25835	FALSE	FALSE	0.588691
HGNC:19086	FALSE	FALSE	0.857475
HGNC:20797	FALSE	FALSE	0.584818
HGNC:25752	FALSE	FALSE	0.60883
HGNC:20857	FALSE	TRUE	0.507292
HGNC:2799	FALSE	FALSE	0.707204
HGNC:26200	FALSE	FALSE	0.773709
HGNC:15682	FALSE	FALSE	0.642674
HGNC:16770	FALSE	FALSE	0.723192
HGNC:21177	FALSE	FALSE	0.593338
HGNC:13590	TRUE	TRUE	0.962264
HGNC:21667	FALSE	FALSE	0.512082
HGNC:22950	FALSE	TRUE	0.872922
HGNC:29484	TRUE	TRUE	0.942295
HGNC:18590	FALSE	FALSE	0.704558
HGNC:18731	FALSE	TRUE	0.918232
HGNC:16257	FALSE	FALSE	0.897907
HGNC:24308	FALSE	FALSE	0.840815
HGNC:20290	FALSE	FALSE	0.576891
HGNC:24576	FALSE	FALSE	0.639075
HGNC:14605	FALSE	FALSE	0.528218
HGNC:15533	TRUE	TRUE	0.837018
HGNC:18507	FALSE	TRUE	0.773483
HGNC:19898	FALSE	FALSE	0.65763
HGNC:13787	FALSE	TRUE	0.640751
HGNC:21708	FALSE	FALSE	0.538931
HGNC:13890	TRUE	FALSE	0.506941
HGNC:20598	FALSE	FALSE	0.609385
HGNC:14628	FALSE	FALSE	0.695585
HGNC:29451	FALSE	FALSE	0.535744
HGNC:25356	FALSE	FALSE	0.822148
HGNC:18128	FALSE	FALSE	0.831913
HGNC:20473	TRUE	FALSE	0.991479
HGNC:24839	FALSE	FALSE	0.543437
HGNC:17416	FALSE	FALSE	0.632864
HGNC:18816	FALSE	FALSE	0.527506
HGNC:20064	TRUE	FALSE	0.817971
HGNC:18126	TRUE	FALSE	0.914209
HGNC:25829	FALSE	FALSE	0.705655
HGNC:17362	FALSE	FALSE	0.638585
HGNC:20456	TRUE	FALSE	0.979949
HGNC:25412	FALSE	FALSE	0.573265
HGNC:18145	TRUE	FALSE	0.954507
HGNC:16393	FALSE	TRUE	0.973067
HGNC:16259	FALSE	TRUE	0.939846
HGNC:20867	FALSE	FALSE	0.691003
HGNC:20776	FALSE	FALSE	0.974438
HGNC:23204	FALSE	FALSE	0.54036
HGNC:1552	FALSE	TRUE	0.681748
HGNC:20768	FALSE	FALSE	0.805071
HGNC:18437	FALSE	FALSE	0.703736
HGNC:20866	FALSE	TRUE	0.91354900000000006
HGNC:25896	FALSE	FALSE	0.53075
HGNC:21411	FALSE	FALSE	0.515794
HGNC:24352	FALSE	TRUE	0.677889
HGNC:20250	FALSE	FALSE	0.814838
HGNC:28210	FALSE	TRUE	0.537406
HGNC:8642	FALSE	FALSE	0.789557
HGNC:19974	FALSE	FALSE	0.702411
HGNC:19190	FALSE	FALSE	0.529049
HGNC:19081	FALSE	FALSE	0.501247
HGNC:15983	FALSE	FALSE	0.599464
HGNC:12567	FALSE	FALSE	0.57892
HGNC:30767	FALSE	TRUE	0.841315
HGNC:24132	FALSE	FALSE	0.558551
HGNC:23258	FALSE	FALSE	0.652547
HGNC:16028	FALSE	FALSE	0.609769
HGNC:18856	TRUE	FALSE	0.880916
HGNC:28084	FALSE	TRUE	0.551206
HGNC:30600	FALSE	FALSE	0.951206
HGNC:28086	FALSE	FALSE	0.744389
HGNC:30542	FALSE	FALSE	0.612332
HGNC:30599	FALSE	FALSE	0.695652
HGNC:30615	FALSE	FALSE	0.659517
HGNC:24456	FALSE	FALSE	0.53012
HGNC:16067	FALSE	FALSE	0.697785
HGNC:15582	FALSE	TRUE	0.969659
HGNC:20664	FALSE	FALSE	0.638265
HGNC:18022	TRUE	FALSE	0.696144
HGNC:20765	FALSE	FALSE	0.585523
HGNC:16197	FALSE	FALSE	0.601542
HGNC:14626	FALSE	TRUE	0.522788
HGNC:16400	FALSE	FALSE	0.805902
HGNC:19291	TRUE	FALSE	0.901877
HGNC:16731	FALSE	FALSE	0.594888
HGNC:29661	FALSE	FALSE	0.564075
HGNC:17755	FALSE	FALSE	0.53258
HGNC:18831	FALSE	TRUE	0.825758
HGNC:28349	TRUE	FALSE	0.784289
HGNC:20842	FALSE	TRUE	0.802577
HGNC:29787	FALSE	FALSE	0.698254
HGNC:17947	FALSE	FALSE	0.568802
HGNC:30588	FALSE	FALSE	0.571904
HGNC:30034	FALSE	FALSE	0.759383
HGNC:23112	FALSE	FALSE	0.805961
HGNC:19084	FALSE	FALSE	0.697839
HGNC:18618	FALSE	FALSE	0.538238
HGNC:30991	TRUE	FALSE	0.829593
HGNC:20510	FALSE	FALSE	0.662277
HGNC:31963	FALSE	FALSE	0.818509
HGNC:25201	FALSE	FALSE	0.558656
HGNC:18585	FALSE	TRUE	0.836461
HGNC:19721	FALSE	FALSE	0.742727
HGNC:8465	FALSE	FALSE	0.683206
HGNC:20371	FALSE	FALSE	0.80945
HGNC:20514	FALSE	FALSE	0.663826
HGNC:27023	FALSE	FALSE	0.645304
HGNC:30949	FALSE	FALSE	0.847301
HGNC:26837	TRUE	FALSE	0.804826
HGNC:16800	FALSE	FALSE	0.764755
HGNC:14899	FALSE	FALSE	0.523779
HGNC:9662	TRUE	FALSE	0.873649
HGNC:17792	FALSE	FALSE	0.808396
HGNC:22985	FALSE	FALSE	0.818509
HGNC:14956	FALSE	FALSE	0.582294
HGNC:15142	FALSE	FALSE	0.664122
HGNC:23820	FALSE	FALSE	0.790939
HGNC:29862	FALSE	FALSE	0.782005
HGNC:27101	FALSE	FALSE	0.71054
HGNC:20474	FALSE	FALSE	0.758685
HGNC:20649	FALSE	FALSE	0.571338
HGNC:28613	FALSE	FALSE	0.735294
HGNC:30041	FALSE	FALSE	0.51928
HGNC:19680	FALSE	FALSE	0.539846
HGNC:4222	FALSE	FALSE	0.717172
HGNC:30438	FALSE	FALSE	0.821814
HGNC:26639	FALSE	FALSE	0.548213
HGNC:18592	FALSE	FALSE	0.890782
HGNC:30130	FALSE	FALSE	0.544539
HGNC:15527	FALSE	FALSE	0.770694
HGNC:17294	TRUE	FALSE	0.853985
HGNC:14623	FALSE	FALSE	0.507239
HGNC:24166	FALSE	FALSE	0.566456
HGNC:18867	FALSE	FALSE	0.501247
HGNC:28519	FALSE	FALSE	0.945778
HGNC:20249	TRUE	FALSE	0.763359
HGNC:19762	FALSE	FALSE	0.819537
HGNC:18696	FALSE	FALSE	0.526723
HGNC:26661	FALSE	FALSE	0.758105
HGNC:26678	FALSE	FALSE	0.573974
HGNC:16305	FALSE	FALSE	0.521243
HGNC:11955	FALSE	FALSE	0.663807
HGNC:18318	TRUE	FALSE	0.99326
HGNC:18421	FALSE	FALSE	0.634115
HGNC:18037	TRUE	FALSE	0.986059
HGNC:26617	FALSE	FALSE	0.540483
HGNC:29889	FALSE	FALSE	0.544888
HGNC:22947	FALSE	FALSE	0.810924
HGNC:23785	FALSE	FALSE	0.597943
HGNC:28557	FALSE	FALSE	0.582103
HGNC:23282	FALSE	FALSE	0.593932
HGNC:27310	TRUE	FALSE	0.976344
HGNC:26838	FALSE	FALSE	0.835411
HGNC:20778	FALSE	FALSE	0.987947
HGNC:30494	FALSE	FALSE	0.949062
HGNC:15313	FALSE	FALSE	0.612332
HGNC:24178	FALSE	FALSE	0.564838
HGNC:28109	FALSE	FALSE	0.512064
HGNC:23711	FALSE	FALSE	0.652672
HGNC:19196	FALSE	FALSE	0.615506
HGNC:28917	FALSE	FALSE	0.881329
HGNC:21478	FALSE	FALSE	0.723101
HGNC:28611	FALSE	FALSE	0.861183
HGNC:29849	FALSE	FALSE	0.538338
HGNC:29919	FALSE	TRUE	0.871155
HGNC:19048	FALSE	FALSE	0.513137
HGNC:18365	FALSE	FALSE	0.596783
HGNC:19599	FALSE	FALSE	0.637534
HGNC:23688	TRUE	TRUE	0.882689
HGNC:29980	FALSE	TRUE	0.625201
HGNC:18610	FALSE	FALSE	0.780977
HGNC:27584	FALSE	FALSE	0.573295
HGNC:6481	FALSE	FALSE	0.533676
HGNC:19987	FALSE	FALSE	0.654185
HGNC:26834	FALSE	FALSE	0.919571
HGNC:28701	FALSE	FALSE	0.714464
HGNC:15524	FALSE	TRUE	0.762815
HGNC:24945	FALSE	FALSE	0.54281
HGNC:24827	FALSE	FALSE	0.598458
HGNC:19061	FALSE	FALSE	0.575871
HGNC:28583	TRUE	FALSE	0.899418
HGNC:30215	FALSE	TRUE	0.841646
HGNC:20773	FALSE	FALSE	0.800499
HGNC:30829	FALSE	FALSE	0.975988
HGNC:7714	FALSE	FALSE	0.672485
HGNC:329	FALSE	FALSE	0.536761
HGNC:23631	FALSE	FALSE	0.674036
HGNC:29489	FALSE	FALSE	0.597211
HGNC:24327	FALSE	FALSE	0.58017
HGNC:32207	FALSE	TRUE	0.858098
HGNC:14821	FALSE	FALSE	0.648855
HGNC:21661	FALSE	FALSE	0.766833
HGNC:31104	FALSE	FALSE	0.679177
HGNC:26839	FALSE	FALSE	0.519794
HGNC:19967	FALSE	FALSE	0.73354
HGNC:19687	FALSE	FALSE	0.751145
HGNC:29607	FALSE	FALSE	0.631294
HGNC:37126	FALSE	FALSE	0.50992
HGNC:7516	FALSE	FALSE	0.807564
HGNC:1603	FALSE	FALSE	0.72527
HGNC:23445	FALSE	FALSE	0.748092
HGNC:37212	FALSE	FALSE	0.852442
HGNC:6995	FALSE	FALSE	0.8245
HGNC:38476	FALSE	FALSE	0.741365
HGNC:7090	FALSE	FALSE	0.718254
HGNC:42959	FALSE	FALSE	0.663342
