symbol	oncogene	tsgene	hgnc_id
A1CF	TRUE	FALSE	HGNC:24086
A2ML1	FALSE	FALSE	HGNC:23336
AADACL4	FALSE	FALSE	HGNC:32038
ABCA10	FALSE	FALSE	HGNC:30
ABCA13	FALSE	FALSE	HGNC:14638
ABCA7	FALSE	FALSE	HGNC:37
ABCB1	FALSE	FALSE	HGNC:40
ABCB5	FALSE	FALSE	HGNC:46
ABCC3	FALSE	FALSE	HGNC:54
ABCC5	FALSE	FALSE	HGNC:56
ABCC9	FALSE	FALSE	HGNC:60
ABCD1	FALSE	FALSE	HGNC:61
ABCF1	FALSE	FALSE	HGNC:70
ABCF2	FALSE	FALSE	HGNC:71
ABCG2	FALSE	FALSE	HGNC:74
ABCG8	FALSE	FALSE	HGNC:13887
ABHD15	FALSE	FALSE	HGNC:26971
ABI1	FALSE	TRUE	HGNC:11320
ABI3	FALSE	FALSE	HGNC:29859
ABL1	TRUE	FALSE	HGNC:76
ABL2	TRUE	FALSE	HGNC:77
ABLIM2	FALSE	FALSE	HGNC:19195
ACAN	FALSE	FALSE	HGNC:319
ACD	FALSE	FALSE	HGNC:25070
ACE	FALSE	FALSE	HGNC:2707
ACKR3	TRUE	FALSE	HGNC:23692
ACO1	FALSE	FALSE	HGNC:117
ACOXL	FALSE	FALSE	HGNC:25621
ACSL6	FALSE	FALSE	HGNC:16496
ACSM1	FALSE	FALSE	HGNC:18049
ACSM2A	FALSE	FALSE	HGNC:32017
ACSM4	FALSE	FALSE	HGNC:32016
ACTB	FALSE	FALSE	HGNC:132
ACTG1	FALSE	FALSE	HGNC:144
ACTL6B	FALSE	FALSE	HGNC:160
ACTL7B	FALSE	FALSE	HGNC:162
ACVR1	TRUE	FALSE	HGNC:171
ACVR1B	FALSE	TRUE	HGNC:172
ACVR2A	FALSE	TRUE	HGNC:173
ACVR2B	FALSE	FALSE	HGNC:174
ADAM10	FALSE	FALSE	HGNC:188
ADAM2	FALSE	FALSE	HGNC:198
ADAM22	FALSE	FALSE	HGNC:201
ADAM29	FALSE	FALSE	HGNC:207
ADAM7	FALSE	FALSE	HGNC:214
ADAMTS12	FALSE	FALSE	HGNC:14605
ADAMTS17	FALSE	FALSE	HGNC:17109
ADAMTS18	FALSE	FALSE	HGNC:17110
ADAMTS19	FALSE	FALSE	HGNC:17111
ADAMTS20	FALSE	FALSE	HGNC:17178
ADAMTS3	FALSE	FALSE	HGNC:219
ADAMTS5	FALSE	FALSE	HGNC:221
ADAMTS6	FALSE	FALSE	HGNC:222
ADAMTS9	FALSE	FALSE	HGNC:13202
ADAMTSL3	FALSE	FALSE	HGNC:14633
ADCK1	FALSE	FALSE	HGNC:19038
ADCY1	FALSE	FALSE	HGNC:232
ADCY2	FALSE	FALSE	HGNC:233
ADCY3	FALSE	FALSE	HGNC:234
ADCY5	FALSE	FALSE	HGNC:236
ADCY8	FALSE	FALSE	HGNC:239
ADD2	FALSE	FALSE	HGNC:244
ADD3	FALSE	FALSE	HGNC:245
ADGRA1	FALSE	FALSE	HGNC:13838
ADGRB3	FALSE	FALSE	HGNC:945
ADGRD1	FALSE	FALSE	HGNC:19893
ADGRF2	FALSE	FALSE	HGNC:18991
ADGRG4	FALSE	FALSE	HGNC:18992
ADGRG6	FALSE	FALSE	HGNC:13841
ADGRL1	FALSE	FALSE	HGNC:20973
ADGRL2	FALSE	FALSE	HGNC:18582
ADGRL3	FALSE	FALSE	HGNC:20974
ADGRV1	FALSE	FALSE	HGNC:17416
ADH1B	FALSE	FALSE	HGNC:250
ADIG	FALSE	FALSE	HGNC:28606
ADIPOQ	FALSE	FALSE	HGNC:13633
ADNP	FALSE	FALSE	HGNC:15766
ADRA1A	FALSE	FALSE	HGNC:277
ADRA1B	FALSE	FALSE	HGNC:278
ADRB3	FALSE	FALSE	HGNC:288
AFDN	TRUE	FALSE	HGNC:7137
AFF2	FALSE	FALSE	HGNC:3776
AFF3	TRUE	FALSE	HGNC:6473
AFF4	TRUE	FALSE	HGNC:17869
AFM	FALSE	FALSE	HGNC:316
AFMID	FALSE	FALSE	HGNC:20910
AGBL2	FALSE	FALSE	HGNC:26296
AGBL5	FALSE	FALSE	HGNC:26147
AGGF1	FALSE	FALSE	HGNC:24684
AGO4	FALSE	FALSE	HGNC:18424
AGTR2	FALSE	FALSE	HGNC:338
AHCTF1	FALSE	FALSE	HGNC:24618
AHCYL2	FALSE	FALSE	HGNC:22204
AHI1	FALSE	FALSE	HGNC:21575
AHNAK	FALSE	FALSE	HGNC:347
AHNAK2	FALSE	FALSE	HGNC:20125
AHSA1	FALSE	FALSE	HGNC:1189
AJAP1	FALSE	FALSE	HGNC:30801
AJUBA	FALSE	FALSE	HGNC:20250
AK8	FALSE	FALSE	HGNC:26526
AKAP11	FALSE	FALSE	HGNC:369
AKAP13	FALSE	FALSE	HGNC:371
AKAP6	FALSE	FALSE	HGNC:376
AKAP8	FALSE	FALSE	HGNC:378
AKAP9	FALSE	FALSE	HGNC:379
AKR1B10	FALSE	FALSE	HGNC:382
AKR1C2	FALSE	FALSE	HGNC:385
AKR1D1	FALSE	FALSE	HGNC:388
AKT1	TRUE	FALSE	HGNC:391
AKT2	TRUE	FALSE	HGNC:392
AKT3	TRUE	FALSE	HGNC:393
ALB	FALSE	FALSE	HGNC:399
ALDH5A1	FALSE	FALSE	HGNC:408
ALDOA	FALSE	FALSE	HGNC:414
ALK	TRUE	FALSE	HGNC:427
ALKBH6	FALSE	FALSE	HGNC:28243
ALLC	FALSE	FALSE	HGNC:17377
ALMS1	FALSE	FALSE	HGNC:428
ALOX12	FALSE	FALSE	HGNC:429
ALOX12B	FALSE	FALSE	HGNC:430
ALPK1	FALSE	FALSE	HGNC:20917
ALPK2	FALSE	FALSE	HGNC:20565
ALS2CL	FALSE	FALSE	HGNC:20605
ALX4	FALSE	FALSE	HGNC:450
ALYREF	FALSE	FALSE	HGNC:19071
AMER1	FALSE	TRUE	HGNC:26837
AMOT	FALSE	FALSE	HGNC:17810
AMOTL1	FALSE	FALSE	HGNC:17811
AMPH	FALSE	FALSE	HGNC:471
AMY2B	FALSE	FALSE	HGNC:478
ANG	FALSE	FALSE	HGNC:483
ANGPT1	FALSE	FALSE	HGNC:484
ANK1	FALSE	FALSE	HGNC:492
ANK2	FALSE	FALSE	HGNC:493
ANK3	FALSE	FALSE	HGNC:494
ANKLE2	FALSE	FALSE	HGNC:29101
ANKRD12	FALSE	FALSE	HGNC:29135
ANKRD13A	FALSE	FALSE	HGNC:21268
ANKRD16	FALSE	FALSE	HGNC:23471
ANKRD17	FALSE	FALSE	HGNC:23575
ANKRD18A	FALSE	FALSE	HGNC:23643
ANKRD24	FALSE	FALSE	HGNC:29424
ANKRD26	FALSE	FALSE	HGNC:29186
ANKRD30BL	FALSE	FALSE	HGNC:35167
ANKRD36	FALSE	FALSE	HGNC:24079
ANKRD36C	FALSE	FALSE	HGNC:32946
ANKRD50	FALSE	FALSE	HGNC:29223
ANLN	FALSE	FALSE	HGNC:14082
ANO4	FALSE	FALSE	HGNC:23837
ANPEP	FALSE	FALSE	HGNC:500
ANXA2	FALSE	FALSE	HGNC:537
ANXA8L1	FALSE	FALSE	HGNC:23334
AOX1	FALSE	FALSE	HGNC:553
AP1B1	FALSE	FALSE	HGNC:554
AP1S1	FALSE	FALSE	HGNC:559
AP2A1	FALSE	FALSE	HGNC:561
AP3D1	FALSE	FALSE	HGNC:568
APC	FALSE	TRUE	HGNC:583
API5	FALSE	FALSE	HGNC:594
APLNR	FALSE	FALSE	HGNC:339
APMAP	FALSE	FALSE	HGNC:13238
APOB	FALSE	FALSE	HGNC:603
APOBEC2	FALSE	FALSE	HGNC:605
APOBEC3B	TRUE	TRUE	HGNC:17352
APOBR	FALSE	FALSE	HGNC:24087
APOL2	FALSE	FALSE	HGNC:619
AQP12A	FALSE	FALSE	HGNC:19941
AQP7	FALSE	FALSE	HGNC:640
AR	TRUE	FALSE	HGNC:644
ARAF	TRUE	FALSE	HGNC:646
AREG	FALSE	FALSE	HGNC:651
ARHGAP26	FALSE	TRUE	HGNC:17073
ARHGAP28	FALSE	FALSE	HGNC:25509
ARHGAP32	FALSE	FALSE	HGNC:17399
ARHGAP35	FALSE	FALSE	HGNC:4591
ARHGAP4	FALSE	FALSE	HGNC:674
ARHGAP5	TRUE	FALSE	HGNC:675
ARHGEF10	FALSE	TRUE	HGNC:14103
ARHGEF10L	FALSE	TRUE	HGNC:25540
ARHGEF11	FALSE	FALSE	HGNC:14580
ARHGEF12	FALSE	TRUE	HGNC:14193
ARHGEF18	FALSE	FALSE	HGNC:17090
ARHGEF25	FALSE	FALSE	HGNC:30275
ARHGEF3	FALSE	FALSE	HGNC:683
ARHGEF6	FALSE	FALSE	HGNC:685
ARID1A	FALSE	TRUE	HGNC:11110
ARID1B	FALSE	TRUE	HGNC:18040
ARID2	FALSE	TRUE	HGNC:18037
ARID3B	FALSE	FALSE	HGNC:14350
ARID5B	FALSE	FALSE	HGNC:17362
ARIH1	FALSE	FALSE	HGNC:689
ARMCX3	FALSE	FALSE	HGNC:24065
ARMH3	FALSE	FALSE	HGNC:25788
ARNT	TRUE	TRUE	HGNC:700
ARNT2	FALSE	FALSE	HGNC:16876
ARNTL	FALSE	FALSE	HGNC:701
ARPC1B	FALSE	FALSE	HGNC:704
ARRDC5	FALSE	FALSE	HGNC:31407
ARSD	FALSE	FALSE	HGNC:717
ASAP2	FALSE	FALSE	HGNC:2721
ASB15	FALSE	FALSE	HGNC:19767
ASB9	FALSE	FALSE	HGNC:17184
ASCC2	FALSE	FALSE	HGNC:24103
ASCC3	FALSE	FALSE	HGNC:18697
ASH1L	FALSE	FALSE	HGNC:19088
ASL	FALSE	FALSE	HGNC:746
ASPHD1	FALSE	FALSE	HGNC:27380
ASPM	FALSE	FALSE	HGNC:19048
ASPSCR1	FALSE	FALSE	HGNC:13825
ASTN1	FALSE	FALSE	HGNC:773
ASTN2	FALSE	FALSE	HGNC:17021
ASXL1	FALSE	TRUE	HGNC:18318
ASXL2	FALSE	TRUE	HGNC:23805
ASXL3	FALSE	FALSE	HGNC:29357
ASZ1	FALSE	FALSE	HGNC:1350
ATAD2	FALSE	FALSE	HGNC:30123
ATAD3B	FALSE	FALSE	HGNC:24007
ATF1	TRUE	FALSE	HGNC:783
ATF7IP	FALSE	FALSE	HGNC:20092
ATG13	FALSE	FALSE	HGNC:29091
ATG14	FALSE	FALSE	HGNC:19962
ATG2A	FALSE	FALSE	HGNC:29028
ATG3	FALSE	FALSE	HGNC:20962
ATG4B	FALSE	FALSE	HGNC:20790
ATG7	FALSE	FALSE	HGNC:16935
ATM	FALSE	TRUE	HGNC:795
ATP10A	FALSE	FALSE	HGNC:13542
ATP10B	FALSE	FALSE	HGNC:13543
ATP10D	FALSE	FALSE	HGNC:13549
ATP13A4	FALSE	FALSE	HGNC:25422
ATP1A1	TRUE	TRUE	HGNC:799
ATP2A2	FALSE	FALSE	HGNC:812
ATP2B3	FALSE	TRUE	HGNC:816
ATP2C2	FALSE	FALSE	HGNC:29103
ATP4A	FALSE	FALSE	HGNC:819
ATP5F1B	FALSE	FALSE	HGNC:830
ATP5MPL	FALSE	FALSE	HGNC:1188
ATP5PD	FALSE	FALSE	HGNC:845
ATP6AP1	FALSE	FALSE	HGNC:868
ATP6V0B	FALSE	FALSE	HGNC:861
ATP6V0E1	FALSE	FALSE	HGNC:863
ATP6V1B2	FALSE	FALSE	HGNC:854
ATP6V1G2	FALSE	FALSE	HGNC:862
ATP8B1	FALSE	FALSE	HGNC:3706
ATP8B2	FALSE	FALSE	HGNC:13534
ATR	FALSE	TRUE	HGNC:882
ATRX	FALSE	TRUE	HGNC:886
ATXN1	FALSE	FALSE	HGNC:10548
ATXN3	FALSE	FALSE	HGNC:7106
ATXN3L	FALSE	FALSE	HGNC:24173
AURKA	FALSE	FALSE	HGNC:11393
AVL9	FALSE	FALSE	HGNC:28994
AXIN1	FALSE	TRUE	HGNC:903
AXIN2	FALSE	TRUE	HGNC:904
AZGP1	FALSE	FALSE	HGNC:910
AZI2	FALSE	FALSE	HGNC:24002
AZIN1	FALSE	FALSE	HGNC:16432
B2M	FALSE	TRUE	HGNC:914
B3GALT6	FALSE	FALSE	HGNC:17978
B3GLCT	FALSE	FALSE	HGNC:20207
B4GALT3	FALSE	FALSE	HGNC:926
BABAM1	FALSE	FALSE	HGNC:25008
BABAM2	FALSE	FALSE	HGNC:1106
BACH2	FALSE	FALSE	HGNC:14078
BAG4	FALSE	FALSE	HGNC:940
BAGE2	FALSE	FALSE	HGNC:15723
BANF2	FALSE	FALSE	HGNC:16172
BAP1	FALSE	TRUE	HGNC:950
BARD1	FALSE	TRUE	HGNC:952
BAX	FALSE	TRUE	HGNC:959
BAZ1A	FALSE	TRUE	HGNC:960
BAZ2A	FALSE	FALSE	HGNC:962
BAZ2B	FALSE	FALSE	HGNC:963
BBX	FALSE	FALSE	HGNC:14422
BCL10	FALSE	TRUE	HGNC:989
BCL11A	TRUE	FALSE	HGNC:13221
BCL11B	TRUE	TRUE	HGNC:13222
BCL2	TRUE	FALSE	HGNC:990
BCL2L10	FALSE	FALSE	HGNC:993
BCL2L11	FALSE	FALSE	HGNC:994
BCL2L12	TRUE	FALSE	HGNC:13787
BCL3	TRUE	FALSE	HGNC:998
BCL6	TRUE	FALSE	HGNC:1001
BCL7A	FALSE	FALSE	HGNC:1004
BCL9	TRUE	FALSE	HGNC:1008
BCL9L	TRUE	TRUE	HGNC:23688
BCLAF1	FALSE	FALSE	HGNC:16863
BCOR	FALSE	TRUE	HGNC:20893
BCORL1	TRUE	TRUE	HGNC:25657
BCR	FALSE	FALSE	HGNC:1014
BHLHE41	FALSE	FALSE	HGNC:16617
BHMT2	FALSE	FALSE	HGNC:1048
BICRA	FALSE	FALSE	HGNC:4332
BIRC3	TRUE	TRUE	HGNC:591
BIRC6	TRUE	FALSE	HGNC:13516
BLCAP	FALSE	FALSE	HGNC:1055
BLK	FALSE	FALSE	HGNC:1057
BLM	FALSE	TRUE	HGNC:1058
BMP5	FALSE	FALSE	HGNC:1072
BMP7	FALSE	FALSE	HGNC:1074
BMPR1A	TRUE	TRUE	HGNC:1076
BMPR2	FALSE	FALSE	HGNC:1078
BNC2	FALSE	FALSE	HGNC:30988
BOC	FALSE	FALSE	HGNC:17173
BOD1	FALSE	FALSE	HGNC:25114
BOK	FALSE	FALSE	HGNC:1087
BORA	FALSE	FALSE	HGNC:24724
BPIFB1	FALSE	FALSE	HGNC:16108
BPTF	FALSE	FALSE	HGNC:3581
BRAF	TRUE	FALSE	HGNC:1097
BRCA1	FALSE	TRUE	HGNC:1100
BRCA2	FALSE	TRUE	HGNC:1101
BRCC3	FALSE	FALSE	HGNC:24185
BRD3	TRUE	FALSE	HGNC:1104
BRD4	TRUE	FALSE	HGNC:13575
BRD7	FALSE	FALSE	HGNC:14310
BRD8	FALSE	FALSE	HGNC:19874
BRDT	FALSE	FALSE	HGNC:1105
BRINP3	FALSE	FALSE	HGNC:22393
BRIP1	FALSE	TRUE	HGNC:20473
BRPF1	FALSE	FALSE	HGNC:14255
BRPF3	FALSE	FALSE	HGNC:14256
BRSK1	FALSE	FALSE	HGNC:18994
BTBD11	FALSE	FALSE	HGNC:23844
BTG1	FALSE	TRUE	HGNC:1130
BTG2	FALSE	FALSE	HGNC:1131
BTK	TRUE	TRUE	HGNC:1133
BTLA	FALSE	FALSE	HGNC:21087
BTN3A2	FALSE	FALSE	HGNC:1139
BTNL3	FALSE	FALSE	HGNC:1143
BUB1B	FALSE	TRUE	HGNC:1149
BUD23	FALSE	FALSE	HGNC:16405
C10orf90	FALSE	FALSE	HGNC:26563
C11orf49	FALSE	FALSE	HGNC:28720
C15orf48	FALSE	FALSE	HGNC:29898
C16orf91	FALSE	FALSE	HGNC:27558
C19orf53	FALSE	FALSE	HGNC:24991
C1QL2	FALSE	FALSE	HGNC:24181
C1QTNF1	FALSE	FALSE	HGNC:14324
C1orf100	FALSE	FALSE	HGNC:30435
C1orf127	FALSE	FALSE	HGNC:26730
C1orf159	FALSE	FALSE	HGNC:26062
C1orf185	FALSE	FALSE	HGNC:28096
C1orf194	FALSE	FALSE	HGNC:32331
C22orf34	FALSE	FALSE	HGNC:28010
C2CD3	FALSE	FALSE	HGNC:24564
C2CD4C	FALSE	FALSE	HGNC:29417
C2CD5	FALSE	FALSE	HGNC:29062
C2CD6	FALSE	FALSE	HGNC:14438
C3	FALSE	FALSE	HGNC:1318
C3AR1	FALSE	FALSE	HGNC:1319
C3orf62	FALSE	FALSE	HGNC:24771
C6orf118	FALSE	FALSE	HGNC:21233
C6orf136	FALSE	FALSE	HGNC:21301
C6orf62	FALSE	FALSE	HGNC:20998
C7	FALSE	FALSE	HGNC:1346
C7orf31	FALSE	FALSE	HGNC:21722
C8orf44-SGK3	FALSE	FALSE	HGNC:48354
C9orf78	FALSE	FALSE	HGNC:24932
C9orf85	FALSE	FALSE	HGNC:28784
CA10	FALSE	FALSE	HGNC:1369
CABIN1	FALSE	FALSE	HGNC:24187
CABLES1	FALSE	FALSE	HGNC:25097
CACHD1	FALSE	FALSE	HGNC:29314
CACNA1A	FALSE	FALSE	HGNC:1388
CACNA1B	FALSE	FALSE	HGNC:1389
CACNA1C	FALSE	FALSE	HGNC:1390
CACNA1D	TRUE	FALSE	HGNC:1391
CACNA1E	FALSE	FALSE	HGNC:1392
CACNA1H	FALSE	FALSE	HGNC:1395
CACNA2D1	FALSE	FALSE	HGNC:1399
CACNA2D3	FALSE	FALSE	HGNC:15460
CACNG6	FALSE	FALSE	HGNC:13625
CADM2	FALSE	FALSE	HGNC:29849
CALB2	FALSE	FALSE	HGNC:1435
CALCB	FALSE	FALSE	HGNC:1438
CALCOCO1	FALSE	FALSE	HGNC:29306
CALCR	FALSE	FALSE	HGNC:1440
CALD1	FALSE	FALSE	HGNC:1441
CALHM6	FALSE	FALSE	HGNC:33391
CALR	TRUE	FALSE	HGNC:1455
CAMKK2	FALSE	FALSE	HGNC:1470
CAMTA1	FALSE	TRUE	HGNC:18806
CANX	FALSE	FALSE	HGNC:1473
CAP2	FALSE	FALSE	HGNC:20039
CARD10	FALSE	FALSE	HGNC:16422
CARD11	TRUE	FALSE	HGNC:16393
CARD6	FALSE	FALSE	HGNC:16394
CARF	FALSE	FALSE	HGNC:14435
CARNS1	FALSE	FALSE	HGNC:29268
CARS1	FALSE	TRUE	HGNC:1493
CASC3	FALSE	FALSE	HGNC:17040
CASKIN1	FALSE	FALSE	HGNC:20879
CASP10	FALSE	FALSE	HGNC:1500
CASP3	FALSE	TRUE	HGNC:1504
CASP8	FALSE	TRUE	HGNC:1509
CASP9	FALSE	TRUE	HGNC:1511
CAST	FALSE	FALSE	HGNC:1515
CASZ1	FALSE	FALSE	HGNC:26002
CATIP	FALSE	FALSE	HGNC:25062
CBARP	FALSE	FALSE	HGNC:28617
CBFA2T3	FALSE	TRUE	HGNC:1537
CBFB	FALSE	TRUE	HGNC:1539
CBL	TRUE	TRUE	HGNC:1541
CBLB	FALSE	TRUE	HGNC:1542
CBLC	TRUE	TRUE	HGNC:15961
CBWD3	FALSE	FALSE	HGNC:18519
CBX6	FALSE	FALSE	HGNC:1556
CC2D1A	FALSE	FALSE	HGNC:30237
CCAR1	FALSE	FALSE	HGNC:24236
CCDC102A	FALSE	FALSE	HGNC:28097
CCDC102B	FALSE	FALSE	HGNC:26295
CCDC107	FALSE	FALSE	HGNC:28465
CCDC120	FALSE	FALSE	HGNC:28910
CCDC124	FALSE	FALSE	HGNC:25171
CCDC168	FALSE	FALSE	HGNC:26851
CCDC178	FALSE	FALSE	HGNC:29588
CCDC28A	FALSE	FALSE	HGNC:21098
CCDC38	FALSE	FALSE	HGNC:26843
CCDC6	FALSE	TRUE	HGNC:18782
CCDC61	FALSE	FALSE	HGNC:33629
CCDC63	FALSE	FALSE	HGNC:26669
CCDC66	FALSE	FALSE	HGNC:27709
CCDC77	FALSE	FALSE	HGNC:28203
CCDC81	FALSE	FALSE	HGNC:26281
CCDC88A	FALSE	FALSE	HGNC:25523
CCDC9	FALSE	FALSE	HGNC:24560
CCER1	FALSE	FALSE	HGNC:28373
CCK	FALSE	FALSE	HGNC:1569
CCKBR	FALSE	FALSE	HGNC:1571
CCL26	FALSE	FALSE	HGNC:10625
CCN6	FALSE	FALSE	HGNC:12771
CCNB1IP1	FALSE	TRUE	HGNC:19437
CCNB2	FALSE	FALSE	HGNC:1580
CCNC	FALSE	TRUE	HGNC:1581
CCND1	TRUE	FALSE	HGNC:1582
CCND2	TRUE	FALSE	HGNC:1583
CCND3	TRUE	FALSE	HGNC:1585
CCNE1	TRUE	FALSE	HGNC:1589
CCNI	FALSE	FALSE	HGNC:1595
CCNL1	FALSE	FALSE	HGNC:20569
CCNQ	FALSE	FALSE	HGNC:28434
CCP110	FALSE	FALSE	HGNC:24342
CCR4	TRUE	FALSE	HGNC:1605
CCR5	FALSE	FALSE	HGNC:1606
CCR7	TRUE	FALSE	HGNC:1608
CCT6B	FALSE	FALSE	HGNC:1621
CCT8L2	FALSE	FALSE	HGNC:15553
CD163L1	FALSE	FALSE	HGNC:30375
CD1A	FALSE	FALSE	HGNC:1634
CD1B	FALSE	FALSE	HGNC:1635
CD1D	FALSE	FALSE	HGNC:1637
CD200	FALSE	FALSE	HGNC:7203
CD209	FALSE	FALSE	HGNC:1641
CD274	FALSE	TRUE	HGNC:17635
CD28	TRUE	FALSE	HGNC:1653
CD2BP2	FALSE	FALSE	HGNC:1656
CD300E	FALSE	FALSE	HGNC:28874
CD36	FALSE	FALSE	HGNC:1663
CD3G	FALSE	FALSE	HGNC:1675
CD58	FALSE	FALSE	HGNC:1688
CD70	FALSE	FALSE	HGNC:11937
CD74	TRUE	FALSE	HGNC:1697
CD79A	TRUE	FALSE	HGNC:1698
CD79B	TRUE	FALSE	HGNC:1699
CD83	FALSE	FALSE	HGNC:1703
CD86	FALSE	FALSE	HGNC:1705
CDC20	FALSE	FALSE	HGNC:1723
CDC23	FALSE	FALSE	HGNC:1724
CDC25A	FALSE	FALSE	HGNC:1725
CDC25C	FALSE	FALSE	HGNC:1727
CDC27	FALSE	FALSE	HGNC:1728
CDC37	FALSE	FALSE	HGNC:1735
CDC37L1	FALSE	FALSE	HGNC:17179
CDC42	FALSE	FALSE	HGNC:1736
CDC42BPB	FALSE	FALSE	HGNC:1738
CDC42BPG	FALSE	FALSE	HGNC:29829
CDC5L	FALSE	FALSE	HGNC:1743
CDC73	FALSE	TRUE	HGNC:16783
CDH1	FALSE	TRUE	HGNC:1748
CDH10	FALSE	TRUE	HGNC:1749
CDH11	FALSE	TRUE	HGNC:1750
CDH12	FALSE	FALSE	HGNC:1751
CDH13	FALSE	FALSE	HGNC:1753
CDH17	TRUE	FALSE	HGNC:1756
CDH18	FALSE	FALSE	HGNC:1757
CDH19	FALSE	FALSE	HGNC:1758
CDH2	FALSE	FALSE	HGNC:1759
CDH23	FALSE	FALSE	HGNC:13733
CDH24	FALSE	FALSE	HGNC:14265
CDH6	FALSE	FALSE	HGNC:1765
CDH8	FALSE	FALSE	HGNC:1767
CDH9	FALSE	FALSE	HGNC:1768
CDHR1	FALSE	FALSE	HGNC:14550
CDHR2	FALSE	FALSE	HGNC:18231
CDHR3	FALSE	FALSE	HGNC:26308
CDHR4	FALSE	FALSE	HGNC:34527
CDK11A	FALSE	FALSE	HGNC:1730
CDK12	FALSE	TRUE	HGNC:24224
CDK13	FALSE	FALSE	HGNC:1733
CDK14	FALSE	FALSE	HGNC:8883
CDK4	TRUE	FALSE	HGNC:1773
CDK6	TRUE	FALSE	HGNC:1777
CDKN1A	TRUE	TRUE	HGNC:1784
CDKN1B	FALSE	TRUE	HGNC:1785
CDKN2A	FALSE	TRUE	HGNC:1787
CDKN2AIP	FALSE	FALSE	HGNC:24325
CDKN2B	FALSE	FALSE	HGNC:1788
CDKN2C	FALSE	TRUE	HGNC:1789
CDON	FALSE	FALSE	HGNC:17104
CDX2	FALSE	TRUE	HGNC:1806
CDX4	FALSE	FALSE	HGNC:1808
CDYL	FALSE	FALSE	HGNC:1811
CEACAM21	FALSE	FALSE	HGNC:28834
CEBPA	FALSE	TRUE	HGNC:1833
CELA1	FALSE	FALSE	HGNC:3308
CELF1	FALSE	FALSE	HGNC:2549
CELF4	FALSE	FALSE	HGNC:14015
CENPF	FALSE	FALSE	HGNC:1857
CENPJ	FALSE	FALSE	HGNC:17272
CEP152	FALSE	FALSE	HGNC:29298
CEP170	FALSE	FALSE	HGNC:28920
CEP19	FALSE	FALSE	HGNC:28209
CEP76	FALSE	FALSE	HGNC:25727
CEP83	FALSE	FALSE	HGNC:17966
CERS3	FALSE	FALSE	HGNC:23752
CFAP20	FALSE	FALSE	HGNC:29523
CFAP45	FALSE	FALSE	HGNC:17229
CFAP47	FALSE	FALSE	HGNC:26708
CFAP54	FALSE	FALSE	HGNC:26456
CFAP70	FALSE	FALSE	HGNC:30726
CFAP74	FALSE	FALSE	HGNC:29368
CFHR2	FALSE	FALSE	HGNC:4890
CGB2	FALSE	FALSE	HGNC:16722
CGB5	FALSE	FALSE	HGNC:16452
CHAF1B	FALSE	FALSE	HGNC:1911
CHD1	FALSE	FALSE	HGNC:1915
CHD2	FALSE	TRUE	HGNC:1917
CHD3	FALSE	FALSE	HGNC:1918
CHD4	TRUE	FALSE	HGNC:1919
CHD5	FALSE	FALSE	HGNC:16816
CHD6	FALSE	FALSE	HGNC:19057
CHD7	FALSE	FALSE	HGNC:20626
CHD8	FALSE	FALSE	HGNC:20153
CHD9	FALSE	FALSE	HGNC:25701
CHDH	FALSE	FALSE	HGNC:24288
CHEK2	FALSE	TRUE	HGNC:16627
CHGA	FALSE	FALSE	HGNC:1929
CHKB	FALSE	FALSE	HGNC:1938
CHL1	FALSE	FALSE	HGNC:1939
CHMP2B	FALSE	FALSE	HGNC:24537
CHPF2	FALSE	FALSE	HGNC:29270
CHPT1	FALSE	FALSE	HGNC:17852
CHRM5	FALSE	FALSE	HGNC:1954
CHRNB2	FALSE	FALSE	HGNC:1962
CHST1	FALSE	FALSE	HGNC:1969
CHST10	FALSE	FALSE	HGNC:19650
CHST11	TRUE	FALSE	HGNC:17422
CIAO2A	FALSE	FALSE	HGNC:26235
CIBAR2	FALSE	FALSE	HGNC:24781
CIC	TRUE	TRUE	HGNC:14214
CIITA	FALSE	TRUE	HGNC:7067
CILK1	FALSE	FALSE	HGNC:21219
CILP2	FALSE	FALSE	HGNC:24213
CIPC	FALSE	FALSE	HGNC:20365
CITED2	FALSE	FALSE	HGNC:1987
CIZ1	FALSE	FALSE	HGNC:16744
CLASP1	FALSE	FALSE	HGNC:17088
CLASP2	FALSE	FALSE	HGNC:17078
CLCN4	FALSE	FALSE	HGNC:2022
CLCN7	FALSE	FALSE	HGNC:2025
CLDN20	FALSE	FALSE	HGNC:2042
CLEC19A	FALSE	FALSE	HGNC:34522
CLEC4G	FALSE	FALSE	HGNC:24591
CLIC5	FALSE	FALSE	HGNC:13517
CLIP1	FALSE	FALSE	HGNC:10461
CLIP2	FALSE	FALSE	HGNC:2586
CLK3	FALSE	FALSE	HGNC:2071
CLK4	FALSE	FALSE	HGNC:13659
CLSTN2	FALSE	FALSE	HGNC:17448
CLTC	FALSE	TRUE	HGNC:2092
CLTCL1	FALSE	TRUE	HGNC:2093
CLUAP1	FALSE	FALSE	HGNC:19009
CMKLR1	FALSE	FALSE	HGNC:2121
CMTR1	FALSE	FALSE	HGNC:21077
CMTR2	FALSE	FALSE	HGNC:25635
CNBD1	FALSE	FALSE	HGNC:26663
CNBP	FALSE	TRUE	HGNC:13164
CNDP2	FALSE	FALSE	HGNC:24437
CNGA4	FALSE	FALSE	HGNC:2152
CNKSR1	FALSE	FALSE	HGNC:19700
CNOT1	FALSE	FALSE	HGNC:7877
CNOT3	FALSE	TRUE	HGNC:7879
CNOT9	FALSE	FALSE	HGNC:10445
CNTLN	FALSE	FALSE	HGNC:23432
CNTN1	FALSE	FALSE	HGNC:2171
CNTN4	FALSE	FALSE	HGNC:2174
CNTN6	FALSE	FALSE	HGNC:2176
CNTNAP1	FALSE	FALSE	HGNC:8011
CNTNAP2	FALSE	FALSE	HGNC:13830
CNTNAP3	FALSE	FALSE	HGNC:13834
CNTRL	FALSE	FALSE	HGNC:1858
COIL	FALSE	FALSE	HGNC:2184
COL11A1	FALSE	FALSE	HGNC:2186
COL12A1	FALSE	FALSE	HGNC:2188
COL14A1	FALSE	FALSE	HGNC:2191
COL1A1	FALSE	FALSE	HGNC:2197
COL1A2	FALSE	FALSE	HGNC:2198
COL21A1	FALSE	FALSE	HGNC:17025
COL22A1	FALSE	FALSE	HGNC:22989
COL25A1	FALSE	FALSE	HGNC:18603
COL28A1	FALSE	FALSE	HGNC:22442
COL2A1	FALSE	FALSE	HGNC:2200
COL3A1	FALSE	FALSE	HGNC:2201
COL4A1	FALSE	FALSE	HGNC:2202
COL4A2	FALSE	FALSE	HGNC:2203
COL5A1	FALSE	FALSE	HGNC:2209
COL5A3	FALSE	FALSE	HGNC:14864
COL6A3	FALSE	FALSE	HGNC:2213
COL6A6	FALSE	FALSE	HGNC:27023
COL7A1	FALSE	FALSE	HGNC:2214
COL9A2	FALSE	FALSE	HGNC:2218
COPB2	FALSE	FALSE	HGNC:2232
COQ10B	FALSE	FALSE	HGNC:25819
COX7C	FALSE	FALSE	HGNC:2292
CPEB1	FALSE	FALSE	HGNC:21744
CPEB2	FALSE	FALSE	HGNC:21745
CPEB3	FALSE	TRUE	HGNC:21746
CPEB4	FALSE	FALSE	HGNC:21747
CPNE1	FALSE	FALSE	HGNC:2314
CPNE5	FALSE	FALSE	HGNC:2318
CPQ	FALSE	FALSE	HGNC:16910
CPS1	FALSE	FALSE	HGNC:2323
CPXM2	FALSE	FALSE	HGNC:26977
CR1	FALSE	FALSE	HGNC:2334
CRACD	FALSE	FALSE	HGNC:29219
CRADD	FALSE	FALSE	HGNC:2340
CRB1	FALSE	FALSE	HGNC:2343
CRBN	FALSE	FALSE	HGNC:30185
CREB1	TRUE	FALSE	HGNC:2345
CREB3L1	FALSE	TRUE	HGNC:18856
CREB3L2	TRUE	FALSE	HGNC:23720
CREB3L3	FALSE	FALSE	HGNC:18855
CREB3L4	FALSE	FALSE	HGNC:18854
CREBBP	TRUE	TRUE	HGNC:2348
CREBZF	FALSE	FALSE	HGNC:24905
CRELD2	FALSE	FALSE	HGNC:28150
CRISPLD1	FALSE	FALSE	HGNC:18206
CRLF2	TRUE	FALSE	HGNC:14281
CRNKL1	FALSE	FALSE	HGNC:15762
CRP	FALSE	FALSE	HGNC:2367
CRTAM	FALSE	FALSE	HGNC:24313
CRTC1	TRUE	FALSE	HGNC:16062
CSDE1	FALSE	FALSE	HGNC:29905
CSF1R	TRUE	FALSE	HGNC:2433
CSF2RA	FALSE	FALSE	HGNC:2435
CSF3R	TRUE	FALSE	HGNC:2439
CSH1	FALSE	FALSE	HGNC:2440
CSMD2	FALSE	FALSE	HGNC:19290
CSMD3	FALSE	FALSE	HGNC:19291
CSNK1A1	FALSE	FALSE	HGNC:2451
CSNK1E	FALSE	FALSE	HGNC:2453
CSNK2A1	FALSE	FALSE	HGNC:2457
CSNK2B	FALSE	FALSE	HGNC:2460
CSPG4	FALSE	FALSE	HGNC:2466
CTCF	FALSE	TRUE	HGNC:13723
CTCFL	FALSE	FALSE	HGNC:16234
CTDNEP1	FALSE	FALSE	HGNC:19085
CTIF	FALSE	FALSE	HGNC:23925
CTNNA1	FALSE	FALSE	HGNC:2509
CTNNA2	TRUE	FALSE	HGNC:2510
CTNNA3	FALSE	FALSE	HGNC:2511
CTNNB1	TRUE	FALSE	HGNC:2514
CTNND1	FALSE	FALSE	HGNC:2515
CTNND2	TRUE	FALSE	HGNC:2516
CTSS	FALSE	FALSE	HGNC:2545
CTU2	FALSE	FALSE	HGNC:28005
CUBN	FALSE	FALSE	HGNC:2548
CUL1	FALSE	FALSE	HGNC:2551
CUL3	FALSE	TRUE	HGNC:2553
CUL4B	FALSE	FALSE	HGNC:2555
CUL7	FALSE	FALSE	HGNC:21024
CUL9	FALSE	FALSE	HGNC:15982
CUX1	TRUE	TRUE	HGNC:2557
CWC22	FALSE	FALSE	HGNC:29322
CWH43	FALSE	FALSE	HGNC:26133
CX3CR1	FALSE	FALSE	HGNC:2558
CXADR	FALSE	FALSE	HGNC:2559
CXCR2	FALSE	FALSE	HGNC:6027
CXCR4	TRUE	FALSE	HGNC:2561
CXXC4	FALSE	FALSE	HGNC:24593
CXXC5	FALSE	FALSE	HGNC:26943
CYFIP1	FALSE	FALSE	HGNC:13759
CYLC1	FALSE	FALSE	HGNC:2582
CYLD	FALSE	TRUE	HGNC:2584
CYP2A7	FALSE	FALSE	HGNC:2611
CYP2C18	FALSE	FALSE	HGNC:2620
CYP2C8	FALSE	FALSE	HGNC:2622
CYP2C9	FALSE	FALSE	HGNC:2623
CYP2E1	FALSE	FALSE	HGNC:2631
CYP4A11	FALSE	FALSE	HGNC:2642
CYP4B1	FALSE	FALSE	HGNC:2644
CYP4F22	FALSE	FALSE	HGNC:26820
CYP4Z1	FALSE	FALSE	HGNC:20583
CYP7B1	FALSE	FALSE	HGNC:2652
CYS1	FALSE	FALSE	HGNC:18525
CYSLTR2	TRUE	FALSE	HGNC:18274
DAAM1	FALSE	FALSE	HGNC:18142
DAB1	FALSE	FALSE	HGNC:2661
DAB2IP	FALSE	FALSE	HGNC:17294
DACH1	FALSE	FALSE	HGNC:2663
DACH2	FALSE	FALSE	HGNC:16814
DAO	FALSE	FALSE	HGNC:2671
DAXX	TRUE	TRUE	HGNC:2681
DAZAP1	FALSE	FALSE	HGNC:2683
DBI	FALSE	FALSE	HGNC:2690
DBR1	FALSE	FALSE	HGNC:15594
DCAF1	FALSE	FALSE	HGNC:30911
DCAF12L2	FALSE	FALSE	HGNC:32950
DCAF15	FALSE	FALSE	HGNC:25095
DCAF4L2	FALSE	FALSE	HGNC:26657
DCC	FALSE	FALSE	HGNC:2701
DCHS1	FALSE	FALSE	HGNC:13681
DCK	FALSE	FALSE	HGNC:2704
DCLK1	FALSE	FALSE	HGNC:2700
DCLRE1A	FALSE	FALSE	HGNC:17660
DCLRE1C	FALSE	FALSE	HGNC:17642
DCSTAMP	FALSE	FALSE	HGNC:18549
DCTD	FALSE	FALSE	HGNC:2710
DCTN1	FALSE	FALSE	HGNC:2711
DDB2	TRUE	TRUE	HGNC:2718
DDIT3	TRUE	FALSE	HGNC:2726
DDR2	TRUE	FALSE	HGNC:2731
DDX10	FALSE	TRUE	HGNC:2735
DDX17	FALSE	FALSE	HGNC:2740
DDX18	FALSE	FALSE	HGNC:2741
DDX20	FALSE	FALSE	HGNC:2743
DDX23	FALSE	FALSE	HGNC:17347
DDX25	FALSE	FALSE	HGNC:18698
DDX27	FALSE	FALSE	HGNC:15837
DDX3X	FALSE	TRUE	HGNC:2745
DDX41	FALSE	FALSE	HGNC:18674
DDX5	TRUE	FALSE	HGNC:2746
DDX50	FALSE	FALSE	HGNC:17906
DDX51	FALSE	FALSE	HGNC:20082
DDX54	FALSE	FALSE	HGNC:20084
DDX55	FALSE	FALSE	HGNC:20085
DDX58	FALSE	FALSE	HGNC:19102
DDX6	TRUE	FALSE	HGNC:2747
DDX60L	FALSE	FALSE	HGNC:26429
DEFB115	FALSE	FALSE	HGNC:18096
DEFB129	FALSE	FALSE	HGNC:16218
DEK	TRUE	FALSE	HGNC:2768
DENND2B	FALSE	FALSE	HGNC:11350
DENND4B	FALSE	FALSE	HGNC:29044
DEPDC4	FALSE	FALSE	HGNC:22952
DEPDC5	FALSE	FALSE	HGNC:18423
DERL1	FALSE	FALSE	HGNC:28454
DGAT2L6	FALSE	FALSE	HGNC:23250
DGCR8	TRUE	FALSE	HGNC:2847
DGKA	FALSE	FALSE	HGNC:2849
DGKB	FALSE	FALSE	HGNC:2850
DGKE	FALSE	FALSE	HGNC:2852
DGKI	FALSE	FALSE	HGNC:2855
DHRS1	FALSE	FALSE	HGNC:16445
DHX15	FALSE	FALSE	HGNC:2738
DHX16	FALSE	FALSE	HGNC:2739
DHX30	FALSE	FALSE	HGNC:16716
DHX35	FALSE	FALSE	HGNC:15861
DHX36	FALSE	FALSE	HGNC:14410
DHX58	FALSE	FALSE	HGNC:29517
DHX9	FALSE	FALSE	HGNC:2750
DIAPH1	FALSE	FALSE	HGNC:2876
DIAPH2	FALSE	FALSE	HGNC:2877
DICER1	FALSE	TRUE	HGNC:17098
DIP2C	FALSE	FALSE	HGNC:29150
DIS3	FALSE	FALSE	HGNC:20604
DIS3L2	FALSE	FALSE	HGNC:28648
DISP1	FALSE	FALSE	HGNC:19711
DISP2	FALSE	FALSE	HGNC:19712
DISP3	FALSE	FALSE	HGNC:29251
DLC1	FALSE	FALSE	HGNC:2897
DLEC1	FALSE	FALSE	HGNC:2899
DLG2	FALSE	FALSE	HGNC:2901
DLG3	FALSE	FALSE	HGNC:2902
DLGAP5	FALSE	FALSE	HGNC:16864
DLK1	FALSE	FALSE	HGNC:2907
DLL1	FALSE	FALSE	HGNC:2908
DMD	FALSE	FALSE	HGNC:2928
DMXL1	FALSE	FALSE	HGNC:2937
DMXL2	FALSE	FALSE	HGNC:2938
DNAAF1	FALSE	FALSE	HGNC:30539
DNAAF5	FALSE	FALSE	HGNC:26013
DNAH1	FALSE	FALSE	HGNC:2940
DNAH12	FALSE	FALSE	HGNC:2943
DNAH14	FALSE	FALSE	HGNC:2945
DNAH2	FALSE	FALSE	HGNC:2948
DNAH3	FALSE	FALSE	HGNC:2949
DNAH7	FALSE	FALSE	HGNC:18661
DNAH8	FALSE	FALSE	HGNC:2952
DNAH9	FALSE	FALSE	HGNC:2953
DNAJB2	FALSE	FALSE	HGNC:5228
DNAJB9	FALSE	FALSE	HGNC:6968
DNAJC28	FALSE	FALSE	HGNC:1297
DNER	FALSE	FALSE	HGNC:24456
DNM2	FALSE	TRUE	HGNC:2974
DNMBP	FALSE	FALSE	HGNC:30373
DNMT1	TRUE	FALSE	HGNC:2976
DNMT3A	TRUE	TRUE	HGNC:2978
DNMT3B	FALSE	FALSE	HGNC:2979
DOCK2	FALSE	FALSE	HGNC:2988
DOCK4	FALSE	FALSE	HGNC:19192
DOCK8	FALSE	FALSE	HGNC:19191
DOK6	FALSE	FALSE	HGNC:28301
DOT1L	FALSE	FALSE	HGNC:24948
DPH3	FALSE	FALSE	HGNC:27717
DPP6	FALSE	FALSE	HGNC:3010
DPP7	FALSE	FALSE	HGNC:14892
DPPA4	FALSE	FALSE	HGNC:19200
DPY19L3	FALSE	FALSE	HGNC:27120
DPYD	FALSE	FALSE	HGNC:3012
DPYS	FALSE	FALSE	HGNC:3013
DRD3	FALSE	FALSE	HGNC:3024
DRD5	FALSE	FALSE	HGNC:3026
DROSHA	FALSE	TRUE	HGNC:17904
DSC1	FALSE	FALSE	HGNC:3035
DSC3	FALSE	FALSE	HGNC:3037
DSE	FALSE	FALSE	HGNC:21144
DSEL	FALSE	FALSE	HGNC:18144
DSG1	FALSE	FALSE	HGNC:3048
DSG4	FALSE	FALSE	HGNC:21307
DSP	FALSE	FALSE	HGNC:3052
DSPP	FALSE	FALSE	HGNC:3054
DST	FALSE	FALSE	HGNC:1090
DTHD1	FALSE	FALSE	HGNC:37261
DTL	FALSE	FALSE	HGNC:30288
DTNA	FALSE	FALSE	HGNC:3057
DTWD2	FALSE	FALSE	HGNC:19334
DTX1	FALSE	FALSE	HGNC:3060
DTX4	FALSE	FALSE	HGNC:29151
DUSP16	FALSE	FALSE	HGNC:17909
DUSP2	FALSE	FALSE	HGNC:3068
DUSP7	FALSE	FALSE	HGNC:3073
DUSP9	FALSE	FALSE	HGNC:3076
DUXA	FALSE	FALSE	HGNC:32179
DYNC1I1	FALSE	FALSE	HGNC:2963
DYNLL1	FALSE	FALSE	HGNC:15476
DYRK1A	FALSE	FALSE	HGNC:3091
DYSF	FALSE	FALSE	HGNC:3097
E2F2	FALSE	FALSE	HGNC:3114
E2F3	FALSE	FALSE	HGNC:3115
EAF2	FALSE	FALSE	HGNC:23115
EBF1	FALSE	TRUE	HGNC:3126
ECT2	FALSE	FALSE	HGNC:3155
ECT2L	FALSE	FALSE	HGNC:21118
EDAR	FALSE	FALSE	HGNC:2895
EDC4	FALSE	FALSE	HGNC:17157
EDEM1	FALSE	FALSE	HGNC:18967
EDNRB	FALSE	FALSE	HGNC:3180
EED	FALSE	TRUE	HGNC:3188
EEF1A1	FALSE	FALSE	HGNC:3189
EEF1D	FALSE	FALSE	HGNC:3211
EEF2	FALSE	FALSE	HGNC:3214
EEF2K	FALSE	FALSE	HGNC:24615
EFHD1	FALSE	FALSE	HGNC:29556
EFHD2	FALSE	FALSE	HGNC:28670
EFTUD2	FALSE	FALSE	HGNC:30858
EGFR	TRUE	FALSE	HGNC:3236
EGR1	FALSE	FALSE	HGNC:3238
EGR2	FALSE	FALSE	HGNC:3239
EGR3	FALSE	FALSE	HGNC:3240
EI24	FALSE	FALSE	HGNC:13276
EIF1AX	TRUE	FALSE	HGNC:3250
EIF2AK1	FALSE	FALSE	HGNC:24921
EIF2AK3	FALSE	FALSE	HGNC:3255
EIF2AK4	FALSE	FALSE	HGNC:19687
EIF2S2	FALSE	FALSE	HGNC:3266
EIF3A	FALSE	FALSE	HGNC:3271
EIF3E	FALSE	TRUE	HGNC:3277
EIF3G	FALSE	FALSE	HGNC:3274
EIF4A1	FALSE	FALSE	HGNC:3282
EIF4A2	FALSE	FALSE	HGNC:3284
EIF5A	FALSE	FALSE	HGNC:3300
ELAVL1	FALSE	FALSE	HGNC:3312
ELAVL2	FALSE	FALSE	HGNC:3313
ELAVL3	FALSE	FALSE	HGNC:3314
ELAVL4	FALSE	FALSE	HGNC:3315
ELF1	FALSE	FALSE	HGNC:3316
ELF3	FALSE	TRUE	HGNC:3318
ELF4	TRUE	TRUE	HGNC:3319
ELF5	FALSE	FALSE	HGNC:3320
ELK4	TRUE	FALSE	HGNC:3326
ELL	FALSE	TRUE	HGNC:23114
ELMO1	FALSE	FALSE	HGNC:16286
ELMO3	FALSE	FALSE	HGNC:17289
ELN	FALSE	FALSE	HGNC:3327
ELOC	FALSE	FALSE	HGNC:11617
ELOF1	FALSE	FALSE	HGNC:28691
ELOVL3	FALSE	FALSE	HGNC:18047
EMG1	FALSE	FALSE	HGNC:16912
EML4	FALSE	FALSE	HGNC:1316
EML5	FALSE	FALSE	HGNC:18197
EN1	FALSE	FALSE	HGNC:3342
EN2	FALSE	FALSE	HGNC:3343
ENC1	FALSE	FALSE	HGNC:3345
ENTPD6	FALSE	FALSE	HGNC:3368
EOMES	FALSE	FALSE	HGNC:3372
EP300	FALSE	TRUE	HGNC:3373
EP400	FALSE	FALSE	HGNC:11958
EPAS1	TRUE	TRUE	HGNC:3374
EPB41	FALSE	FALSE	HGNC:3377
EPB41L3	FALSE	FALSE	HGNC:3380
EPC1	FALSE	FALSE	HGNC:19876
EPG5	FALSE	FALSE	HGNC:29331
EPHA1	FALSE	FALSE	HGNC:3385
EPHA2	FALSE	FALSE	HGNC:3386
EPHA3	FALSE	FALSE	HGNC:3387
EPHA4	FALSE	FALSE	HGNC:3388
EPHA5	FALSE	FALSE	HGNC:3389
EPHA6	FALSE	FALSE	HGNC:19296
EPHA7	FALSE	FALSE	HGNC:3390
EPHB1	FALSE	FALSE	HGNC:3392
EPHB4	FALSE	FALSE	HGNC:3395
EPHB6	FALSE	FALSE	HGNC:3396
EPPK1	FALSE	FALSE	HGNC:15577
EPRS1	FALSE	FALSE	HGNC:3418
EPS15	FALSE	TRUE	HGNC:3419
EPS8L1	FALSE	FALSE	HGNC:21295
EPYC	FALSE	FALSE	HGNC:3053
ERBB2	TRUE	FALSE	HGNC:3430
ERBB3	TRUE	FALSE	HGNC:3431
ERBB4	TRUE	TRUE	HGNC:3432
ERBIN	FALSE	FALSE	HGNC:15842
ERCC2	FALSE	TRUE	HGNC:3434
ERCC3	FALSE	TRUE	HGNC:3435
ERCC4	FALSE	TRUE	HGNC:3436
ERCC5	FALSE	TRUE	HGNC:3437
ERCC6	FALSE	FALSE	HGNC:3438
ERCC6L2	FALSE	FALSE	HGNC:26922
ERF	FALSE	FALSE	HGNC:3444
ERG	TRUE	FALSE	HGNC:3446
ERGIC3	FALSE	FALSE	HGNC:15927
ERI1	FALSE	FALSE	HGNC:23994
ERN2	FALSE	FALSE	HGNC:16942
ERRFI1	FALSE	FALSE	HGNC:18185
ESPL1	FALSE	FALSE	HGNC:16856
ESR1	TRUE	TRUE	HGNC:3467
ESRRG	FALSE	FALSE	HGNC:3474
ETNK1	FALSE	TRUE	HGNC:24649
ETS1	FALSE	FALSE	HGNC:3488
ETV1	TRUE	FALSE	HGNC:3490
ETV3	FALSE	FALSE	HGNC:3492
ETV4	TRUE	FALSE	HGNC:3493
ETV5	TRUE	FALSE	HGNC:3494
ETV6	FALSE	TRUE	HGNC:3495
EVC2	FALSE	FALSE	HGNC:19747
EVI2A	FALSE	FALSE	HGNC:3499
EVPL	FALSE	FALSE	HGNC:3503
EWSR1	TRUE	FALSE	HGNC:3508
EXOC2	FALSE	FALSE	HGNC:24968
EXOC7	FALSE	FALSE	HGNC:23214
EXOC8	FALSE	FALSE	HGNC:24659
EXPH5	FALSE	FALSE	HGNC:30578
EXT1	FALSE	TRUE	HGNC:3512
EXT2	FALSE	TRUE	HGNC:3513
EYA1	FALSE	FALSE	HGNC:3519
EYA4	FALSE	FALSE	HGNC:3522
EYS	FALSE	FALSE	HGNC:21555
EZH1	FALSE	FALSE	HGNC:3526
EZH2	TRUE	TRUE	HGNC:3527
EZR	FALSE	FALSE	HGNC:12691
F5	FALSE	FALSE	HGNC:3542
F8	FALSE	FALSE	HGNC:3546
FAAH2	FALSE	FALSE	HGNC:26440
FAHD2B	FALSE	FALSE	HGNC:25318
FAM111A	FALSE	FALSE	HGNC:24725
FAM111B	FALSE	FALSE	HGNC:24200
FAM117A	FALSE	FALSE	HGNC:24179
FAM117B	FALSE	FALSE	HGNC:14440
FAM118B	FALSE	FALSE	HGNC:26110
FAM126B	FALSE	FALSE	HGNC:28593
FAM133A	FALSE	FALSE	HGNC:26748
FAM135B	FALSE	FALSE	HGNC:28029
FAM166A	FALSE	FALSE	HGNC:33818
FAM167A	FALSE	FALSE	HGNC:15549
FAM171A1	FALSE	FALSE	HGNC:23522
FAM171B	FALSE	FALSE	HGNC:29412
FAM177B	FALSE	FALSE	HGNC:34395
FAM221B	FALSE	FALSE	HGNC:30762
FAM227B	FALSE	FALSE	HGNC:26543
FAM234A	FALSE	FALSE	HGNC:14163
FAM241A	FALSE	FALSE	HGNC:26813
FAM47C	FALSE	FALSE	HGNC:25301
FAM50A	FALSE	FALSE	HGNC:18786
FAM72D	FALSE	FALSE	HGNC:33593
FAM78B	FALSE	FALSE	HGNC:13495
FAM83B	FALSE	FALSE	HGNC:21357
FANCA	FALSE	TRUE	HGNC:3582
FANCC	FALSE	TRUE	HGNC:3584
FANCD2	FALSE	TRUE	HGNC:3585
FANCE	FALSE	TRUE	HGNC:3586
FANCF	FALSE	TRUE	HGNC:3587
FANCG	FALSE	TRUE	HGNC:3588
FANCM	FALSE	FALSE	HGNC:23168
FANK1	FALSE	FALSE	HGNC:23527
FAS	FALSE	TRUE	HGNC:11920
FAT1	FALSE	TRUE	HGNC:3595
FAT2	FALSE	FALSE	HGNC:3596
FAT3	FALSE	FALSE	HGNC:23112
FAT4	FALSE	TRUE	HGNC:23109
FBF1	FALSE	FALSE	HGNC:24674
FBH1	FALSE	FALSE	HGNC:13620
FBLN1	FALSE	FALSE	HGNC:3600
FBLN2	FALSE	TRUE	HGNC:3601
FBN2	FALSE	FALSE	HGNC:3604
FBN3	FALSE	FALSE	HGNC:18794
FBRSL1	FALSE	FALSE	HGNC:29308
FBXL17	FALSE	FALSE	HGNC:13615
FBXO11	FALSE	TRUE	HGNC:13590
FBXO28	FALSE	FALSE	HGNC:29046
FBXO31	FALSE	FALSE	HGNC:16510
FBXO32	FALSE	FALSE	HGNC:16731
FBXO40	FALSE	FALSE	HGNC:29816
FBXO5	FALSE	FALSE	HGNC:13584
FBXO9	FALSE	FALSE	HGNC:13588
FBXW5	FALSE	FALSE	HGNC:13613
FBXW7	FALSE	TRUE	HGNC:16712
FCER1A	FALSE	FALSE	HGNC:3609
FCF1	FALSE	FALSE	HGNC:20220
FCGR2B	TRUE	FALSE	HGNC:3618
FCGR3A	FALSE	FALSE	HGNC:3619
FCRL1	FALSE	FALSE	HGNC:18509
FCRL4	TRUE	FALSE	HGNC:18507
FCSK	FALSE	FALSE	HGNC:29500
FDX1	FALSE	FALSE	HGNC:3638
FDXR	FALSE	FALSE	HGNC:3642
FEM1A	FALSE	FALSE	HGNC:16934
FEN1	FALSE	TRUE	HGNC:3650
FERD3L	FALSE	FALSE	HGNC:16660
FES	TRUE	TRUE	HGNC:3657
FEV	TRUE	FALSE	HGNC:18562
FGA	FALSE	FALSE	HGNC:3661
FGB	FALSE	FALSE	HGNC:3662
FGF19	FALSE	FALSE	HGNC:3675
FGF2	FALSE	FALSE	HGNC:3676
FGF5	FALSE	FALSE	HGNC:3683
FGFBP1	FALSE	FALSE	HGNC:19695
FGFR1	TRUE	FALSE	HGNC:3688
FGFR2	TRUE	FALSE	HGNC:3689
FGFR3	TRUE	FALSE	HGNC:3690
FGFR4	TRUE	FALSE	HGNC:3691
FH	FALSE	TRUE	HGNC:3700
FHIT	FALSE	TRUE	HGNC:3701
FHOD1	FALSE	FALSE	HGNC:17905
FIGNL1	FALSE	FALSE	HGNC:13286
FILIP1L	FALSE	FALSE	HGNC:24589
FIZ1	FALSE	FALSE	HGNC:25917
FKBP9	FALSE	FALSE	HGNC:3725
FLCN	FALSE	TRUE	HGNC:27310
FLG	FALSE	FALSE	HGNC:3748
FLI1	TRUE	FALSE	HGNC:3749
FLII	FALSE	FALSE	HGNC:3750
FLNA	FALSE	FALSE	HGNC:3754
FLRT2	FALSE	FALSE	HGNC:3761
FLT1	FALSE	FALSE	HGNC:3763
FLT3	TRUE	FALSE	HGNC:3765
FLT4	TRUE	FALSE	HGNC:3767
FLYWCH1	FALSE	FALSE	HGNC:25404
FMN2	FALSE	FALSE	HGNC:14074
FMNL3	FALSE	FALSE	HGNC:23698
FMR1	FALSE	FALSE	HGNC:3775
FN3KRP	FALSE	FALSE	HGNC:25700
FNBP1L	FALSE	FALSE	HGNC:20851
FOLH1	FALSE	FALSE	HGNC:3788
FOXA1	TRUE	FALSE	HGNC:5021
FOXA2	FALSE	FALSE	HGNC:5022
FOXB2	FALSE	FALSE	HGNC:23315
FOXE1	FALSE	FALSE	HGNC:3806
FOXK1	FALSE	FALSE	HGNC:23480
FOXK2	FALSE	FALSE	HGNC:6036
FOXL2	TRUE	TRUE	HGNC:1092
FOXM1	FALSE	FALSE	HGNC:3818
FOXO1	TRUE	TRUE	HGNC:3819
FOXO3	TRUE	TRUE	HGNC:3821
FOXO4	TRUE	TRUE	HGNC:7139
FOXP1	TRUE	FALSE	HGNC:3823
FOXP2	FALSE	FALSE	HGNC:13875
FOXQ1	FALSE	FALSE	HGNC:20951
FOXR1	TRUE	FALSE	HGNC:29980
FOXR2	FALSE	FALSE	HGNC:30469
FPR1	FALSE	FALSE	HGNC:3826
FRA10AC1	FALSE	FALSE	HGNC:1162
FREM2	FALSE	FALSE	HGNC:25396
FRG1	FALSE	FALSE	HGNC:3954
FRG2B	FALSE	FALSE	HGNC:33518
FRMD7	FALSE	FALSE	HGNC:8079
FRMD8	FALSE	FALSE	HGNC:25462
FRMPD2	FALSE	FALSE	HGNC:28572
FRMPD4	FALSE	FALSE	HGNC:29007
FSCB	FALSE	FALSE	HGNC:20494
FSHR	FALSE	FALSE	HGNC:3969
FSIP1	FALSE	FALSE	HGNC:21674
FSIP2	FALSE	FALSE	HGNC:21675
FSTL3	TRUE	FALSE	HGNC:3973
FSTL5	FALSE	FALSE	HGNC:21386
FTCD	FALSE	FALSE	HGNC:3974
FTH1	FALSE	FALSE	HGNC:3976
FTO	FALSE	FALSE	HGNC:24678
FUBP1	TRUE	TRUE	HGNC:4004
FUBP3	FALSE	FALSE	HGNC:4005
FUS	FALSE	TRUE	HGNC:4010
FXR1	FALSE	FALSE	HGNC:4023
FXYD3	FALSE	FALSE	HGNC:4027
FYB2	FALSE	FALSE	HGNC:27295
FYN	FALSE	FALSE	HGNC:4037
FZD1	FALSE	FALSE	HGNC:4038
FZD3	FALSE	FALSE	HGNC:4041
G2E3	FALSE	FALSE	HGNC:20338
G3BP1	FALSE	FALSE	HGNC:30292
G3BP2	FALSE	FALSE	HGNC:30291
G6PC	FALSE	FALSE	HGNC:4056
GAB3	FALSE	FALSE	HGNC:17515
GABRA1	FALSE	FALSE	HGNC:4075
GABRA2	FALSE	FALSE	HGNC:4076
GABRA6	FALSE	FALSE	HGNC:4080
GABRB2	FALSE	FALSE	HGNC:4082
GABRG1	FALSE	FALSE	HGNC:4086
GAL3ST1	FALSE	FALSE	HGNC:24240
GALNS	FALSE	FALSE	HGNC:4122
GALNT13	FALSE	FALSE	HGNC:23242
GALNTL5	FALSE	FALSE	HGNC:21725
GALNTL6	FALSE	FALSE	HGNC:33844
GATA1	TRUE	TRUE	HGNC:4170
GATA2	TRUE	FALSE	HGNC:4171
GATA3	TRUE	TRUE	HGNC:4172
GATA4	FALSE	FALSE	HGNC:4173
GATA6	FALSE	FALSE	HGNC:4174
GATAD1	FALSE	FALSE	HGNC:29941
GATM	FALSE	FALSE	HGNC:4175
GBE1	FALSE	FALSE	HGNC:4180
GCC2	FALSE	FALSE	HGNC:23218
GCSAML	FALSE	FALSE	HGNC:29583
GDF5	FALSE	FALSE	HGNC:4220
GFRA1	FALSE	FALSE	HGNC:4243
GFRAL	FALSE	FALSE	HGNC:32789
GGA3	FALSE	FALSE	HGNC:17079
GGCT	FALSE	FALSE	HGNC:21705
GIGYF2	FALSE	FALSE	HGNC:11960
GIMAP4	FALSE	FALSE	HGNC:21872
GINS1	FALSE	FALSE	HGNC:28980
GLI1	TRUE	FALSE	HGNC:4317
GLI3	FALSE	FALSE	HGNC:4319
GLIPR1L2	FALSE	FALSE	HGNC:28592
GLIPR2	FALSE	FALSE	HGNC:18007
GLIS2	FALSE	FALSE	HGNC:29450
GLRA3	FALSE	FALSE	HGNC:4328
GLS2	FALSE	FALSE	HGNC:29570
GLT8D2	FALSE	FALSE	HGNC:24890
GLYAT	FALSE	FALSE	HGNC:13734
GLYR1	FALSE	FALSE	HGNC:24434
GMFB	FALSE	FALSE	HGNC:4373
GML	FALSE	FALSE	HGNC:4375
GNA11	TRUE	FALSE	HGNC:4379
GNA12	FALSE	FALSE	HGNC:4380
GNA13	FALSE	FALSE	HGNC:4381
GNA14	FALSE	FALSE	HGNC:4382
GNA15	FALSE	FALSE	HGNC:4383
GNAI1	FALSE	FALSE	HGNC:4384
GNAI2	FALSE	FALSE	HGNC:4385
GNAQ	TRUE	FALSE	HGNC:4390
GNAS	TRUE	FALSE	HGNC:4392
GNAT1	FALSE	FALSE	HGNC:4393
GNB1	FALSE	FALSE	HGNC:4396
GNG2	FALSE	FALSE	HGNC:4404
GNG3	FALSE	FALSE	HGNC:4405
GNG7	FALSE	FALSE	HGNC:4410
GNPTAB	FALSE	FALSE	HGNC:29670
GOLGA2	FALSE	FALSE	HGNC:4425
GOLGA6L6	FALSE	FALSE	HGNC:37225
GOLGB1	FALSE	FALSE	HGNC:4429
GOPC	FALSE	FALSE	HGNC:17643
GORASP1	FALSE	FALSE	HGNC:16769
GOT1	FALSE	FALSE	HGNC:4432
GPAM	FALSE	FALSE	HGNC:24865
GPAT4	FALSE	FALSE	HGNC:20880
GPATCH4	FALSE	FALSE	HGNC:25982
GPATCH8	FALSE	FALSE	HGNC:29066
GPC3	TRUE	TRUE	HGNC:4451
GPC5	FALSE	TRUE	HGNC:4453
GPC6	FALSE	FALSE	HGNC:4454
GPR107	FALSE	FALSE	HGNC:17830
GPR141	FALSE	FALSE	HGNC:19997
GPR174	FALSE	FALSE	HGNC:30245
GPR183	FALSE	FALSE	HGNC:3128
GPR32	FALSE	FALSE	HGNC:4487
GPR50	FALSE	FALSE	HGNC:4506
GPRIN1	FALSE	FALSE	HGNC:24835
GPRIN2	FALSE	FALSE	HGNC:23730
GPS1	FALSE	FALSE	HGNC:4549
GPS2	FALSE	FALSE	HGNC:4550
GPX1	FALSE	FALSE	HGNC:4553
GPX5	FALSE	FALSE	HGNC:4557
GRAMD1B	FALSE	FALSE	HGNC:29214
GRB2	FALSE	FALSE	HGNC:4566
GRHL2	FALSE	FALSE	HGNC:2799
GRHPR	FALSE	FALSE	HGNC:4570
GRIA2	FALSE	FALSE	HGNC:4572
GRIA3	FALSE	FALSE	HGNC:4573
GRID1	FALSE	FALSE	HGNC:4575
GRIK2	FALSE	FALSE	HGNC:4580
GRIK3	FALSE	FALSE	HGNC:4581
GRIK5	FALSE	FALSE	HGNC:4583
GRIN1	FALSE	FALSE	HGNC:4584
GRIN2A	FALSE	TRUE	HGNC:4585
GRIN2D	FALSE	FALSE	HGNC:4588
GRM1	FALSE	FALSE	HGNC:4593
GRM3	TRUE	FALSE	HGNC:4595
GRM5	FALSE	FALSE	HGNC:4597
GRM8	FALSE	FALSE	HGNC:4600
GRSF1	FALSE	FALSE	HGNC:4610
GSDMA	FALSE	FALSE	HGNC:13311
GSDMC	FALSE	FALSE	HGNC:7151
GSDME	FALSE	FALSE	HGNC:2810
GSK3A	FALSE	FALSE	HGNC:4616
GSTA4	FALSE	FALSE	HGNC:4629
GSTM5	FALSE	FALSE	HGNC:4637
GTF2B	FALSE	FALSE	HGNC:4648
GTF2I	FALSE	FALSE	HGNC:4659
GUCY1A2	FALSE	FALSE	HGNC:4684
GUSB	FALSE	FALSE	HGNC:4696
GXYLT1	FALSE	FALSE	HGNC:27482
GYPC	FALSE	FALSE	HGNC:4704
H1-2	FALSE	FALSE	HGNC:4716
H1-3	FALSE	FALSE	HGNC:4717
H1-4	FALSE	FALSE	HGNC:4718
H1-5	FALSE	FALSE	HGNC:4719
H1-8	FALSE	FALSE	HGNC:18463
H2AC11	FALSE	FALSE	HGNC:4737
H2AC16	FALSE	FALSE	HGNC:4730
H2AC17	FALSE	FALSE	HGNC:4735
H2AC20	FALSE	FALSE	HGNC:4738
H2AC6	FALSE	FALSE	HGNC:4733
H2AC7	FALSE	FALSE	HGNC:4729
H2AZ2	FALSE	FALSE	HGNC:20664
H2BC11	FALSE	FALSE	HGNC:4761
H2BC12	FALSE	FALSE	HGNC:13954
H2BC17	FALSE	FALSE	HGNC:4758
H2BC3	FALSE	FALSE	HGNC:4751
H2BC5	FALSE	FALSE	HGNC:4747
H2BC7	FALSE	FALSE	HGNC:4752
H2BC8	FALSE	FALSE	HGNC:4746
H2BC9	FALSE	FALSE	HGNC:4755
H3-3A	TRUE	FALSE	HGNC:4764
H3-3B	TRUE	FALSE	HGNC:4765
H3-5	FALSE	FALSE	HGNC:33164
H3C10	FALSE	FALSE	HGNC:4775
H3C11	FALSE	FALSE	HGNC:4771
H3C12	FALSE	FALSE	HGNC:4774
H3C2	TRUE	FALSE	HGNC:4776
H3C3	FALSE	FALSE	HGNC:4768
H3C4	FALSE	FALSE	HGNC:4767
H3C8	FALSE	FALSE	HGNC:4772
H4C11	FALSE	FALSE	HGNC:4785
H4C2	FALSE	FALSE	HGNC:4789
H4C4	FALSE	FALSE	HGNC:4782
H4C5	FALSE	FALSE	HGNC:4790
H4C8	FALSE	FALSE	HGNC:4788
HAPLN1	FALSE	FALSE	HGNC:2380
HAVCR1	FALSE	FALSE	HGNC:17866
HAX1	FALSE	FALSE	HGNC:16915
HCFC2	FALSE	FALSE	HGNC:24972
HCN1	FALSE	FALSE	HGNC:4845
HDAC1	FALSE	FALSE	HGNC:4852
HDAC2	FALSE	FALSE	HGNC:4853
HDAC7	FALSE	FALSE	HGNC:14067
HDAC9	FALSE	FALSE	HGNC:14065
HEATR1	FALSE	FALSE	HGNC:25517
HECTD1	FALSE	FALSE	HGNC:20157
HECW1	FALSE	FALSE	HGNC:22195
HECW2	FALSE	FALSE	HGNC:29853
HELZ2	FALSE	FALSE	HGNC:30021
HEPACAM2	FALSE	FALSE	HGNC:27364
HERC1	FALSE	FALSE	HGNC:4867
HERC2	FALSE	FALSE	HGNC:4868
HES1	FALSE	FALSE	HGNC:5192
HEXA	FALSE	FALSE	HGNC:4878
HEY1	TRUE	FALSE	HGNC:4880
HGF	FALSE	FALSE	HGNC:4893
HHAT	FALSE	FALSE	HGNC:18270
HHLA2	FALSE	FALSE	HGNC:4905
HIF1A	TRUE	FALSE	HGNC:4910
HIKESHI	FALSE	FALSE	HGNC:26938
HINFP	FALSE	FALSE	HGNC:17850
HIP1	TRUE	FALSE	HGNC:4913
HIPK2	FALSE	FALSE	HGNC:14402
HIVEP1	FALSE	FALSE	HGNC:4920
HK3	FALSE	FALSE	HGNC:4925
HLA-A	FALSE	FALSE	HGNC:4931
HLA-B	FALSE	FALSE	HGNC:4932
HLA-DQA1	FALSE	FALSE	HGNC:4942
HLA-DRB1	FALSE	FALSE	HGNC:4948
HLA-DRB5	FALSE	FALSE	HGNC:4953
HLA-F	FALSE	FALSE	HGNC:4963
HLF	TRUE	FALSE	HGNC:4977
HLTF	FALSE	FALSE	HGNC:11099
HM13	FALSE	FALSE	HGNC:16435
HMCN1	FALSE	FALSE	HGNC:19194
HMGA1	TRUE	FALSE	HGNC:5010
HMGA2	TRUE	FALSE	HGNC:5009
HMGB1	FALSE	FALSE	HGNC:4983
HNF1A	FALSE	TRUE	HGNC:11621
HNF1B	FALSE	FALSE	HGNC:11630
HNF4A	FALSE	FALSE	HGNC:5024
HNRNPA2B1	TRUE	FALSE	HGNC:5033
HNRNPA3	FALSE	FALSE	HGNC:24941
HNRNPC	FALSE	FALSE	HGNC:5035
HNRNPCL1	FALSE	FALSE	HGNC:29295
HNRNPD	FALSE	FALSE	HGNC:5036
HNRNPDL	FALSE	FALSE	HGNC:5037
HNRNPH3	FALSE	FALSE	HGNC:5043
HNRNPK	FALSE	FALSE	HGNC:5044
HNRNPL	FALSE	FALSE	HGNC:5045
HNRNPU	FALSE	FALSE	HGNC:5048
HORMAD1	FALSE	FALSE	HGNC:25245
HOXA10	FALSE	FALSE	HGNC:5100
HOXA11	TRUE	TRUE	HGNC:5101
HOXA13	TRUE	FALSE	HGNC:5102
HOXA7	FALSE	FALSE	HGNC:5108
HOXA9	TRUE	TRUE	HGNC:5109
HOXC11	TRUE	FALSE	HGNC:5123
HOXC13	TRUE	FALSE	HGNC:5125
HOXC6	FALSE	FALSE	HGNC:5128
HOXD11	TRUE	FALSE	HGNC:5134
HOXD13	TRUE	FALSE	HGNC:5136
HPD	FALSE	FALSE	HGNC:5147
HPSE2	FALSE	FALSE	HGNC:18374
HRAS	TRUE	FALSE	HGNC:5173
HRH4	FALSE	FALSE	HGNC:17383
HRNR	FALSE	FALSE	HGNC:20846
HS1BP3	FALSE	FALSE	HGNC:24979
HS2ST1	FALSE	FALSE	HGNC:5193
HSBP1	FALSE	FALSE	HGNC:5203
HSF1	FALSE	FALSE	HGNC:5224
HSP90AB1	FALSE	FALSE	HGNC:5258
HSPA1L	FALSE	FALSE	HGNC:5234
HSPA4	FALSE	FALSE	HGNC:5237
HSPG2	FALSE	FALSE	HGNC:5273
HTR1E	FALSE	FALSE	HGNC:5291
HTR3C	FALSE	FALSE	HGNC:24003
HTR7	FALSE	FALSE	HGNC:5302
HTRA1	FALSE	FALSE	HGNC:9476
HUWE1	FALSE	FALSE	HGNC:30892
HVCN1	FALSE	FALSE	HGNC:28240
HYDIN	FALSE	FALSE	HGNC:19368
ICAM3	FALSE	FALSE	HGNC:5346
ICAM4	FALSE	FALSE	HGNC:5347
ID3	FALSE	TRUE	HGNC:5362
IDH1	TRUE	FALSE	HGNC:5382
IDH2	TRUE	FALSE	HGNC:5383
IFI27	FALSE	FALSE	HGNC:5397
IFI44L	FALSE	FALSE	HGNC:17817
IFIT3	FALSE	FALSE	HGNC:5411
IFITM2	FALSE	FALSE	HGNC:5413
IFITM3	FALSE	FALSE	HGNC:5414
IFT140	FALSE	FALSE	HGNC:29077
IGDCC4	FALSE	FALSE	HGNC:13770
IGF1R	FALSE	FALSE	HGNC:5465
IGF2	FALSE	FALSE	HGNC:5466
IGF2BP2	FALSE	TRUE	HGNC:28867
IGF2BP3	FALSE	FALSE	HGNC:28868
IGF2R	FALSE	FALSE	HGNC:5467
IGFN1	FALSE	FALSE	HGNC:24607
IGLL5	FALSE	FALSE	HGNC:38476
IGSF10	FALSE	FALSE	HGNC:26384
IKBKB	TRUE	FALSE	HGNC:5960
IKZF1	FALSE	TRUE	HGNC:13176
IKZF2	FALSE	FALSE	HGNC:13177
IKZF3	FALSE	FALSE	HGNC:13178
IL13RA1	FALSE	FALSE	HGNC:5974
IL18RAP	FALSE	FALSE	HGNC:5989
IL1A	FALSE	FALSE	HGNC:5991
IL1B	FALSE	FALSE	HGNC:5992
IL1RL1	FALSE	FALSE	HGNC:5998
IL22	FALSE	FALSE	HGNC:14900
IL2RG	FALSE	FALSE	HGNC:6010
IL36A	FALSE	FALSE	HGNC:15562
IL4R	FALSE	FALSE	HGNC:6015
IL6ST	TRUE	FALSE	HGNC:6021
IL7R	TRUE	FALSE	HGNC:6024
IMMP2L	FALSE	FALSE	HGNC:14598
IMP4	FALSE	FALSE	HGNC:30856
IMPG2	FALSE	FALSE	HGNC:18362
ING1	FALSE	FALSE	HGNC:6062
INHBA	FALSE	FALSE	HGNC:6066
INO80	FALSE	FALSE	HGNC:26956
INPP4A	FALSE	FALSE	HGNC:6074
INPP4B	FALSE	FALSE	HGNC:6075
INPP5J	FALSE	FALSE	HGNC:8956
INPPL1	FALSE	FALSE	HGNC:6080
INSR	FALSE	FALSE	HGNC:6091
INSYN2B	FALSE	FALSE	HGNC:37271
INTS12	FALSE	FALSE	HGNC:25067
INTS4	FALSE	FALSE	HGNC:25048
INTS6L	FALSE	FALSE	HGNC:27334
INTS7	FALSE	FALSE	HGNC:24484
IPO4	FALSE	FALSE	HGNC:19426
IPO5	FALSE	FALSE	HGNC:6402
IPO7	FALSE	FALSE	HGNC:9852
IQCB1	FALSE	FALSE	HGNC:28949
IQCG	FALSE	FALSE	HGNC:25251
IQGAP1	FALSE	FALSE	HGNC:6110
IQGAP2	FALSE	FALSE	HGNC:6111
IRAG1	FALSE	FALSE	HGNC:7237
IRAG2	FALSE	FALSE	HGNC:6690
IRAK4	FALSE	FALSE	HGNC:17967
IRF1	FALSE	FALSE	HGNC:6116
IRF2	FALSE	FALSE	HGNC:6117
IRF2BP2	FALSE	FALSE	HGNC:21729
IRF4	TRUE	TRUE	HGNC:6119
IRF5	FALSE	FALSE	HGNC:6120
IRF6	FALSE	FALSE	HGNC:6121
IRF7	FALSE	FALSE	HGNC:6122
IRF8	FALSE	FALSE	HGNC:5358
IRS1	FALSE	FALSE	HGNC:6125
IRS2	FALSE	FALSE	HGNC:6126
IRS4	TRUE	TRUE	HGNC:6128
IRX6	FALSE	FALSE	HGNC:14675
ISCA2	FALSE	FALSE	HGNC:19857
ISOC2	FALSE	FALSE	HGNC:26278
ISX	FALSE	FALSE	HGNC:28084
ITCH	FALSE	FALSE	HGNC:13890
ITGA4	FALSE	FALSE	HGNC:6140
ITGAE	FALSE	FALSE	HGNC:6147
ITGAV	FALSE	FALSE	HGNC:6150
ITGB7	FALSE	FALSE	HGNC:6162
ITIH1	FALSE	FALSE	HGNC:6166
ITK	FALSE	FALSE	HGNC:6171
ITLN1	FALSE	FALSE	HGNC:18259
ITPKB	FALSE	FALSE	HGNC:6179
ITPR3	FALSE	FALSE	HGNC:6182
ITPRID1	FALSE	FALSE	HGNC:27363
IWS1	FALSE	FALSE	HGNC:25467
JAG1	FALSE	FALSE	HGNC:6188
JAK1	TRUE	TRUE	HGNC:6190
JAK2	TRUE	FALSE	HGNC:6192
JAK3	TRUE	FALSE	HGNC:6193
JAKMIP2	FALSE	FALSE	HGNC:29067
JMJD1C	FALSE	FALSE	HGNC:12313
JUN	TRUE	FALSE	HGNC:6204
KALRN	FALSE	FALSE	HGNC:4814
KANSL1	FALSE	FALSE	HGNC:24565
KARS1	FALSE	FALSE	HGNC:6215
KASH5	FALSE	FALSE	HGNC:26520
KAT6A	TRUE	FALSE	HGNC:13013
KAT6B	FALSE	TRUE	HGNC:17582
KAT7	TRUE	FALSE	HGNC:17016
KATNB1	FALSE	FALSE	HGNC:6217
KBTBD11	FALSE	FALSE	HGNC:29104
KBTBD4	FALSE	FALSE	HGNC:23761
KBTBD8	FALSE	FALSE	HGNC:30691
KCNA4	FALSE	FALSE	HGNC:6222
KCNA6	FALSE	FALSE	HGNC:6225
KCNAB1	FALSE	FALSE	HGNC:6228
KCNB2	FALSE	FALSE	HGNC:6232
KCNH2	FALSE	FALSE	HGNC:6251
KCNH5	FALSE	FALSE	HGNC:6254
KCNJ5	TRUE	FALSE	HGNC:6266
KCNJ9	FALSE	FALSE	HGNC:6270
KCNK1	FALSE	FALSE	HGNC:6272
KCNK10	FALSE	FALSE	HGNC:6273
KCNN2	FALSE	FALSE	HGNC:6291
KCNN3	FALSE	FALSE	HGNC:6292
KCNQ3	FALSE	FALSE	HGNC:6297
KCNQ5	FALSE	FALSE	HGNC:6299
KCNT2	FALSE	FALSE	HGNC:18866
KCNU1	FALSE	FALSE	HGNC:18867
KCTD2	FALSE	FALSE	HGNC:21294
KCTD7	FALSE	FALSE	HGNC:21957
KCTD8	FALSE	FALSE	HGNC:22394
KDELR1	FALSE	FALSE	HGNC:6304
KDM1A	FALSE	FALSE	HGNC:29079
KDM1B	FALSE	FALSE	HGNC:21577
KDM2A	FALSE	FALSE	HGNC:13606
KDM2B	FALSE	FALSE	HGNC:13610
KDM5A	TRUE	FALSE	HGNC:9886
KDM5C	FALSE	TRUE	HGNC:11114
KDM6A	TRUE	TRUE	HGNC:12637
KDR	TRUE	FALSE	HGNC:6307
KEAP1	FALSE	TRUE	HGNC:23177
KEL	FALSE	FALSE	HGNC:6308
KHDC3L	FALSE	FALSE	HGNC:33699
KHDRBS2	FALSE	FALSE	HGNC:18114
KHSRP	FALSE	FALSE	HGNC:6316
KIF13A	FALSE	FALSE	HGNC:14566
KIF16B	FALSE	FALSE	HGNC:15869
KIF1A	FALSE	FALSE	HGNC:888
KIF1B	FALSE	FALSE	HGNC:16636
KIF21A	FALSE	FALSE	HGNC:19349
KIF21B	FALSE	FALSE	HGNC:29442
KIF27	FALSE	FALSE	HGNC:18632
KIF2B	FALSE	FALSE	HGNC:29443
KIFC3	FALSE	FALSE	HGNC:6326
KIN	FALSE	FALSE	HGNC:6327
KIR3DL1	FALSE	FALSE	HGNC:6338
KIT	TRUE	FALSE	HGNC:6342
KLF2	FALSE	FALSE	HGNC:6347
KLF4	TRUE	TRUE	HGNC:6348
KLF5	FALSE	FALSE	HGNC:6349
KLF6	FALSE	TRUE	HGNC:2235
KLHDC4	FALSE	FALSE	HGNC:25272
KLHL10	FALSE	FALSE	HGNC:18829
KLHL11	FALSE	FALSE	HGNC:19008
KLHL17	FALSE	FALSE	HGNC:24023
KLHL5	FALSE	FALSE	HGNC:6356
KLHL6	FALSE	FALSE	HGNC:18653
KLHL8	FALSE	FALSE	HGNC:18644
KLK1	FALSE	FALSE	HGNC:6357
KLK3	FALSE	FALSE	HGNC:6364
KLK6	FALSE	FALSE	HGNC:6367
KLK7	FALSE	FALSE	HGNC:6368
KMO	FALSE	FALSE	HGNC:6381
KMT2A	TRUE	FALSE	HGNC:7132
KMT2B	FALSE	FALSE	HGNC:15840
KMT2C	FALSE	TRUE	HGNC:13726
KMT2D	TRUE	TRUE	HGNC:7133
KMT2E	FALSE	FALSE	HGNC:18541
KNDC1	FALSE	FALSE	HGNC:29374
KNL1	FALSE	TRUE	HGNC:24054
KNSTRN	TRUE	FALSE	HGNC:30767
KPNB1	FALSE	FALSE	HGNC:6400
KRAS	TRUE	FALSE	HGNC:6407
KRCC1	FALSE	FALSE	HGNC:28039
KREMEN1	FALSE	FALSE	HGNC:17550
KRT13	FALSE	FALSE	HGNC:6415
KRT15	FALSE	FALSE	HGNC:6421
KRT222	FALSE	FALSE	HGNC:28695
KRT84	FALSE	FALSE	HGNC:6461
KRTAP12-1	FALSE	FALSE	HGNC:20529
KRTAP13-3	FALSE	FALSE	HGNC:18925
KRTAP20-2	FALSE	FALSE	HGNC:18944
KRTAP4-3	FALSE	FALSE	HGNC:18908
KRTAP4-5	FALSE	FALSE	HGNC:18899
KRTAP5-11	FALSE	FALSE	HGNC:23606
KRTAP5-5	FALSE	FALSE	HGNC:23601
KTN1	FALSE	FALSE	HGNC:6467
LAMA2	FALSE	FALSE	HGNC:6482
LAMA3	FALSE	FALSE	HGNC:6483
LAMA4	FALSE	FALSE	HGNC:6484
LAMB1	FALSE	FALSE	HGNC:6486
LAMC1	FALSE	FALSE	HGNC:6492
LAPTM4A	FALSE	FALSE	HGNC:6924
LAPTM4B	FALSE	FALSE	HGNC:13646
LARP1	FALSE	FALSE	HGNC:29531
LARP4B	FALSE	TRUE	HGNC:28987
LARP7	FALSE	FALSE	HGNC:24912
LATS1	FALSE	TRUE	HGNC:6514
LATS2	FALSE	TRUE	HGNC:6515
LBP	FALSE	FALSE	HGNC:6517
LCE1D	FALSE	FALSE	HGNC:29465
LCE4A	FALSE	FALSE	HGNC:16613
LCK	TRUE	FALSE	HGNC:6524
LCTL	FALSE	FALSE	HGNC:15583
LDB1	FALSE	FALSE	HGNC:6532
LDHAL6A	FALSE	FALSE	HGNC:28335
LDLRAD1	FALSE	FALSE	HGNC:32069
LEF1	TRUE	TRUE	HGNC:6551
LEMD2	FALSE	FALSE	HGNC:21244
LEMD3	FALSE	FALSE	HGNC:28887
LEPR	FALSE	FALSE	HGNC:6554
LEPROTL1	FALSE	TRUE	HGNC:6555
LETM1	FALSE	FALSE	HGNC:6556
LFNG	FALSE	FALSE	HGNC:6560
LGALS1	FALSE	FALSE	HGNC:6561
LGSN	FALSE	FALSE	HGNC:21016
LIFR	FALSE	FALSE	HGNC:6597
LILRB1	FALSE	FALSE	HGNC:6605
LILRB2	FALSE	FALSE	HGNC:6606
LIMCH1	FALSE	FALSE	HGNC:29191
LIMD2	FALSE	FALSE	HGNC:28142
LIMK1	FALSE	FALSE	HGNC:6613
LIN7A	FALSE	FALSE	HGNC:17787
LLGL1	FALSE	FALSE	HGNC:6628
LLGL2	FALSE	FALSE	HGNC:6629
LMCD1	FALSE	FALSE	HGNC:6633
LMNTD2	FALSE	FALSE	HGNC:28561
LMO1	TRUE	FALSE	HGNC:6641
LMO2	TRUE	FALSE	HGNC:6642
LMX1A	FALSE	FALSE	HGNC:6653
LONRF1	FALSE	FALSE	HGNC:26302
LONRF3	FALSE	FALSE	HGNC:21152
LOXHD1	FALSE	FALSE	HGNC:26521
LPAR1	FALSE	FALSE	HGNC:3166
LPAR3	FALSE	FALSE	HGNC:14298
LPAR4	FALSE	FALSE	HGNC:4478
LPP	TRUE	FALSE	HGNC:6679
LRFN2	FALSE	FALSE	HGNC:21226
LRFN5	FALSE	FALSE	HGNC:20360
LRIG1	FALSE	FALSE	HGNC:17360
LRIG2	FALSE	FALSE	HGNC:20889
LRIG3	FALSE	TRUE	HGNC:30991
LRP1	FALSE	FALSE	HGNC:6692
LRP1B	FALSE	TRUE	HGNC:6693
LRRC17	FALSE	FALSE	HGNC:16895
LRRC18	FALSE	FALSE	HGNC:23199
LRRC32	FALSE	FALSE	HGNC:4161
LRRC37A3	FALSE	FALSE	HGNC:32427
LRRC45	FALSE	FALSE	HGNC:28302
LRRC47	FALSE	FALSE	HGNC:29207
LRRC4C	FALSE	FALSE	HGNC:29317
LRRC55	FALSE	FALSE	HGNC:32324
LRRC66	FALSE	FALSE	HGNC:34299
LRRC7	FALSE	FALSE	HGNC:18531
LRRC75B	FALSE	FALSE	HGNC:33155
LRRIQ1	FALSE	FALSE	HGNC:25708
LRRIQ3	FALSE	FALSE	HGNC:28318
LRRK1	FALSE	FALSE	HGNC:18608
LRRK2	FALSE	FALSE	HGNC:18618
LRRN3	FALSE	FALSE	HGNC:17200
LRRTM1	FALSE	FALSE	HGNC:19408
LRRTM4	FALSE	FALSE	HGNC:19411
LRTM1	FALSE	FALSE	HGNC:25023
LRWD1	FALSE	FALSE	HGNC:21769
LSAMP	FALSE	FALSE	HGNC:6705
LTA4H	FALSE	FALSE	HGNC:6710
LTB	FALSE	FALSE	HGNC:6711
LTBP2	FALSE	FALSE	HGNC:6715
LTBP4	FALSE	FALSE	HGNC:6717
LTK	FALSE	FALSE	HGNC:6721
LUC7L	FALSE	FALSE	HGNC:6723
LUC7L2	FALSE	FALSE	HGNC:21608
LUM	FALSE	FALSE	HGNC:6724
LUZP1	FALSE	FALSE	HGNC:14985
LUZP2	FALSE	FALSE	HGNC:23206
LY6K	FALSE	FALSE	HGNC:24225
LYL1	TRUE	FALSE	HGNC:6734
LYN	FALSE	FALSE	HGNC:6735
LYPD8	FALSE	FALSE	HGNC:44208
LYPLA1	FALSE	FALSE	HGNC:6737
LYRM9	FALSE	FALSE	HGNC:27314
LZTR1	FALSE	TRUE	HGNC:6742
MACC1	TRUE	FALSE	HGNC:30215
MACF1	FALSE	FALSE	HGNC:13664
MACROD2	FALSE	FALSE	HGNC:16126
MAF	TRUE	FALSE	HGNC:6776
MAFA	FALSE	FALSE	HGNC:23145
MAFB	TRUE	FALSE	HGNC:6408
MAGEA1	FALSE	FALSE	HGNC:6796
MAGEA6	FALSE	FALSE	HGNC:6804
MAGEC1	FALSE	FALSE	HGNC:6812
MAGEC2	FALSE	FALSE	HGNC:13574
MAGEC3	FALSE	FALSE	HGNC:23798
MAGED1	FALSE	FALSE	HGNC:6813
MAGI2	FALSE	FALSE	HGNC:18957
MALRD1	FALSE	FALSE	HGNC:24331
MALSU1	FALSE	FALSE	HGNC:21721
MALT1	TRUE	FALSE	HGNC:6819
MAML1	FALSE	FALSE	HGNC:13632
MAML2	TRUE	FALSE	HGNC:16259
MAML3	FALSE	FALSE	HGNC:16272
MAMLD1	FALSE	FALSE	HGNC:2568
MAMSTR	FALSE	FALSE	HGNC:26689
MAN1A2	FALSE	FALSE	HGNC:6822
MAN2A1	FALSE	FALSE	HGNC:6824
MAP1S	FALSE	FALSE	HGNC:15715
MAP2K1	TRUE	FALSE	HGNC:6840
MAP2K2	TRUE	FALSE	HGNC:6842
MAP2K3	FALSE	FALSE	HGNC:6843
MAP2K4	TRUE	TRUE	HGNC:6844
MAP2K7	FALSE	FALSE	HGNC:6847
MAP3K1	TRUE	TRUE	HGNC:6848
MAP3K12	FALSE	FALSE	HGNC:6851
MAP3K13	TRUE	TRUE	HGNC:6852
MAP3K19	FALSE	FALSE	HGNC:26249
MAP3K21	FALSE	FALSE	HGNC:29798
MAP3K4	FALSE	FALSE	HGNC:6856
MAP3K5	FALSE	FALSE	HGNC:6857
MAP3K6	FALSE	FALSE	HGNC:6858
MAP3K9	FALSE	FALSE	HGNC:6861
MAP4K3	FALSE	FALSE	HGNC:6865
MAP7	FALSE	FALSE	HGNC:6869
MAPK1	TRUE	FALSE	HGNC:6871
MAPK4	FALSE	FALSE	HGNC:6878
MAPK7	FALSE	FALSE	HGNC:6880
MAPK8IP1	FALSE	FALSE	HGNC:6882
MAPKAPK5	FALSE	FALSE	HGNC:6889
MAPRE3	FALSE	FALSE	HGNC:6892
MARCHF11	FALSE	FALSE	HGNC:33609
MARK2	FALSE	FALSE	HGNC:3332
MARK3	FALSE	FALSE	HGNC:6897
MAS1L	FALSE	FALSE	HGNC:13961
MAST1	FALSE	FALSE	HGNC:19034
MAST3	FALSE	FALSE	HGNC:19036
MAST4	FALSE	FALSE	HGNC:19037
MAX	FALSE	TRUE	HGNC:6913
MAZ	FALSE	FALSE	HGNC:6914
MB21D2	FALSE	FALSE	HGNC:30438
MBD1	FALSE	FALSE	HGNC:6916
MBD6	FALSE	FALSE	HGNC:20445
MBNL2	FALSE	FALSE	HGNC:16746
MBOAT2	FALSE	FALSE	HGNC:25193
MC1R	FALSE	FALSE	HGNC:6929
MCHR1	FALSE	FALSE	HGNC:4479
MCHR2	FALSE	FALSE	HGNC:20867
MCL1	FALSE	FALSE	HGNC:6943
MCM5	FALSE	FALSE	HGNC:6948
MCM7	FALSE	FALSE	HGNC:6950
MCMBP	FALSE	FALSE	HGNC:25782
MCRS1	FALSE	FALSE	HGNC:6960
MDC1	FALSE	FALSE	HGNC:21163
MDFIC	FALSE	FALSE	HGNC:28870
MDM2	TRUE	FALSE	HGNC:6973
MDM4	TRUE	FALSE	HGNC:6974
MECOM	TRUE	FALSE	HGNC:3498
MED1	FALSE	FALSE	HGNC:9234
MED12	TRUE	TRUE	HGNC:11957
MED12L	FALSE	FALSE	HGNC:16050
MED13	FALSE	FALSE	HGNC:22474
MED16	FALSE	FALSE	HGNC:17556
MED23	FALSE	FALSE	HGNC:2372
MED31	FALSE	FALSE	HGNC:24260
MEF2B	FALSE	FALSE	HGNC:6995
MEF2C	FALSE	FALSE	HGNC:6996
MEF2D	FALSE	FALSE	HGNC:6997
MEN1	FALSE	TRUE	HGNC:7010
MEP1A	FALSE	FALSE	HGNC:7015
MET	TRUE	FALSE	HGNC:7029
METTL14	FALSE	FALSE	HGNC:29330
METTL23	FALSE	FALSE	HGNC:26988
METTL26	FALSE	FALSE	HGNC:14141
METTL3	FALSE	FALSE	HGNC:17563
METTL7A	FALSE	FALSE	HGNC:24550
MFHAS1	FALSE	FALSE	HGNC:16982
MFSD10	FALSE	FALSE	HGNC:16894
MGA	FALSE	FALSE	HGNC:14010
MGAM	FALSE	FALSE	HGNC:7043
MGAT3	FALSE	FALSE	HGNC:7046
MGAT5B	FALSE	FALSE	HGNC:24140
MGMT	FALSE	TRUE	HGNC:7059
MICALCL	FALSE	FALSE	HGNC:24693
MIER3	FALSE	FALSE	HGNC:26678
MINAR1	FALSE	FALSE	HGNC:29172
MIOS	FALSE	FALSE	HGNC:21905
MITF	TRUE	FALSE	HGNC:7105
MKI67	FALSE	FALSE	HGNC:7107
MKNK1	FALSE	FALSE	HGNC:7110
MKRN1	FALSE	FALSE	HGNC:7112
MKRN3	FALSE	FALSE	HGNC:7114
MLF1	FALSE	TRUE	HGNC:7125
MLH1	FALSE	TRUE	HGNC:7127
MLH3	FALSE	FALSE	HGNC:7128
MLLT1	FALSE	FALSE	HGNC:7134
MLLT10	TRUE	FALSE	HGNC:16063
MLLT3	FALSE	FALSE	HGNC:7136
MLXIPL	FALSE	FALSE	HGNC:12744
MMAB	FALSE	FALSE	HGNC:19331
MMACHC	FALSE	FALSE	HGNC:24525
MME	FALSE	FALSE	HGNC:7154
MMEL1	FALSE	FALSE	HGNC:14668
MMP13	FALSE	FALSE	HGNC:7159
MMP24	FALSE	FALSE	HGNC:7172
MMS22L	FALSE	FALSE	HGNC:21475
MN1	TRUE	FALSE	HGNC:7180
MNAT1	FALSE	FALSE	HGNC:7181
MOB1B	FALSE	FALSE	HGNC:29801
MOCS3	FALSE	FALSE	HGNC:15765
MOG	FALSE	FALSE	HGNC:7197
MORC4	FALSE	FALSE	HGNC:23485
MORN1	FALSE	FALSE	HGNC:25852
MOS	FALSE	FALSE	HGNC:7199
MOV10	FALSE	FALSE	HGNC:7200
MPEG1	FALSE	FALSE	HGNC:29619
MPL	TRUE	FALSE	HGNC:7217
MPO	FALSE	FALSE	HGNC:7218
MPPED2	FALSE	FALSE	HGNC:1180
MRAS	FALSE	FALSE	HGNC:7227
MROH1	FALSE	FALSE	HGNC:26958
MROH2A	FALSE	FALSE	HGNC:27936
MRPL12	FALSE	FALSE	HGNC:10378
MRPL18	FALSE	FALSE	HGNC:14477
MRPL20	FALSE	FALSE	HGNC:14478
MRPL21	FALSE	FALSE	HGNC:14479
MRPL36	FALSE	FALSE	HGNC:14490
MRPS14	FALSE	FALSE	HGNC:14049
MRPS21	FALSE	FALSE	HGNC:14046
MRPS31	FALSE	FALSE	HGNC:16632
MRPS33	FALSE	FALSE	HGNC:16634
MRTFA	TRUE	TRUE	HGNC:14334
MS4A6E	FALSE	FALSE	HGNC:14285
MSH2	FALSE	TRUE	HGNC:7325
MSH3	FALSE	FALSE	HGNC:7326
MSH5	FALSE	FALSE	HGNC:7328
MSH6	FALSE	TRUE	HGNC:7329
MSI2	TRUE	FALSE	HGNC:18585
MSN	FALSE	FALSE	HGNC:7373
MSR1	FALSE	FALSE	HGNC:7376
MST1	FALSE	FALSE	HGNC:7380
MST1R	FALSE	FALSE	HGNC:7381
MSX2	FALSE	FALSE	HGNC:7392
MT1H	FALSE	FALSE	HGNC:7400
MTCP1	TRUE	FALSE	HGNC:7423
MTERF3	FALSE	FALSE	HGNC:24258
MTFR1L	FALSE	FALSE	HGNC:28836
MTG2	FALSE	FALSE	HGNC:16239
MTHFD2	FALSE	FALSE	HGNC:7434
MTHFR	FALSE	FALSE	HGNC:7436
MTMR8	FALSE	FALSE	HGNC:16825
MTOR	TRUE	FALSE	HGNC:3942
MTREX	FALSE	FALSE	HGNC:18734
MTRF1	FALSE	FALSE	HGNC:7469
MTUS2	FALSE	FALSE	HGNC:20595
MUC12	FALSE	FALSE	HGNC:7510
MUC16	FALSE	FALSE	HGNC:15582
MUC17	FALSE	FALSE	HGNC:16800
MUC2	FALSE	FALSE	HGNC:7512
MUC3A	FALSE	FALSE	HGNC:7513
MUC4	FALSE	FALSE	HGNC:7514
MUC6	FALSE	FALSE	HGNC:7517
MUSK	FALSE	FALSE	HGNC:7525
MUTYH	FALSE	TRUE	HGNC:7527
MXRA5	FALSE	FALSE	HGNC:7539
MYB	TRUE	FALSE	HGNC:7545
MYBL1	FALSE	FALSE	HGNC:7547
MYBL2	FALSE	FALSE	HGNC:7548
MYC	TRUE	FALSE	HGNC:7553
MYCBP2	FALSE	FALSE	HGNC:23386
MYCL	TRUE	FALSE	HGNC:7555
MYCN	TRUE	FALSE	HGNC:7559
MYD88	TRUE	FALSE	HGNC:7562
MYH2	FALSE	FALSE	HGNC:7572
MYH4	FALSE	FALSE	HGNC:7574
MYH7	FALSE	FALSE	HGNC:7577
MYH9	FALSE	TRUE	HGNC:7579
MYL12A	FALSE	FALSE	HGNC:16701
MYLK	FALSE	FALSE	HGNC:7590
MYO18B	FALSE	FALSE	HGNC:18150
MYO1B	FALSE	FALSE	HGNC:7596
MYO1G	FALSE	FALSE	HGNC:13880
MYO1H	FALSE	FALSE	HGNC:13879
MYO5B	FALSE	FALSE	HGNC:7603
MYO9A	FALSE	FALSE	HGNC:7608
MYOCD	FALSE	FALSE	HGNC:16067
MYOD1	TRUE	FALSE	HGNC:7611
MYOM2	FALSE	FALSE	HGNC:7614
MYOM3	FALSE	FALSE	HGNC:26679
MYOZ3	FALSE	FALSE	HGNC:18565
MYT1	FALSE	FALSE	HGNC:7622
MYT1L	FALSE	FALSE	HGNC:7623
N4BP1	FALSE	FALSE	HGNC:29850
N4BP2	FALSE	TRUE	HGNC:29851
NAB2	FALSE	TRUE	HGNC:7627
NABP1	FALSE	FALSE	HGNC:26232
NADK	FALSE	FALSE	HGNC:29831
NALCN	FALSE	FALSE	HGNC:19082
NAMPT	FALSE	FALSE	HGNC:30092
NANOS1	FALSE	FALSE	HGNC:23044
NANP	FALSE	FALSE	HGNC:16140
NAP1L1	FALSE	FALSE	HGNC:7637
NAP1L2	FALSE	FALSE	HGNC:7638
NAT10	FALSE	FALSE	HGNC:29830
NAT8L	FALSE	FALSE	HGNC:26742
NAV1	FALSE	FALSE	HGNC:15989
NAV3	FALSE	FALSE	HGNC:15998
NBEA	FALSE	FALSE	HGNC:7648
NBL1	FALSE	FALSE	HGNC:7650
NBN	FALSE	TRUE	HGNC:7652
NBPF1	FALSE	FALSE	HGNC:26088
NBPF8	FALSE	FALSE	HGNC:31990
NCAM2	FALSE	FALSE	HGNC:7657
NCAPD2	FALSE	FALSE	HGNC:24305
NCAPD3	FALSE	FALSE	HGNC:28952
NCAPG	FALSE	FALSE	HGNC:24304
NCAPG2	FALSE	FALSE	HGNC:21904
NCAPH2	FALSE	FALSE	HGNC:25071
NCBP1	FALSE	FALSE	HGNC:7658
NCF2	FALSE	FALSE	HGNC:7661
NCOA2	TRUE	FALSE	HGNC:7669
NCOA3	FALSE	FALSE	HGNC:7670
NCOA4	FALSE	TRUE	HGNC:7671
NCOR1	FALSE	TRUE	HGNC:7672
NCOR2	FALSE	TRUE	HGNC:7673
NCSTN	FALSE	FALSE	HGNC:17091
NDC80	FALSE	FALSE	HGNC:16909
NDEL1	FALSE	FALSE	HGNC:17620
NDRG1	FALSE	TRUE	HGNC:7679
NDST4	FALSE	FALSE	HGNC:20779
NDUFA5	FALSE	FALSE	HGNC:7688
NDUFAF8	FALSE	FALSE	HGNC:33551
NDUFB2	FALSE	FALSE	HGNC:7697
NDUFB9	FALSE	FALSE	HGNC:7704
NDUFS7	FALSE	FALSE	HGNC:7714
NDUFV2	FALSE	FALSE	HGNC:7717
NEB	FALSE	FALSE	HGNC:7720
NEBL	FALSE	FALSE	HGNC:16932
NEDD4	FALSE	FALSE	HGNC:7727
NEFH	FALSE	FALSE	HGNC:7737
NEK2	FALSE	FALSE	HGNC:7745
NELFE	FALSE	FALSE	HGNC:13974
NES	FALSE	FALSE	HGNC:7756
NETO2	FALSE	FALSE	HGNC:14644
NEURL4	FALSE	FALSE	HGNC:34410
NEUROG2	FALSE	FALSE	HGNC:13805
NF1	FALSE	TRUE	HGNC:7765
NF2	FALSE	TRUE	HGNC:7773
NFAT5	FALSE	FALSE	HGNC:7774
NFATC2	TRUE	FALSE	HGNC:7776
NFATC4	FALSE	FALSE	HGNC:7778
NFE2L2	TRUE	TRUE	HGNC:7782
NFE2L3	FALSE	FALSE	HGNC:7783
NFKB2	TRUE	TRUE	HGNC:7795
NFKBIA	FALSE	FALSE	HGNC:7797
NFKBIE	FALSE	TRUE	HGNC:7799
NFKBIZ	FALSE	FALSE	HGNC:29805
NGEF	FALSE	FALSE	HGNC:7807
NID1	FALSE	FALSE	HGNC:7821
NIN	FALSE	FALSE	HGNC:14906
NIPA2	FALSE	FALSE	HGNC:17044
NIPBL	FALSE	FALSE	HGNC:28862
NKTR	FALSE	FALSE	HGNC:7833
NKX2-1	TRUE	TRUE	HGNC:11825
NKX3-1	FALSE	FALSE	HGNC:7838
NLN	FALSE	FALSE	HGNC:16058
NLRC5	FALSE	FALSE	HGNC:29933
NLRP1	FALSE	FALSE	HGNC:14374
NLRP3	FALSE	FALSE	HGNC:16400
NLRP5	FALSE	FALSE	HGNC:21269
NMBR	FALSE	FALSE	HGNC:7843
NME8	FALSE	FALSE	HGNC:16473
NMRK2	FALSE	FALSE	HGNC:17871
NMUR2	FALSE	FALSE	HGNC:16454
NOC2L	FALSE	FALSE	HGNC:24517
NOL9	FALSE	FALSE	HGNC:26265
NOP53	FALSE	FALSE	HGNC:4333
NOP58	FALSE	FALSE	HGNC:29926
NOS1	FALSE	FALSE	HGNC:7872
NOTCH1	TRUE	TRUE	HGNC:7881
NOTCH2	TRUE	TRUE	HGNC:7882
NOTCH3	FALSE	FALSE	HGNC:7883
NOTCH4	FALSE	FALSE	HGNC:7884
NOVA1	FALSE	FALSE	HGNC:7886
NOX4	FALSE	FALSE	HGNC:7891
NOXA1	FALSE	FALSE	HGNC:10668
NPAP1	FALSE	FALSE	HGNC:1190
NPAS3	FALSE	FALSE	HGNC:19311
NPM1	TRUE	TRUE	HGNC:7910
NPNT	FALSE	FALSE	HGNC:27405
NPR3	FALSE	FALSE	HGNC:7945
NR1D2	FALSE	FALSE	HGNC:7963
NR1H4	FALSE	FALSE	HGNC:7967
NR1I2	FALSE	FALSE	HGNC:7968
NR3C1	FALSE	FALSE	HGNC:7978
NR3C2	FALSE	FALSE	HGNC:7979
NR4A2	FALSE	FALSE	HGNC:7981
NR4A3	TRUE	FALSE	HGNC:7982
NR5A1	FALSE	FALSE	HGNC:7983
NRAS	TRUE	FALSE	HGNC:7989
NRG1	FALSE	TRUE	HGNC:7997
NRG2	FALSE	FALSE	HGNC:7998
NRG3	FALSE	FALSE	HGNC:7999
NRIP1	FALSE	FALSE	HGNC:8001
NRK	FALSE	FALSE	HGNC:25391
NRP1	FALSE	FALSE	HGNC:8004
NRXN2	FALSE	FALSE	HGNC:8009
NRXN3	FALSE	FALSE	HGNC:8010
NSD1	FALSE	FALSE	HGNC:14234
NSD2	TRUE	FALSE	HGNC:12766
NSD3	TRUE	FALSE	HGNC:12767
NSMAF	FALSE	FALSE	HGNC:8017
NSMCE2	FALSE	FALSE	HGNC:26513
NSRP1	FALSE	FALSE	HGNC:25305
NSUN6	FALSE	FALSE	HGNC:23529
NT5C2	TRUE	FALSE	HGNC:8022
NTHL1	FALSE	TRUE	HGNC:8028
NTN4	FALSE	FALSE	HGNC:13658
NTRK1	TRUE	TRUE	HGNC:8031
NTRK2	FALSE	FALSE	HGNC:8032
NTRK3	TRUE	FALSE	HGNC:8033
NUAK1	FALSE	FALSE	HGNC:14311
NUBP1	FALSE	FALSE	HGNC:8041
NUDT10	FALSE	FALSE	HGNC:17621
NUDT11	FALSE	FALSE	HGNC:18011
NUDT14	FALSE	FALSE	HGNC:20141
NUMA1	FALSE	FALSE	HGNC:8059
NUMB	FALSE	FALSE	HGNC:8060
NUP133	FALSE	FALSE	HGNC:18016
NUP210L	FALSE	FALSE	HGNC:29915
NUP214	FALSE	FALSE	HGNC:8064
NUP50	FALSE	FALSE	HGNC:8065
NUP54	FALSE	FALSE	HGNC:17359
NUP98	TRUE	FALSE	HGNC:8068
NUTM1	TRUE	FALSE	HGNC:29919
NXF1	FALSE	FALSE	HGNC:8071
OBI1	FALSE	FALSE	HGNC:20308
OBSCN	FALSE	FALSE	HGNC:15719
OCRL	FALSE	FALSE	HGNC:8108
ODAM	FALSE	FALSE	HGNC:26043
ODC1	FALSE	FALSE	HGNC:8109
ODF3L2	FALSE	FALSE	HGNC:26841
ODF4	FALSE	FALSE	HGNC:19056
OFD1	FALSE	FALSE	HGNC:2567
OLFM1	FALSE	FALSE	HGNC:17187
OLFM3	FALSE	FALSE	HGNC:17990
OLIG2	TRUE	FALSE	HGNC:9398
OMA1	FALSE	FALSE	HGNC:29661
ONECUT2	FALSE	FALSE	HGNC:8139
OOSP2	FALSE	FALSE	HGNC:26699
OPALIN	FALSE	FALSE	HGNC:20707
OPRD1	FALSE	FALSE	HGNC:8153
OPRK1	FALSE	FALSE	HGNC:8154
OR10A7	FALSE	FALSE	HGNC:15329
OR10G7	FALSE	FALSE	HGNC:14842
OR10H2	FALSE	FALSE	HGNC:8173
OR10R2	FALSE	FALSE	HGNC:14820
OR13C4	FALSE	FALSE	HGNC:14722
OR1J2	FALSE	FALSE	HGNC:8209
OR1L1	FALSE	FALSE	HGNC:8213
OR1M1	FALSE	FALSE	HGNC:8220
OR2A2	FALSE	FALSE	HGNC:8230
OR2A42	FALSE	FALSE	HGNC:31230
OR2D2	FALSE	FALSE	HGNC:8244
OR2F2	FALSE	FALSE	HGNC:8247
OR2L13	FALSE	FALSE	HGNC:19578
OR2M4	FALSE	FALSE	HGNC:8270
OR2T35	FALSE	FALSE	HGNC:31257
OR2W3	FALSE	FALSE	HGNC:15021
OR4C15	FALSE	FALSE	HGNC:15171
OR4C5	FALSE	FALSE	HGNC:14702
OR4K14	FALSE	FALSE	HGNC:15352
OR4K17	FALSE	FALSE	HGNC:15355
OR4L1	FALSE	FALSE	HGNC:15356
OR51F2	FALSE	FALSE	HGNC:15197
OR51I2	FALSE	FALSE	HGNC:15201
OR52E8	FALSE	FALSE	HGNC:15217
OR52I2	FALSE	FALSE	HGNC:15221
OR52N1	FALSE	FALSE	HGNC:14853
OR5B17	FALSE	FALSE	HGNC:15267
OR6A2	FALSE	FALSE	HGNC:15301
OR7G3	FALSE	FALSE	HGNC:8467
OR8K1	FALSE	FALSE	HGNC:14831
OR8K5	FALSE	FALSE	HGNC:15315
OR9G1	FALSE	FALSE	HGNC:15319
OR9K2	FALSE	FALSE	HGNC:15339
OS9	FALSE	FALSE	HGNC:16994
OSBP2	FALSE	FALSE	HGNC:8504
OSBPL8	FALSE	FALSE	HGNC:16396
OSMR	FALSE	FALSE	HGNC:8507
OSR2	FALSE	FALSE	HGNC:15830
OTOGL	FALSE	FALSE	HGNC:26901
OTOP1	FALSE	FALSE	HGNC:19656
OTUD7A	FALSE	FALSE	HGNC:20718
OVCH1	FALSE	FALSE	HGNC:23080
OXA1L	FALSE	FALSE	HGNC:8526
OXCT2	FALSE	FALSE	HGNC:18606
OXNAD1	FALSE	FALSE	HGNC:25128
P2RY8	TRUE	FALSE	HGNC:15524
P4HTM	FALSE	FALSE	HGNC:28858
PAAF1	FALSE	FALSE	HGNC:25687
PABPC1	TRUE	TRUE	HGNC:8554
PABPC1L	FALSE	FALSE	HGNC:15797
PABPC4	FALSE	FALSE	HGNC:8557
PABPC4L	FALSE	FALSE	HGNC:31955
PACS2	FALSE	FALSE	HGNC:23794
PACSIN1	FALSE	FALSE	HGNC:8570
PAG1	FALSE	FALSE	HGNC:30043
PAIP1	FALSE	FALSE	HGNC:16945
PAK3	FALSE	FALSE	HGNC:8592
PAK5	FALSE	FALSE	HGNC:15916
PALB2	FALSE	TRUE	HGNC:26144
PAN3	FALSE	FALSE	HGNC:29991
PAPLN	FALSE	FALSE	HGNC:19262
PAPOLB	FALSE	FALSE	HGNC:15970
PARD3	FALSE	FALSE	HGNC:16051
PARD6B	FALSE	FALSE	HGNC:16245
PARP2	FALSE	FALSE	HGNC:272
PARP4	FALSE	FALSE	HGNC:271
PARVG	FALSE	FALSE	HGNC:14654
PASD1	FALSE	FALSE	HGNC:20686
PASK	FALSE	FALSE	HGNC:17270
PATJ	FALSE	FALSE	HGNC:28881
PATZ1	FALSE	TRUE	HGNC:13071
PAX2	FALSE	FALSE	HGNC:8616
PAX3	TRUE	FALSE	HGNC:8617
PAX5	TRUE	TRUE	HGNC:8619
PAX6	FALSE	FALSE	HGNC:8620
PBRM1	FALSE	TRUE	HGNC:30064
PBX1	TRUE	FALSE	HGNC:8632
PCBP1	FALSE	FALSE	HGNC:8647
PCBP2	FALSE	FALSE	HGNC:8648
PCBP3	FALSE	FALSE	HGNC:8651
PCDH10	FALSE	FALSE	HGNC:13404
PCDH11X	FALSE	FALSE	HGNC:8656
PCDH15	FALSE	FALSE	HGNC:14674
PCDH17	FALSE	FALSE	HGNC:14267
PCDH18	FALSE	FALSE	HGNC:14268
PCDH9	FALSE	FALSE	HGNC:8661
PCDHA10	FALSE	FALSE	HGNC:8664
PCDHA11	FALSE	FALSE	HGNC:8665
PCDHA13	FALSE	FALSE	HGNC:8667
PCDHAC2	FALSE	FALSE	HGNC:8677
PCDHB1	FALSE	FALSE	HGNC:8680
PCDHB6	FALSE	FALSE	HGNC:8691
PCDHB8	FALSE	FALSE	HGNC:8693
PCDHGA8	FALSE	FALSE	HGNC:8706
PCDHGB1	FALSE	FALSE	HGNC:8708
PCDHGC5	FALSE	FALSE	HGNC:8718
PCED1B	FALSE	FALSE	HGNC:28255
PCF11	FALSE	FALSE	HGNC:30097
PCM1	FALSE	FALSE	HGNC:8727
PCMTD1	FALSE	FALSE	HGNC:30483
PCNX4	FALSE	FALSE	HGNC:20349
PCSK5	FALSE	FALSE	HGNC:8747
PCSK6	FALSE	FALSE	HGNC:8569
PDAP1	FALSE	FALSE	HGNC:14634
PDCD11	FALSE	FALSE	HGNC:13408
PDCD1LG2	TRUE	FALSE	HGNC:18731
PDCD2	FALSE	FALSE	HGNC:8762
PDCD2L	FALSE	FALSE	HGNC:28194
PDCD6	FALSE	FALSE	HGNC:8765
PDE4DIP	FALSE	FALSE	HGNC:15580
PDE6G	FALSE	FALSE	HGNC:8789
PDE7B	FALSE	FALSE	HGNC:8792
PDGFB	TRUE	FALSE	HGNC:8800
PDGFC	FALSE	FALSE	HGNC:8801
PDGFRA	TRUE	FALSE	HGNC:8803
PDGFRB	TRUE	FALSE	HGNC:8804
PDHB	FALSE	FALSE	HGNC:8808
PDIA4	FALSE	FALSE	HGNC:30167
PDK2	FALSE	FALSE	HGNC:8810
PDLIM5	FALSE	FALSE	HGNC:17468
PDP2	FALSE	FALSE	HGNC:30263
PDS5A	FALSE	FALSE	HGNC:29088
PDS5B	FALSE	FALSE	HGNC:20418
PDSS2	FALSE	FALSE	HGNC:23041
PDXDC1	FALSE	FALSE	HGNC:28995
PDYN	FALSE	FALSE	HGNC:8820
PDZD2	FALSE	FALSE	HGNC:18486
PDZRN3	FALSE	FALSE	HGNC:17704
PDZRN4	FALSE	FALSE	HGNC:30552
PEAR1	FALSE	FALSE	HGNC:33631
PEG3	FALSE	FALSE	HGNC:8826
PELI3	FALSE	FALSE	HGNC:30010
PER1	FALSE	TRUE	HGNC:8845
PER3	FALSE	FALSE	HGNC:8847
PERM1	FALSE	FALSE	HGNC:28208
PES1	FALSE	FALSE	HGNC:8848
PEX16	FALSE	FALSE	HGNC:8857
PEX2	FALSE	FALSE	HGNC:9717
PFAS	FALSE	FALSE	HGNC:8863
PFKP	FALSE	FALSE	HGNC:8878
PGAP2	FALSE	FALSE	HGNC:17893
PGR	FALSE	FALSE	HGNC:8910
PHAX	FALSE	FALSE	HGNC:10241
PHC2	FALSE	FALSE	HGNC:3183
PHF21A	FALSE	FALSE	HGNC:24156
PHF3	FALSE	FALSE	HGNC:8921
PHF5A	FALSE	FALSE	HGNC:18000
PHF6	FALSE	TRUE	HGNC:18145
PHGDH	FALSE	FALSE	HGNC:8923
PHIP	FALSE	FALSE	HGNC:15673
PHKA2	FALSE	FALSE	HGNC:8926
PHLDA1	FALSE	FALSE	HGNC:8933
PHLPP1	FALSE	FALSE	HGNC:20610
PHOX2B	FALSE	TRUE	HGNC:9143
PHYHD1	FALSE	FALSE	HGNC:23396
PI4KA	FALSE	FALSE	HGNC:8983
PICALM	FALSE	FALSE	HGNC:15514
PIEZO2	FALSE	FALSE	HGNC:26270
PIGC	FALSE	FALSE	HGNC:8960
PIGT	FALSE	FALSE	HGNC:14938
PIGY	FALSE	FALSE	HGNC:28213
PIK3AP1	FALSE	FALSE	HGNC:30034
PIK3C2A	FALSE	FALSE	HGNC:8971
PIK3C2B	FALSE	FALSE	HGNC:8972
PIK3C2G	FALSE	FALSE	HGNC:8973
PIK3C3	FALSE	FALSE	HGNC:8974
PIK3CA	TRUE	FALSE	HGNC:8975
PIK3CB	TRUE	FALSE	HGNC:8976
PIK3CD	FALSE	FALSE	HGNC:8977
PIK3CG	FALSE	FALSE	HGNC:8978
PIK3IP1	FALSE	FALSE	HGNC:24942
PIK3R1	FALSE	TRUE	HGNC:8979
PIK3R2	TRUE	FALSE	HGNC:8980
PIK3R3	FALSE	FALSE	HGNC:8981
PIK3R4	FALSE	FALSE	HGNC:8982
PIK3R5	FALSE	FALSE	HGNC:30035
PIK3R6	FALSE	FALSE	HGNC:27101
PIM1	TRUE	FALSE	HGNC:8986
PITPNM2	FALSE	FALSE	HGNC:21044
PIWIL2	FALSE	FALSE	HGNC:17644
PKD1L2	FALSE	FALSE	HGNC:21715
PKD2	FALSE	FALSE	HGNC:9009
PKHD1	FALSE	FALSE	HGNC:9016
PKHD1L1	FALSE	FALSE	HGNC:20313
PKP4	FALSE	FALSE	HGNC:9026
PLA1A	FALSE	FALSE	HGNC:17661
PLA2G4D	FALSE	FALSE	HGNC:30038
PLA2R1	FALSE	FALSE	HGNC:9042
PLAG1	TRUE	FALSE	HGNC:9045
PLB1	FALSE	FALSE	HGNC:30041
PLCB2	FALSE	FALSE	HGNC:9055
PLCB4	FALSE	FALSE	HGNC:9059
PLCD1	FALSE	FALSE	HGNC:9060
PLCE1	FALSE	FALSE	HGNC:17175
PLCG1	TRUE	FALSE	HGNC:9065
PLCG2	FALSE	FALSE	HGNC:9066
PLCH2	FALSE	FALSE	HGNC:29037
PLEC	FALSE	FALSE	HGNC:9069
PLEKHA8	FALSE	FALSE	HGNC:30037
PLEKHM3	FALSE	FALSE	HGNC:34006
PLEKHS1	FALSE	FALSE	HGNC:26285
PLK1	FALSE	FALSE	HGNC:9077
PLRG1	FALSE	FALSE	HGNC:9089
PLSCR2	FALSE	FALSE	HGNC:16494
PLSCR4	FALSE	FALSE	HGNC:16497
PLXDC1	FALSE	FALSE	HGNC:20945
PLXNA2	FALSE	FALSE	HGNC:9100
PLXNA3	FALSE	FALSE	HGNC:9101
PLXNB2	FALSE	FALSE	HGNC:9104
PLXND1	FALSE	FALSE	HGNC:9107
PM20D1	FALSE	FALSE	HGNC:26518
PML	FALSE	TRUE	HGNC:9113
PMPCA	FALSE	FALSE	HGNC:18667
PMS1	FALSE	FALSE	HGNC:9121
PMS2	FALSE	TRUE	HGNC:9122
PNKD	FALSE	FALSE	HGNC:9153
PNLIPRP3	FALSE	FALSE	HGNC:23492
PNN	FALSE	FALSE	HGNC:9162
PNPLA2	FALSE	FALSE	HGNC:30802
PNPLA7	FALSE	FALSE	HGNC:24768
PNPLA8	FALSE	FALSE	HGNC:28900
PNRC1	FALSE	FALSE	HGNC:17278
POC5	FALSE	FALSE	HGNC:26658
PODNL1	FALSE	FALSE	HGNC:26275
POF1B	FALSE	FALSE	HGNC:13711
POGLUT1	FALSE	FALSE	HGNC:22954
POLD1	FALSE	TRUE	HGNC:9175
POLDIP3	FALSE	FALSE	HGNC:23782
POLE	FALSE	TRUE	HGNC:9177
POLG	FALSE	TRUE	HGNC:9179
POLM	FALSE	FALSE	HGNC:9185
POLQ	TRUE	TRUE	HGNC:9186
POLR1G	FALSE	FALSE	HGNC:24219
POLR2D	FALSE	FALSE	HGNC:9191
POLR3E	FALSE	FALSE	HGNC:30347
POLRMT	FALSE	FALSE	HGNC:9200
PON1	FALSE	FALSE	HGNC:9204
PORCN	FALSE	FALSE	HGNC:17652
POT1	FALSE	TRUE	HGNC:17284
POTEC	FALSE	FALSE	HGNC:33894
POU2AF1	TRUE	FALSE	HGNC:9211
POU2F2	FALSE	FALSE	HGNC:9213
POU3F3	FALSE	FALSE	HGNC:9216
POU5F1	TRUE	FALSE	HGNC:9221
POU6F2	FALSE	FALSE	HGNC:21694
PPARD	FALSE	FALSE	HGNC:9235
PPARG	FALSE	TRUE	HGNC:9236
PPIAL4G	FALSE	FALSE	HGNC:33996
PPIG	FALSE	FALSE	HGNC:14650
PPIL1	FALSE	FALSE	HGNC:9260
PPIL4	FALSE	FALSE	HGNC:15702
PPM1D	TRUE	FALSE	HGNC:9277
PPM1F	FALSE	FALSE	HGNC:19388
PPM1J	FALSE	FALSE	HGNC:20785
PPM1L	FALSE	FALSE	HGNC:16381
PPP1R15A	FALSE	FALSE	HGNC:14375
PPP1R3A	FALSE	FALSE	HGNC:9291
PPP1R9A	FALSE	FALSE	HGNC:14946
PPP1R9B	FALSE	FALSE	HGNC:9298
PPP2R1A	TRUE	TRUE	HGNC:9302
PPP2R3A	FALSE	FALSE	HGNC:9307
PPP2R5A	FALSE	FALSE	HGNC:9309
PPP2R5C	FALSE	FALSE	HGNC:9311
PPP3CA	FALSE	FALSE	HGNC:9314
PPP4C	FALSE	FALSE	HGNC:9319
PPP6C	FALSE	TRUE	HGNC:9323
PPP6R2	FALSE	FALSE	HGNC:19253
PRAMEF4	FALSE	FALSE	HGNC:31971
PRB2	FALSE	FALSE	HGNC:9338
PRB4	FALSE	FALSE	HGNC:9340
PRDM1	FALSE	TRUE	HGNC:9346
PRDM16	TRUE	FALSE	HGNC:14000
PRDM2	FALSE	TRUE	HGNC:9347
PRDM9	FALSE	FALSE	HGNC:13994
PREX2	TRUE	FALSE	HGNC:22950
PRF1	FALSE	TRUE	HGNC:9360
PRG4	FALSE	FALSE	HGNC:9364
PRICKLE2	FALSE	FALSE	HGNC:20340
PRKAB2	FALSE	FALSE	HGNC:9379
PRKACA	TRUE	FALSE	HGNC:9380
PRKAG1	FALSE	FALSE	HGNC:9385
PRKAR1A	TRUE	TRUE	HGNC:9388
PRKAR2B	FALSE	FALSE	HGNC:9392
PRKCB	FALSE	FALSE	HGNC:9395
PRKCG	FALSE	FALSE	HGNC:9402
PRKCI	FALSE	FALSE	HGNC:9404
PRKCQ	FALSE	FALSE	HGNC:9410
PRKCZ	FALSE	FALSE	HGNC:9412
PRKD1	FALSE	FALSE	HGNC:9407
PRKD2	FALSE	FALSE	HGNC:17293
PRKDC	FALSE	FALSE	HGNC:9413
PRKG1	FALSE	FALSE	HGNC:9414
PRKX	FALSE	FALSE	HGNC:9441
PRLR	FALSE	FALSE	HGNC:9446
PRMT5	FALSE	FALSE	HGNC:10894
PROKR2	FALSE	FALSE	HGNC:15836
PROM1	FALSE	FALSE	HGNC:9454
PROSER1	FALSE	FALSE	HGNC:20291
PROZ	FALSE	FALSE	HGNC:9460
PRPF3	FALSE	FALSE	HGNC:17348
PRPF38B	FALSE	FALSE	HGNC:25512
PRPF39	FALSE	FALSE	HGNC:20314
PRPF40B	FALSE	FALSE	HGNC:25031
PRPF4B	FALSE	FALSE	HGNC:17346
PRRC2B	FALSE	FALSE	HGNC:28121
PRRG1	FALSE	FALSE	HGNC:9469
PRRT1	FALSE	FALSE	HGNC:13943
PRRT3	FALSE	FALSE	HGNC:26591
PRRX1	FALSE	FALSE	HGNC:9142
PRSS1	FALSE	FALSE	HGNC:9475
PRSS3	FALSE	FALSE	HGNC:9486
PRSS38	FALSE	FALSE	HGNC:29625
PRUNE2	FALSE	FALSE	HGNC:25209
PRX	FALSE	FALSE	HGNC:13797
PSIP1	TRUE	FALSE	HGNC:9527
PSMC3	FALSE	FALSE	HGNC:9549
PSMD8	FALSE	FALSE	HGNC:9566
PSMF1	FALSE	FALSE	HGNC:9571
PSMG4	FALSE	FALSE	HGNC:21108
PTCH1	FALSE	TRUE	HGNC:9585
PTCHD4	FALSE	FALSE	HGNC:21345
PTDSS1	FALSE	FALSE	HGNC:9587
PTEN	FALSE	TRUE	HGNC:9588
PTGDR2	FALSE	FALSE	HGNC:4502
PTGFR	FALSE	FALSE	HGNC:9600
PTGFRN	FALSE	FALSE	HGNC:9601
PTGS1	FALSE	FALSE	HGNC:9604
PTK2	FALSE	FALSE	HGNC:9611
PTK2B	FALSE	FALSE	HGNC:9612
PTK6	TRUE	TRUE	HGNC:9617
PTMA	FALSE	FALSE	HGNC:9623
PTN	FALSE	FALSE	HGNC:9630
PTPA	FALSE	FALSE	HGNC:9308
PTPDC1	FALSE	FALSE	HGNC:30184
PTPN1	FALSE	FALSE	HGNC:9642
PTPN11	TRUE	FALSE	HGNC:9644
PTPN12	FALSE	FALSE	HGNC:9645
PTPN13	FALSE	TRUE	HGNC:9646
PTPN14	FALSE	FALSE	HGNC:9647
PTPN2	FALSE	FALSE	HGNC:9650
PTPN22	FALSE	FALSE	HGNC:9652
PTPN6	FALSE	TRUE	HGNC:9658
PTPRB	FALSE	TRUE	HGNC:9665
PTPRC	FALSE	TRUE	HGNC:9666
PTPRD	FALSE	TRUE	HGNC:9668
PTPRK	FALSE	TRUE	HGNC:9674
PTPRO	FALSE	FALSE	HGNC:9678
PTPRT	FALSE	TRUE	HGNC:9682
PTPRU	FALSE	FALSE	HGNC:9683
PTX3	FALSE	FALSE	HGNC:9692
PVRIG	FALSE	FALSE	HGNC:32190
PXDN	FALSE	FALSE	HGNC:14966
PXDNL	FALSE	FALSE	HGNC:26359
PXMP4	FALSE	FALSE	HGNC:15920
PZP	FALSE	FALSE	HGNC:9750
QKI	TRUE	TRUE	HGNC:21100
QPRT	FALSE	FALSE	HGNC:9755
R3HDM4	FALSE	FALSE	HGNC:28270
RAB11A	FALSE	FALSE	HGNC:9760
RAB14	FALSE	FALSE	HGNC:16524
RAB40A	FALSE	FALSE	HGNC:18283
RAB42	FALSE	FALSE	HGNC:28702
RABEPK	FALSE	FALSE	HGNC:16896
RABGEF1	FALSE	FALSE	HGNC:17676
RAC1	TRUE	FALSE	HGNC:9801
RAD17	FALSE	TRUE	HGNC:9807
RAD21	TRUE	TRUE	HGNC:9811
RAD23B	FALSE	FALSE	HGNC:9813
RAD51B	FALSE	TRUE	HGNC:9822
RADIL	FALSE	FALSE	HGNC:22226
RAF1	TRUE	FALSE	HGNC:9829
RAG1	FALSE	FALSE	HGNC:9831
RAG2	FALSE	FALSE	HGNC:9832
RALY	FALSE	FALSE	HGNC:15921
RALYL	FALSE	FALSE	HGNC:27036
RANBP10	FALSE	FALSE	HGNC:29285
RANBP2	FALSE	TRUE	HGNC:9848
RANBP6	FALSE	FALSE	HGNC:9851
RANBP9	FALSE	FALSE	HGNC:13727
RAP1GDS1	TRUE	FALSE	HGNC:9859
RAPGEF1	FALSE	FALSE	HGNC:4568
RAPGEF3	FALSE	FALSE	HGNC:16629
RAPGEF5	FALSE	FALSE	HGNC:16862
RARA	TRUE	FALSE	HGNC:9864
RARRES2	FALSE	FALSE	HGNC:9868
RASA1	FALSE	FALSE	HGNC:9871
RASA2	FALSE	FALSE	HGNC:9872
RASAL1	FALSE	FALSE	HGNC:9873
RASGEF1A	FALSE	FALSE	HGNC:24246
RASGEF1C	FALSE	FALSE	HGNC:27400
RASGRF2	FALSE	FALSE	HGNC:9876
RASGRP2	FALSE	FALSE	HGNC:9879
RASSF6	FALSE	FALSE	HGNC:20796
RASSF8	FALSE	FALSE	HGNC:13232
RAVER1	FALSE	FALSE	HGNC:30296
RB1	FALSE	TRUE	HGNC:9884
RB1CC1	FALSE	FALSE	HGNC:15574
RBBP6	FALSE	FALSE	HGNC:9889
RBFOX1	FALSE	FALSE	HGNC:18222
RBM10	FALSE	TRUE	HGNC:9896
RBM12	FALSE	FALSE	HGNC:9898
RBM15	FALSE	FALSE	HGNC:14959
RBM15B	FALSE	FALSE	HGNC:24303
RBM25	FALSE	FALSE	HGNC:23244
RBM26	FALSE	FALSE	HGNC:20327
RBM27	FALSE	FALSE	HGNC:29243
RBM39	FALSE	FALSE	HGNC:15923
RBM7	FALSE	FALSE	HGNC:9904
RBM8A	FALSE	FALSE	HGNC:9905
RBMX	FALSE	FALSE	HGNC:9910
RBMX2	FALSE	FALSE	HGNC:24282
RBMXL3	FALSE	FALSE	HGNC:26859
RBPJ	FALSE	FALSE	HGNC:5724
RCAN2	FALSE	FALSE	HGNC:3041
RCC1	FALSE	FALSE	HGNC:1913
RCL1	FALSE	FALSE	HGNC:17687
RECQL4	TRUE	TRUE	HGNC:9949
REEP5	FALSE	FALSE	HGNC:30077
REG1A	FALSE	FALSE	HGNC:9951
REL	TRUE	FALSE	HGNC:9954
RELA	FALSE	FALSE	HGNC:9955
RELB	FALSE	FALSE	HGNC:9956
RELN	FALSE	FALSE	HGNC:9957
REM1	FALSE	FALSE	HGNC:15922
RESF1	FALSE	FALSE	HGNC:25559
RESP18	FALSE	FALSE	HGNC:33762
RET	TRUE	FALSE	HGNC:9967
REV3L	FALSE	FALSE	HGNC:9968
RFC1	FALSE	FALSE	HGNC:9969
RFC4	FALSE	FALSE	HGNC:9972
RFLNA	FALSE	FALSE	HGNC:27051
RFLNB	FALSE	FALSE	HGNC:28705
RFTN1	FALSE	FALSE	HGNC:30278
RFWD3	FALSE	TRUE	HGNC:25539
RFX6	FALSE	FALSE	HGNC:21478
RFX7	FALSE	FALSE	HGNC:25777
RGCC	FALSE	FALSE	HGNC:20369
RGL1	FALSE	FALSE	HGNC:30281
RGPD3	FALSE	FALSE	HGNC:32416
RGS12	FALSE	FALSE	HGNC:9994
RGS18	FALSE	FALSE	HGNC:14261
RGS7	FALSE	FALSE	HGNC:10003
RHBG	FALSE	FALSE	HGNC:14572
RHEB	FALSE	FALSE	HGNC:10011
RHOA	TRUE	TRUE	HGNC:667
RHOB	FALSE	FALSE	HGNC:668
RHOH	FALSE	TRUE	HGNC:686
RHPN2	FALSE	FALSE	HGNC:19974
RICTOR	FALSE	FALSE	HGNC:28611
RIMBP2	FALSE	FALSE	HGNC:30339
RIMS1	FALSE	FALSE	HGNC:17282
RIMS2	FALSE	FALSE	HGNC:17283
RINL	FALSE	FALSE	HGNC:24795
RIOK2	FALSE	FALSE	HGNC:18999
RIPK1	FALSE	FALSE	HGNC:10019
RIPOR1	FALSE	FALSE	HGNC:25836
RIPOR2	FALSE	FALSE	HGNC:13872
RIT1	TRUE	FALSE	HGNC:10023
RIT2	FALSE	FALSE	HGNC:10017
RLIM	FALSE	FALSE	HGNC:13429
RMDN1	FALSE	FALSE	HGNC:24285
RMI2	FALSE	TRUE	HGNC:28349
RNASE11	FALSE	FALSE	HGNC:19269
RNASE4	FALSE	FALSE	HGNC:10047
RNF103	FALSE	FALSE	HGNC:12859
RNF111	FALSE	FALSE	HGNC:17384
RNF144B	FALSE	FALSE	HGNC:21578
RNF168	FALSE	FALSE	HGNC:26661
RNF185	FALSE	FALSE	HGNC:26783
RNF20	FALSE	FALSE	HGNC:10062
RNF207	FALSE	FALSE	HGNC:32947
RNF213	FALSE	FALSE	HGNC:14539
RNF216	FALSE	FALSE	HGNC:21698
RNF217	FALSE	FALSE	HGNC:21487
RNF26	FALSE	FALSE	HGNC:14646
RNF4	FALSE	FALSE	HGNC:10067
RNF40	FALSE	FALSE	HGNC:16867
RNF43	FALSE	TRUE	HGNC:18505
RNFT1	FALSE	FALSE	HGNC:30206
RO60	FALSE	FALSE	HGNC:11313
ROBO2	FALSE	TRUE	HGNC:10250
ROS1	TRUE	FALSE	HGNC:10261
RP1L1	FALSE	FALSE	HGNC:15946
RPAIN	FALSE	FALSE	HGNC:28641
RPE	FALSE	FALSE	HGNC:10293
RPGR	FALSE	FALSE	HGNC:10295
RPGRIP1	FALSE	FALSE	HGNC:13436
RPGRIP1L	FALSE	FALSE	HGNC:29168
RPIA	FALSE	FALSE	HGNC:10297
RPL10	FALSE	TRUE	HGNC:10298
RPL13A	FALSE	FALSE	HGNC:10304
RPL18A	FALSE	FALSE	HGNC:10311
RPL22	FALSE	TRUE	HGNC:10315
RPL28	FALSE	FALSE	HGNC:10330
RPL29	FALSE	FALSE	HGNC:10331
RPL31	FALSE	FALSE	HGNC:10334
RPL34	FALSE	FALSE	HGNC:10340
RPL5	FALSE	TRUE	HGNC:10360
RPRD1B	FALSE	FALSE	HGNC:16209
RPS13	FALSE	FALSE	HGNC:10386
RPS15	FALSE	FALSE	HGNC:10388
RPS2	FALSE	FALSE	HGNC:10404
RPS27	FALSE	FALSE	HGNC:10416
RPS27A	FALSE	FALSE	HGNC:10417
RPS3A	FALSE	FALSE	HGNC:10421
RPS6KA3	FALSE	FALSE	HGNC:10432
RPSAP58	FALSE	FALSE	HGNC:36809
RPTOR	FALSE	FALSE	HGNC:30287
RRAD	FALSE	FALSE	HGNC:10446
RRAS	FALSE	FALSE	HGNC:10447
RRAS2	FALSE	FALSE	HGNC:17271
RREB1	FALSE	FALSE	HGNC:10449
RRS1	FALSE	FALSE	HGNC:17083
RS1	FALSE	FALSE	HGNC:10457
RSBN1	FALSE	FALSE	HGNC:25642
RSBN1L	FALSE	FALSE	HGNC:24765
RSPH14	FALSE	FALSE	HGNC:13437
RSPO2	FALSE	TRUE	HGNC:28583
RSPO3	TRUE	FALSE	HGNC:20866
RTCA	FALSE	FALSE	HGNC:17981
RTF2	FALSE	FALSE	HGNC:15890
RTL6	FALSE	FALSE	HGNC:13343
RTL9	FALSE	FALSE	HGNC:29245
RTN4	FALSE	FALSE	HGNC:14085
RTTN	FALSE	FALSE	HGNC:18654
RUFY1	FALSE	FALSE	HGNC:19760
RUNX1	TRUE	TRUE	HGNC:10471
RUNX1T1	TRUE	TRUE	HGNC:1535
RUSC2	FALSE	FALSE	HGNC:23625
RXFP3	FALSE	FALSE	HGNC:24883
RXRA	FALSE	FALSE	HGNC:10477
RYBP	FALSE	FALSE	HGNC:10480
RYR1	FALSE	FALSE	HGNC:10483
S100A1	FALSE	FALSE	HGNC:10486
S100A7	FALSE	FALSE	HGNC:10497
S100A7A	FALSE	FALSE	HGNC:21657
S100A8	FALSE	FALSE	HGNC:10498
S1PR1	FALSE	FALSE	HGNC:3165
S1PR2	FALSE	FALSE	HGNC:3169
SACS	FALSE	FALSE	HGNC:10519
SAGE1	FALSE	FALSE	HGNC:30369
SALL1	FALSE	FALSE	HGNC:10524
SALL3	FALSE	FALSE	HGNC:10527
SALL4	TRUE	FALSE	HGNC:15924
SAMD9L	FALSE	FALSE	HGNC:1349
SAMHD1	FALSE	FALSE	HGNC:15925
SAMM50	FALSE	FALSE	HGNC:24276
SATB2	FALSE	FALSE	HGNC:21637
SAV1	FALSE	FALSE	HGNC:17795
SBDS	FALSE	TRUE	HGNC:19440
SBSN	FALSE	FALSE	HGNC:24950
SCAF4	FALSE	FALSE	HGNC:19304
SCAPER	FALSE	FALSE	HGNC:13081
SCIN	FALSE	FALSE	HGNC:21695
SCN10A	FALSE	FALSE	HGNC:10582
SCN11A	FALSE	FALSE	HGNC:10583
SCN3A	FALSE	FALSE	HGNC:10590
SCN5A	FALSE	FALSE	HGNC:10593
SCN9A	FALSE	FALSE	HGNC:10597
SCUBE3	FALSE	FALSE	HGNC:13655
SCYL2	FALSE	FALSE	HGNC:19286
SDCCAG8	FALSE	FALSE	HGNC:10671
SDF4	FALSE	FALSE	HGNC:24188
SDHA	FALSE	TRUE	HGNC:10680
SDHAF2	FALSE	TRUE	HGNC:26034
SDHB	FALSE	TRUE	HGNC:10681
SDHC	FALSE	TRUE	HGNC:10682
SDHD	FALSE	TRUE	HGNC:10683
SDK1	FALSE	FALSE	HGNC:19307
SDK2	FALSE	FALSE	HGNC:19308
SEC14L1	FALSE	FALSE	HGNC:10698
SEC16A	FALSE	FALSE	HGNC:29006
SEC61G	FALSE	FALSE	HGNC:18277
SELP	FALSE	FALSE	HGNC:10721
SEMA3A	FALSE	FALSE	HGNC:10723
SEMA3C	FALSE	FALSE	HGNC:10725
SEMA3E	FALSE	FALSE	HGNC:10727
SEMA5A	FALSE	FALSE	HGNC:10736
SEMA5B	FALSE	FALSE	HGNC:10737
SEMA6A	FALSE	FALSE	HGNC:10738
SEMA6B	FALSE	FALSE	HGNC:10739
SEMA6D	FALSE	FALSE	HGNC:16770
SEMG1	FALSE	FALSE	HGNC:10742
SEMG2	FALSE	FALSE	HGNC:10743
SEPTIN12	FALSE	FALSE	HGNC:26348
SEPTIN9	FALSE	FALSE	HGNC:7323
SERHL2	FALSE	FALSE	HGNC:29446
SERPINA1	FALSE	FALSE	HGNC:8941
SERPINA12	FALSE	FALSE	HGNC:18359
SERPINA4	FALSE	FALSE	HGNC:8948
SERPINB13	FALSE	FALSE	HGNC:8944
SERPINB7	FALSE	FALSE	HGNC:13902
SERPING1	FALSE	FALSE	HGNC:1228
SESN2	FALSE	FALSE	HGNC:20746
SET	TRUE	FALSE	HGNC:10760
SETBP1	TRUE	FALSE	HGNC:15573
SETD1B	FALSE	TRUE	HGNC:29187
SETD2	FALSE	TRUE	HGNC:18420
SETD7	FALSE	FALSE	HGNC:30412
SETDB1	TRUE	FALSE	HGNC:10761
SF1	FALSE	FALSE	HGNC:12950
SF3B1	TRUE	FALSE	HGNC:10768
SF3B2	FALSE	FALSE	HGNC:10769
SF3B3	FALSE	FALSE	HGNC:10770
SFPQ	FALSE	TRUE	HGNC:10774
SFRP4	FALSE	TRUE	HGNC:10778
SFXN4	FALSE	FALSE	HGNC:16088
SGCZ	FALSE	FALSE	HGNC:14075
SGK1	TRUE	FALSE	HGNC:10810
SH2B3	FALSE	TRUE	HGNC:29605
SH3GL1	TRUE	FALSE	HGNC:10830
SH3GLB1	FALSE	FALSE	HGNC:10833
SHANK1	FALSE	FALSE	HGNC:15474
SHANK2	FALSE	FALSE	HGNC:14295
SHE	FALSE	FALSE	HGNC:27004
SHF	FALSE	FALSE	HGNC:25116
SHH	FALSE	FALSE	HGNC:10848
SHISA4	FALSE	FALSE	HGNC:27139
SHKBP1	FALSE	FALSE	HGNC:19214
SHPRH	FALSE	FALSE	HGNC:19336
SHQ1	FALSE	FALSE	HGNC:25543
SHROOM3	FALSE	FALSE	HGNC:30422
SI	FALSE	FALSE	HGNC:10856
SIGLEC8	FALSE	FALSE	HGNC:10877
SIK3	FALSE	FALSE	HGNC:29165
SIN3A	FALSE	FALSE	HGNC:19353
SIN3B	FALSE	FALSE	HGNC:19354
SIRPA	FALSE	TRUE	HGNC:9662
SIRPB1	FALSE	FALSE	HGNC:15928
SIRPB2	FALSE	FALSE	HGNC:16247
SIRPD	FALSE	FALSE	HGNC:16248
SIRPG	FALSE	FALSE	HGNC:15757
SIRT4	FALSE	FALSE	HGNC:14932
SIX1	TRUE	FALSE	HGNC:10887
SIX2	TRUE	FALSE	HGNC:10888
SKI	TRUE	FALSE	HGNC:10896
SKP2	FALSE	FALSE	HGNC:10901
SLAMF1	FALSE	FALSE	HGNC:10903
SLC10A3	FALSE	FALSE	HGNC:22979
SLC12A5	FALSE	FALSE	HGNC:13818
SLC12A6	FALSE	FALSE	HGNC:10914
SLC13A1	FALSE	FALSE	HGNC:10916
SLC15A1	FALSE	FALSE	HGNC:10920
SLC15A2	FALSE	FALSE	HGNC:10921
SLC16A4	FALSE	FALSE	HGNC:10925
SLC17A5	FALSE	FALSE	HGNC:10933
SLC1A3	FALSE	FALSE	HGNC:10941
SLC1A6	FALSE	FALSE	HGNC:10944
SLC22A1	FALSE	FALSE	HGNC:10963
SLC22A11	FALSE	FALSE	HGNC:18120
SLC22A2	FALSE	FALSE	HGNC:10966
SLC22A8	FALSE	FALSE	HGNC:10972
SLC24A5	FALSE	FALSE	HGNC:20611
SLC25A17	FALSE	FALSE	HGNC:10987
SLC25A45	FALSE	FALSE	HGNC:27442
SLC26A3	FALSE	FALSE	HGNC:3018
SLC29A2	FALSE	FALSE	HGNC:11004
SLC2A13	FALSE	FALSE	HGNC:15956
SLC30A6	FALSE	FALSE	HGNC:19305
SLC34A2	FALSE	TRUE	HGNC:11020
SLC35A5	FALSE	FALSE	HGNC:20792
SLC35F1	FALSE	FALSE	HGNC:21483
SLC35G1	FALSE	FALSE	HGNC:26607
SLC35G2	FALSE	FALSE	HGNC:28480
SLC38A3	FALSE	FALSE	HGNC:18044
SLC38A8	FALSE	FALSE	HGNC:32434
SLC39A12	FALSE	FALSE	HGNC:20860
SLC44A3	FALSE	FALSE	HGNC:28689
SLC44A5	FALSE	FALSE	HGNC:28524
SLC4A10	FALSE	FALSE	HGNC:13811
SLC4A2	FALSE	FALSE	HGNC:11028
SLC4A5	FALSE	FALSE	HGNC:18168
SLC5A3	FALSE	FALSE	HGNC:11038
SLC66A1L	FALSE	FALSE	HGNC:25146
SLC6A11	FALSE	FALSE	HGNC:11044
SLC6A15	FALSE	FALSE	HGNC:13621
SLC6A2	FALSE	FALSE	HGNC:11048
SLC6A3	FALSE	FALSE	HGNC:11049
SLC6A9	FALSE	FALSE	HGNC:11056
SLC7A13	FALSE	FALSE	HGNC:23092
SLC7A6	FALSE	FALSE	HGNC:11064
SLC7A6OS	FALSE	FALSE	HGNC:25807
SLC9A3R1	FALSE	FALSE	HGNC:11075
SLC9C1	FALSE	FALSE	HGNC:31401
SLC9C2	FALSE	FALSE	HGNC:28664
SLCO1B1	FALSE	FALSE	HGNC:10959
SLFN13	FALSE	FALSE	HGNC:26481
SLIRP	FALSE	FALSE	HGNC:20495
SLIT2	FALSE	FALSE	HGNC:11086
SLIT3	FALSE	FALSE	HGNC:11087
SLITRK2	FALSE	FALSE	HGNC:13449
SLITRK3	FALSE	FALSE	HGNC:23501
SLITRK5	FALSE	FALSE	HGNC:20295
SLITRK6	FALSE	FALSE	HGNC:23503
SLURP1	FALSE	FALSE	HGNC:18746
SMAD2	FALSE	TRUE	HGNC:6768
SMAD3	FALSE	TRUE	HGNC:6769
SMAD4	FALSE	TRUE	HGNC:6770
SMAD6	FALSE	FALSE	HGNC:6772
SMARCA1	FALSE	FALSE	HGNC:11097
SMARCA4	FALSE	TRUE	HGNC:11100
SMARCB1	FALSE	TRUE	HGNC:11103
SMARCD1	FALSE	TRUE	HGNC:11106
SMARCE1	FALSE	TRUE	HGNC:11109
SMC1A	FALSE	TRUE	HGNC:11111
SMC1B	FALSE	FALSE	HGNC:11112
SMC2	FALSE	FALSE	HGNC:14011
SMC3	FALSE	FALSE	HGNC:2468
SMC4	FALSE	FALSE	HGNC:14013
SMG1	FALSE	FALSE	HGNC:30045
SMG5	FALSE	FALSE	HGNC:24644
SMG6	FALSE	FALSE	HGNC:17809
SMG7	FALSE	FALSE	HGNC:16792
SMG8	FALSE	FALSE	HGNC:25551
SMO	TRUE	FALSE	HGNC:11119
SMTN	FALSE	FALSE	HGNC:11126
SMU1	FALSE	FALSE	HGNC:18247
SMUG1	FALSE	FALSE	HGNC:17148
SMURF2	FALSE	FALSE	HGNC:16809
SND1	TRUE	FALSE	HGNC:30646
SNED1	FALSE	FALSE	HGNC:24696
SNRK	FALSE	FALSE	HGNC:30598
SNRNP200	FALSE	FALSE	HGNC:30859
SNRNP35	FALSE	FALSE	HGNC:30852
SNRNP48	FALSE	FALSE	HGNC:21368
SNRPA	FALSE	FALSE	HGNC:11151
SNRPD2	FALSE	FALSE	HGNC:11159
SNRPD3	FALSE	FALSE	HGNC:11160
SNRPN	FALSE	FALSE	HGNC:11164
SNTB1	FALSE	FALSE	HGNC:11168
SNTB2	FALSE	FALSE	HGNC:11169
SNX16	FALSE	FALSE	HGNC:14980
SNX19	FALSE	FALSE	HGNC:21532
SNX25	FALSE	FALSE	HGNC:21883
SNX31	FALSE	FALSE	HGNC:28605
SNX7	FALSE	FALSE	HGNC:14971
SNX8	FALSE	FALSE	HGNC:14972
SOAT1	FALSE	FALSE	HGNC:11177
SOCS1	FALSE	TRUE	HGNC:19383
SOHLH2	FALSE	FALSE	HGNC:26026
SON	FALSE	FALSE	HGNC:11183
SORCS1	FALSE	FALSE	HGNC:16697
SORCS2	FALSE	FALSE	HGNC:16698
SOS1	FALSE	FALSE	HGNC:11187
SOX11	FALSE	FALSE	HGNC:11191
SOX17	FALSE	FALSE	HGNC:18122
SOX2	TRUE	FALSE	HGNC:11195
SOX21	FALSE	TRUE	HGNC:11197
SOX5	FALSE	FALSE	HGNC:11201
SOX9	FALSE	TRUE	HGNC:11204
SP140	FALSE	FALSE	HGNC:17133
SP8	FALSE	FALSE	HGNC:19196
SPAG17	FALSE	FALSE	HGNC:26620
SPAM1	FALSE	FALSE	HGNC:11217
SPANXN1	FALSE	FALSE	HGNC:33174
SPANXN2	FALSE	FALSE	HGNC:33175
SPART	FALSE	FALSE	HGNC:18514
SPATA18	FALSE	FALSE	HGNC:29579
SPATA19	FALSE	FALSE	HGNC:30614
SPATA5L1	FALSE	FALSE	HGNC:28762
SPATA6	FALSE	FALSE	HGNC:18309
SPATC1L	FALSE	FALSE	HGNC:1298
SPECC1	FALSE	FALSE	HGNC:30615
SPEG	FALSE	FALSE	HGNC:16901
SPEN	FALSE	TRUE	HGNC:17575
SPHK1	FALSE	FALSE	HGNC:11240
SPHKAP	FALSE	FALSE	HGNC:30619
SPI1	FALSE	FALSE	HGNC:11241
SPIB	FALSE	FALSE	HGNC:11242
SPN	FALSE	FALSE	HGNC:11249
SPOP	TRUE	TRUE	HGNC:11254
SPRED1	FALSE	FALSE	HGNC:20249
SPRR2B	FALSE	FALSE	HGNC:11262
SPRY3	FALSE	FALSE	HGNC:11271
SPTA1	FALSE	FALSE	HGNC:11272
SPTAN1	FALSE	FALSE	HGNC:11273
SPTB	FALSE	FALSE	HGNC:11274
SPTBN2	FALSE	FALSE	HGNC:11276
SPTBN4	FALSE	FALSE	HGNC:14896
SPTBN5	FALSE	FALSE	HGNC:15680
SQOR	FALSE	FALSE	HGNC:20390
SRC	TRUE	FALSE	HGNC:11283
SRCAP	FALSE	FALSE	HGNC:16974
SRPX	FALSE	FALSE	HGNC:11309
SRRT	FALSE	FALSE	HGNC:24101
SRSF1	FALSE	FALSE	HGNC:10780
SRSF2	TRUE	FALSE	HGNC:10783
SRSF3	TRUE	FALSE	HGNC:10785
SRSF5	FALSE	FALSE	HGNC:10787
SRSF9	FALSE	FALSE	HGNC:10791
SSB	FALSE	FALSE	HGNC:11316
SSBP1	FALSE	FALSE	HGNC:11317
SSH1	FALSE	FALSE	HGNC:30579
SSH3	FALSE	FALSE	HGNC:30581
SSX1	TRUE	FALSE	HGNC:11335
SSX2	TRUE	FALSE	HGNC:11336
SSX4	TRUE	FALSE	HGNC:11338
ST3GAL6	FALSE	FALSE	HGNC:18080
ST6GAL1	FALSE	FALSE	HGNC:10860
ST6GAL2	FALSE	FALSE	HGNC:10861
ST6GALNAC3	FALSE	FALSE	HGNC:19343
STAB1	FALSE	FALSE	HGNC:18628
STAG1	FALSE	TRUE	HGNC:11354
STAG2	FALSE	TRUE	HGNC:11355
STAG3	FALSE	FALSE	HGNC:11356
STAM2	FALSE	FALSE	HGNC:11358
STARD10	FALSE	FALSE	HGNC:10666
STARD6	FALSE	FALSE	HGNC:18066
STAT3	TRUE	FALSE	HGNC:11364
STAT4	FALSE	FALSE	HGNC:11365
STAT5B	TRUE	TRUE	HGNC:11367
STAT6	TRUE	FALSE	HGNC:11368
STC1	FALSE	FALSE	HGNC:11373
STIL	TRUE	FALSE	HGNC:10879
STIM1	FALSE	FALSE	HGNC:11386
STIM2	FALSE	FALSE	HGNC:19205
STK11	FALSE	TRUE	HGNC:11389
STK11IP	FALSE	FALSE	HGNC:19184
STK19	FALSE	FALSE	HGNC:11398
STK26	FALSE	FALSE	HGNC:18174
STK31	FALSE	FALSE	HGNC:11407
STK4	FALSE	FALSE	HGNC:11408
STRADA	FALSE	FALSE	HGNC:30172
STUB1	FALSE	FALSE	HGNC:11427
STX2	FALSE	FALSE	HGNC:3403
STXBP1	FALSE	FALSE	HGNC:11444
STYK1	FALSE	FALSE	HGNC:18889
SUFU	FALSE	TRUE	HGNC:16466
SULF1	FALSE	FALSE	HGNC:20391
SULT1B1	FALSE	FALSE	HGNC:17845
SULT2B1	FALSE	FALSE	HGNC:11459
SUPT7L	FALSE	FALSE	HGNC:30632
SUZ12	TRUE	TRUE	HGNC:17101
SWAP70	FALSE	FALSE	HGNC:17070
SYF2	FALSE	FALSE	HGNC:19824
SYK	TRUE	FALSE	HGNC:11491
SYN2	FALSE	FALSE	HGNC:11495
SYNCRIP	FALSE	FALSE	HGNC:16918
SYNE1	FALSE	FALSE	HGNC:17089
SYNE2	FALSE	FALSE	HGNC:17084
SYNE3	FALSE	FALSE	HGNC:19861
SYNGR2	FALSE	FALSE	HGNC:11499
SYNRG	FALSE	FALSE	HGNC:557
SYT10	FALSE	FALSE	HGNC:19266
SYT4	FALSE	FALSE	HGNC:11512
SYTL1	FALSE	FALSE	HGNC:15584
SYTL2	FALSE	FALSE	HGNC:15585
TAB3	FALSE	FALSE	HGNC:30681
TACC1	FALSE	FALSE	HGNC:11522
TAF1	FALSE	FALSE	HGNC:11535
TAF11	FALSE	FALSE	HGNC:11544
TAF15	TRUE	FALSE	HGNC:11547
TAF1L	FALSE	FALSE	HGNC:18056
TAF4	FALSE	FALSE	HGNC:11537
TAL1	TRUE	FALSE	HGNC:11556
TAL2	TRUE	FALSE	HGNC:11557
TAMM41	FALSE	FALSE	HGNC:25187
TAP1	FALSE	FALSE	HGNC:43
TAS2R43	FALSE	FALSE	HGNC:18875
TAS2R46	FALSE	FALSE	HGNC:18877
TAS2R60	FALSE	FALSE	HGNC:20639
TBC1D12	FALSE	FALSE	HGNC:29082
TBC1D13	FALSE	FALSE	HGNC:25571
TBC1D22A	FALSE	FALSE	HGNC:1309
TBC1D29P	FALSE	FALSE	HGNC:24509
TBC1D32	FALSE	FALSE	HGNC:21485
TBC1D3B	FALSE	FALSE	HGNC:27011
TBC1D7	FALSE	FALSE	HGNC:21066
TBCD	FALSE	FALSE	HGNC:11581
TBK1	FALSE	FALSE	HGNC:11584
TBKBP1	FALSE	FALSE	HGNC:30140
TBL1XR1	TRUE	TRUE	HGNC:29529
TBL2	FALSE	FALSE	HGNC:11586
TBP	FALSE	FALSE	HGNC:11588
TBR1	FALSE	FALSE	HGNC:11590
TBX18	FALSE	FALSE	HGNC:11595
TBX22	FALSE	FALSE	HGNC:11600
TBX3	TRUE	TRUE	HGNC:11602
TCAF1	FALSE	FALSE	HGNC:22201
TCEAL6	FALSE	FALSE	HGNC:24553
TCERG1	FALSE	FALSE	HGNC:15630
TCF12	FALSE	FALSE	HGNC:11623
TCF21	FALSE	FALSE	HGNC:11632
TCF3	TRUE	TRUE	HGNC:11633
TCF4	FALSE	FALSE	HGNC:11634
TCF7	FALSE	FALSE	HGNC:11639
TCF7L1	FALSE	FALSE	HGNC:11640
TCF7L2	TRUE	FALSE	HGNC:11641
TCHH	FALSE	FALSE	HGNC:11791
TCL1A	TRUE	FALSE	HGNC:11648
TCP11	FALSE	FALSE	HGNC:11658
TCP11L2	FALSE	FALSE	HGNC:28627
TDG	FALSE	FALSE	HGNC:11700
TDRD1	FALSE	FALSE	HGNC:11712
TDRD10	FALSE	FALSE	HGNC:25316
TDRD5	FALSE	FALSE	HGNC:20614
TEC	TRUE	FALSE	HGNC:11719
TEDC2	FALSE	FALSE	HGNC:25849
TENM2	FALSE	FALSE	HGNC:29943
TENT4B	FALSE	FALSE	HGNC:30758
TENT5C	FALSE	TRUE	HGNC:24712
TENT5D	FALSE	FALSE	HGNC:28399
TEP1	FALSE	FALSE	HGNC:11726
TERT	TRUE	TRUE	HGNC:11730
TESC	FALSE	FALSE	HGNC:26065
TET1	TRUE	TRUE	HGNC:29484
TET2	FALSE	TRUE	HGNC:25941
TET3	FALSE	FALSE	HGNC:28313
TEX14	FALSE	FALSE	HGNC:11737
TEX15	FALSE	FALSE	HGNC:11738
TEX22	FALSE	FALSE	HGNC:40026
TEX44	FALSE	FALSE	HGNC:28563
TFAP2A	FALSE	FALSE	HGNC:11742
TFAP2D	FALSE	FALSE	HGNC:15581
TFAP4	FALSE	FALSE	HGNC:11745
TFDP1	FALSE	FALSE	HGNC:11749
TFE3	TRUE	FALSE	HGNC:11752
TFEB	TRUE	FALSE	HGNC:11753
TG	FALSE	FALSE	HGNC:11764
TGDS	FALSE	FALSE	HGNC:20324
TGFA	FALSE	FALSE	HGNC:11765
TGFBR1	FALSE	FALSE	HGNC:11772
TGFBR2	FALSE	TRUE	HGNC:11773
TGFBR3	FALSE	FALSE	HGNC:11774
TGIF1	FALSE	FALSE	HGNC:11776
TGM1	FALSE	FALSE	HGNC:11777
TGS1	FALSE	FALSE	HGNC:17843
THAP12	FALSE	FALSE	HGNC:9440
THAP5	FALSE	FALSE	HGNC:23188
THBS1	FALSE	FALSE	HGNC:11785
THBS2	FALSE	FALSE	HGNC:11786
THOC5	FALSE	FALSE	HGNC:19074
THOC6	FALSE	FALSE	HGNC:28369
THOC7	FALSE	FALSE	HGNC:29874
THRAP3	FALSE	FALSE	HGNC:22964
THSD7A	FALSE	FALSE	HGNC:22207
THSD7B	FALSE	FALSE	HGNC:29348
TIA1	FALSE	FALSE	HGNC:11802
TIAL1	FALSE	FALSE	HGNC:11804
TIGD3	FALSE	FALSE	HGNC:18334
TIGIT	FALSE	FALSE	HGNC:26838
TIMM17A	FALSE	FALSE	HGNC:17315
TIPIN	FALSE	FALSE	HGNC:30750
TJP1	FALSE	FALSE	HGNC:11827
TKTL2	FALSE	FALSE	HGNC:25313
TLCD3B	FALSE	FALSE	HGNC:25295
TLE1	FALSE	FALSE	HGNC:11837
TLE4	FALSE	FALSE	HGNC:11840
TLL1	FALSE	FALSE	HGNC:11843
TLL2	FALSE	FALSE	HGNC:11844
TLR2	FALSE	FALSE	HGNC:11848
TLR4	FALSE	FALSE	HGNC:11850
TLR5	FALSE	FALSE	HGNC:11851
TLR6	FALSE	FALSE	HGNC:16711
TLR7	FALSE	FALSE	HGNC:15631
TLR9	FALSE	FALSE	HGNC:15633
TLX1	TRUE	FALSE	HGNC:5056
TLX3	TRUE	FALSE	HGNC:13532
TM4SF18	FALSE	FALSE	HGNC:25181
TM9SF1	FALSE	FALSE	HGNC:11864
TMBIM6	FALSE	FALSE	HGNC:11723
TMC3	FALSE	FALSE	HGNC:22995
TMEM116	FALSE	FALSE	HGNC:25084
TMEM121B	FALSE	FALSE	HGNC:1844
TMEM127	FALSE	TRUE	HGNC:26038
TMEM128	FALSE	FALSE	HGNC:28201
TMEM132B	FALSE	FALSE	HGNC:29397
TMEM132C	FALSE	FALSE	HGNC:25436
TMEM132D	FALSE	FALSE	HGNC:29411
TMEM147	FALSE	FALSE	HGNC:30414
TMEM160	FALSE	FALSE	HGNC:26042
TMEM165	FALSE	FALSE	HGNC:30760
TMEM179	FALSE	FALSE	HGNC:20137
TMEM199	FALSE	FALSE	HGNC:18085
TMEM201	FALSE	FALSE	HGNC:33719
TMEM208	FALSE	FALSE	HGNC:25015
TMEM210	FALSE	FALSE	HGNC:34059
TMEM216	FALSE	FALSE	HGNC:25018
TMEM220	FALSE	FALSE	HGNC:33757
TMEM243	FALSE	FALSE	HGNC:21707
TMEM253	FALSE	FALSE	HGNC:32545
TMEM30A	FALSE	FALSE	HGNC:16667
TMEM40	FALSE	FALSE	HGNC:25620
TMEM63A	FALSE	FALSE	HGNC:29118
TMEM71	FALSE	FALSE	HGNC:26572
TMPRSS11A	FALSE	FALSE	HGNC:27954
TMPRSS11D	FALSE	FALSE	HGNC:24059
TMPRSS13	FALSE	FALSE	HGNC:29808
TMPRSS2	FALSE	FALSE	HGNC:11876
TMPRSS4	FALSE	FALSE	HGNC:11878
TMSB4X	FALSE	FALSE	HGNC:11881
TMTC2	FALSE	FALSE	HGNC:25440
TMTC3	FALSE	FALSE	HGNC:26899
TMX3	FALSE	FALSE	HGNC:24718
TNC	TRUE	FALSE	HGNC:5318
TNF	FALSE	FALSE	HGNC:11892
TNFAIP3	FALSE	TRUE	HGNC:11896
TNFAIP6	FALSE	FALSE	HGNC:11898
TNFAIP8	FALSE	FALSE	HGNC:17260
TNFAIP8L3	FALSE	FALSE	HGNC:20620
TNFRSF10A	FALSE	FALSE	HGNC:11904
TNFRSF14	FALSE	TRUE	HGNC:11912
TNFRSF17	TRUE	FALSE	HGNC:11913
TNFRSF1B	FALSE	FALSE	HGNC:11917
TNFRSF8	FALSE	FALSE	HGNC:11923
TNFSF10	FALSE	FALSE	HGNC:11925
TNFSF8	FALSE	FALSE	HGNC:11938
TNN	FALSE	FALSE	HGNC:22942
TNPO1	FALSE	FALSE	HGNC:6401
TNPO2	FALSE	FALSE	HGNC:19998
TNR	FALSE	FALSE	HGNC:11953
TNRC18	FALSE	FALSE	HGNC:11962
TNRC6A	FALSE	FALSE	HGNC:11969
TNRC6B	FALSE	FALSE	HGNC:29190
TNS4	FALSE	FALSE	HGNC:24352
TOB1	FALSE	FALSE	HGNC:11979
TOR1B	FALSE	FALSE	HGNC:11995
TOX	FALSE	FALSE	HGNC:18988
TOX3	FALSE	FALSE	HGNC:11972
TP53	TRUE	TRUE	HGNC:11998
TP53BP1	FALSE	FALSE	HGNC:11999
TP53BP2	FALSE	FALSE	HGNC:12000
TP53INP1	FALSE	FALSE	HGNC:18022
TP63	TRUE	TRUE	HGNC:15979
TP73	FALSE	FALSE	HGNC:12003
TPM3	FALSE	TRUE	HGNC:12012
TPO	FALSE	FALSE	HGNC:12015
TPR	FALSE	FALSE	HGNC:12017
TPRG1	FALSE	FALSE	HGNC:24759
TPRG1L	FALSE	FALSE	HGNC:27007
TPSAB1	FALSE	FALSE	HGNC:12019
TPTE	FALSE	FALSE	HGNC:12023
TPTE2	FALSE	FALSE	HGNC:17299
TPX2	FALSE	FALSE	HGNC:1249
TRAF1	FALSE	FALSE	HGNC:12031
TRAF2	FALSE	FALSE	HGNC:12032
TRAF3	FALSE	FALSE	HGNC:12033
TRAF3IP3	FALSE	FALSE	HGNC:30766
TRAF5	FALSE	FALSE	HGNC:12035
TRAF6	FALSE	FALSE	HGNC:12036
TRAF7	FALSE	TRUE	HGNC:20456
TRAIP	FALSE	FALSE	HGNC:30764
TRAK1	FALSE	FALSE	HGNC:29947
TRAPPC2L	FALSE	FALSE	HGNC:30887
TRERF1	FALSE	FALSE	HGNC:18273
TRHDE	FALSE	FALSE	HGNC:30748
TRIM23	FALSE	FALSE	HGNC:660
TRIM24	TRUE	TRUE	HGNC:11812
TRIM27	TRUE	FALSE	HGNC:9975
TRIM28	FALSE	FALSE	HGNC:16384
TRIM33	FALSE	TRUE	HGNC:16290
TRIM37	FALSE	FALSE	HGNC:7523
TRIM48	FALSE	FALSE	HGNC:19021
TRIM51	FALSE	FALSE	HGNC:19023
TRIM58	FALSE	FALSE	HGNC:24150
TRIO	FALSE	FALSE	HGNC:12303
TRIOBP	FALSE	FALSE	HGNC:17009
TRIP12	FALSE	FALSE	HGNC:12306
TRMT10B	FALSE	FALSE	HGNC:26454
TRMT10C	FALSE	FALSE	HGNC:26022
TRMT44	FALSE	FALSE	HGNC:26653
TRO	FALSE	FALSE	HGNC:12326
TRPA1	FALSE	FALSE	HGNC:497
TRPC6	FALSE	FALSE	HGNC:12338
TRPC7	FALSE	FALSE	HGNC:20754
TRPM1	FALSE	FALSE	HGNC:7146
TRPM2	FALSE	FALSE	HGNC:12339
TRPM3	FALSE	FALSE	HGNC:17992
TRPS1	FALSE	FALSE	HGNC:12340
TRPV5	FALSE	FALSE	HGNC:3145
TRPV6	FALSE	FALSE	HGNC:14006
TRRAP	TRUE	FALSE	HGNC:12347
TSC1	FALSE	TRUE	HGNC:12362
TSC2	FALSE	TRUE	HGNC:12363
TSC22D1	FALSE	FALSE	HGNC:16826
TSHR	TRUE	FALSE	HGNC:12373
TSHZ2	FALSE	FALSE	HGNC:13010
TSHZ3	FALSE	FALSE	HGNC:30700
TSPAN18	FALSE	FALSE	HGNC:20660
TSPEAR	FALSE	FALSE	HGNC:1268
TSPYL1	FALSE	FALSE	HGNC:12382
TSPYL2	FALSE	FALSE	HGNC:24358
TSPYL4	FALSE	FALSE	HGNC:21559
TTBK2	FALSE	FALSE	HGNC:19141
TTC14	FALSE	FALSE	HGNC:24697
TTC21B	FALSE	FALSE	HGNC:25660
TTC4	FALSE	FALSE	HGNC:12394
TTK	FALSE	FALSE	HGNC:12401
TTLL5	FALSE	FALSE	HGNC:19963
TTLL9	FALSE	FALSE	HGNC:16118
TUBA1C	FALSE	FALSE	HGNC:20768
TUBA3C	FALSE	FALSE	HGNC:12408
TUBGCP6	FALSE	FALSE	HGNC:18127
TWIST1	FALSE	FALSE	HGNC:12428
TWNK	FALSE	FALSE	HGNC:1160
TXNDC8	FALSE	FALSE	HGNC:31454
TXNIP	FALSE	FALSE	HGNC:16952
TYRP1	FALSE	FALSE	HGNC:12450
TYSND1	FALSE	FALSE	HGNC:28531
TYW1B	FALSE	FALSE	HGNC:33908
U2AF1	TRUE	FALSE	HGNC:12453
U2AF2	FALSE	FALSE	HGNC:23156
U2SURP	FALSE	FALSE	HGNC:30855
UACA	FALSE	FALSE	HGNC:15947
UAP1	FALSE	FALSE	HGNC:12457
UBA2	FALSE	FALSE	HGNC:30661
UBA6	FALSE	FALSE	HGNC:25581
UBAC1	FALSE	FALSE	HGNC:30221
UBAC2	FALSE	FALSE	HGNC:20486
UBB	FALSE	FALSE	HGNC:12463
UBE2A	FALSE	FALSE	HGNC:12472
UBE2D1	FALSE	FALSE	HGNC:12474
UBE2J2	FALSE	FALSE	HGNC:19268
UBR1	FALSE	FALSE	HGNC:16808
UBR3	FALSE	FALSE	HGNC:30467
UBR5	TRUE	FALSE	HGNC:16806
UBXN7	FALSE	FALSE	HGNC:29119
UCHL5	FALSE	FALSE	HGNC:19678
UGT2A1	FALSE	FALSE	HGNC:12542
UGT2A2	FALSE	FALSE	HGNC:28183
UGT2A3	FALSE	FALSE	HGNC:28528
UGT2B10	FALSE	FALSE	HGNC:12544
ULK2	FALSE	FALSE	HGNC:13480
UMPS	FALSE	FALSE	HGNC:12563
UNC13C	FALSE	FALSE	HGNC:23149
UNC5C	FALSE	FALSE	HGNC:12569
UNC5D	FALSE	FALSE	HGNC:18634
UNC80	FALSE	FALSE	HGNC:26582
UNCX	FALSE	FALSE	HGNC:33194
URB1	FALSE	FALSE	HGNC:17344
URB2	FALSE	FALSE	HGNC:28967
USH2A	FALSE	FALSE	HGNC:12601
USP10	FALSE	FALSE	HGNC:12608
USP13	FALSE	FALSE	HGNC:12611
USP16	FALSE	FALSE	HGNC:12614
USP25	FALSE	FALSE	HGNC:12624
USP28	FALSE	FALSE	HGNC:12625
USP29	FALSE	FALSE	HGNC:18563
USP31	FALSE	FALSE	HGNC:20060
USP44	FALSE	TRUE	HGNC:20064
USP5	FALSE	FALSE	HGNC:12628
USP51	FALSE	FALSE	HGNC:23086
USP6	TRUE	FALSE	HGNC:12629
USP7	FALSE	FALSE	HGNC:12630
USP8	TRUE	FALSE	HGNC:12631
USP9X	FALSE	FALSE	HGNC:12632
UTP20	FALSE	FALSE	HGNC:17897
VAMP4	FALSE	FALSE	HGNC:12645
VANGL1	FALSE	FALSE	HGNC:15512
VARS2	FALSE	FALSE	HGNC:21642
VAV1	FALSE	FALSE	HGNC:12657
VCAN	FALSE	FALSE	HGNC:2464
VCPIP1	FALSE	FALSE	HGNC:30897
VCX3B	FALSE	FALSE	HGNC:31838
VEZF1	FALSE	FALSE	HGNC:12949
VHL	FALSE	TRUE	HGNC:12687
VILL	FALSE	FALSE	HGNC:30906
VIPAS39	FALSE	FALSE	HGNC:20347
VIRMA	FALSE	FALSE	HGNC:24500
VIT	FALSE	FALSE	HGNC:12697
VMA21	FALSE	FALSE	HGNC:22082
VN1R2	FALSE	FALSE	HGNC:19872
VN1R4	FALSE	FALSE	HGNC:19871
VPS13B	FALSE	FALSE	HGNC:2183
VPS45	FALSE	FALSE	HGNC:14579
VPS51	FALSE	FALSE	HGNC:1172
VPS53	FALSE	FALSE	HGNC:25608
VSTM2L	FALSE	FALSE	HGNC:16096
VSX2	FALSE	FALSE	HGNC:1975
VWA7	FALSE	FALSE	HGNC:13939
VWF	FALSE	FALSE	HGNC:12726
VXN	FALSE	FALSE	HGNC:28498
WAC	FALSE	FALSE	HGNC:17327
WAPL	FALSE	FALSE	HGNC:23293
WAS	TRUE	FALSE	HGNC:12731
WASF3	FALSE	FALSE	HGNC:12734
WBP11	FALSE	FALSE	HGNC:16461
WBP4	FALSE	FALSE	HGNC:12739
WDFY3	FALSE	FALSE	HGNC:20751
WDR12	FALSE	FALSE	HGNC:14098
WDR24	FALSE	FALSE	HGNC:20852
WDR45	FALSE	FALSE	HGNC:28912
WDR62	FALSE	FALSE	HGNC:24502
WDR64	FALSE	FALSE	HGNC:26570
WDR7	FALSE	FALSE	HGNC:13490
WDR74	FALSE	FALSE	HGNC:25529
WDR75	FALSE	FALSE	HGNC:25725
WDR86	FALSE	FALSE	HGNC:28020
WDR90	FALSE	FALSE	HGNC:26960
WDR93	FALSE	FALSE	HGNC:26924
WDTC1	FALSE	FALSE	HGNC:29175
WIF1	FALSE	TRUE	HGNC:18081
WIPF2	FALSE	FALSE	HGNC:30923
WLS	FALSE	FALSE	HGNC:30238
WNK1	FALSE	FALSE	HGNC:14540
WNK2	FALSE	TRUE	HGNC:14542
WNT2	FALSE	FALSE	HGNC:12780
WNT5B	FALSE	FALSE	HGNC:16265
WRAP73	FALSE	FALSE	HGNC:12759
WRN	FALSE	TRUE	HGNC:12791
WSCD2	FALSE	FALSE	HGNC:29117
WT1	TRUE	TRUE	HGNC:12796
WTIP	FALSE	FALSE	HGNC:20964
WWP1	FALSE	FALSE	HGNC:17004
WWTR1	TRUE	FALSE	HGNC:24042
XBP1	FALSE	FALSE	HGNC:12801
XCL2	FALSE	FALSE	HGNC:10646
XDH	FALSE	FALSE	HGNC:12805
XIRP2	FALSE	FALSE	HGNC:14303
XPA	FALSE	TRUE	HGNC:12814
XPC	FALSE	TRUE	HGNC:12816
XPNPEP2	FALSE	FALSE	HGNC:12823
XPO1	TRUE	FALSE	HGNC:12825
XPO4	FALSE	FALSE	HGNC:17796
XRCC5	FALSE	FALSE	HGNC:12833
XRN1	FALSE	FALSE	HGNC:30654
YAE1	FALSE	FALSE	HGNC:24857
YBX3	FALSE	FALSE	HGNC:2428
YEATS4	FALSE	FALSE	HGNC:24859
YTHDF2	FALSE	FALSE	HGNC:31675
YWHAE	FALSE	TRUE	HGNC:12851
ZAN	FALSE	FALSE	HGNC:12857
ZBTB16	FALSE	TRUE	HGNC:12930
ZBTB20	FALSE	FALSE	HGNC:13503
ZBTB5	FALSE	FALSE	HGNC:23836
ZBTB7A	FALSE	FALSE	HGNC:18078
ZBTB7B	FALSE	FALSE	HGNC:18668
ZC3H11A	FALSE	FALSE	HGNC:29093
ZC3H12A	FALSE	FALSE	HGNC:26259
ZC3H13	FALSE	FALSE	HGNC:20368
ZC3H18	FALSE	FALSE	HGNC:25091
ZC3H4	FALSE	FALSE	HGNC:17808
ZC3HC1	FALSE	FALSE	HGNC:29913
ZC4H2	FALSE	FALSE	HGNC:24931
ZCCHC12	FALSE	FALSE	HGNC:27273
ZCCHC2	FALSE	FALSE	HGNC:22916
ZCCHC24	FALSE	FALSE	HGNC:26911
ZCCHC8	FALSE	FALSE	HGNC:25265
ZCRB1	FALSE	FALSE	HGNC:29620
ZCWPW2	FALSE	FALSE	HGNC:23574
ZDBF2	FALSE	FALSE	HGNC:29313
ZDHHC4	FALSE	FALSE	HGNC:18471
ZEB1	TRUE	FALSE	HGNC:11642
ZFHX3	FALSE	TRUE	HGNC:777
ZFHX4	FALSE	FALSE	HGNC:30939
ZFP14	FALSE	FALSE	HGNC:29312
ZFP36L1	FALSE	FALSE	HGNC:1107
ZFP36L2	FALSE	FALSE	HGNC:1108
ZFP91	FALSE	FALSE	HGNC:14983
ZFPM1	FALSE	FALSE	HGNC:19762
ZFPM2	FALSE	FALSE	HGNC:16700
ZFR2	FALSE	FALSE	HGNC:29189
ZFX	FALSE	FALSE	HGNC:12869
ZG16	FALSE	FALSE	HGNC:30961
ZHX2	FALSE	FALSE	HGNC:18513
ZIC1	FALSE	FALSE	HGNC:12872
ZIC3	FALSE	FALSE	HGNC:12874
ZIC4	FALSE	FALSE	HGNC:20393
ZIC5	FALSE	FALSE	HGNC:20322
ZIM2	FALSE	FALSE	HGNC:12875
ZKSCAN3	FALSE	FALSE	HGNC:13853
ZMIZ1	FALSE	FALSE	HGNC:16493
ZMYM2	FALSE	FALSE	HGNC:12989
ZMYM3	FALSE	TRUE	HGNC:13054
ZMYND10	FALSE	FALSE	HGNC:19412
ZNF131	FALSE	FALSE	HGNC:12915
ZNF133	FALSE	FALSE	HGNC:12917
ZNF143	FALSE	FALSE	HGNC:12928
ZNF165	FALSE	FALSE	HGNC:12953
ZNF180	FALSE	FALSE	HGNC:12970
ZNF181	FALSE	FALSE	HGNC:12971
ZNF207	FALSE	FALSE	HGNC:12998
ZNF208	FALSE	FALSE	HGNC:12999
ZNF215	FALSE	FALSE	HGNC:13007
ZNF217	FALSE	FALSE	HGNC:13009
ZNF226	FALSE	FALSE	HGNC:13019
ZNF227	FALSE	FALSE	HGNC:13020
ZNF253	FALSE	FALSE	HGNC:13497
ZNF28	FALSE	FALSE	HGNC:13073
ZNF292	FALSE	FALSE	HGNC:18410
ZNF296	FALSE	FALSE	HGNC:15981
ZNF319	FALSE	FALSE	HGNC:13644
ZNF324	FALSE	FALSE	HGNC:14096
ZNF331	FALSE	TRUE	HGNC:15489
ZNF33A	FALSE	FALSE	HGNC:13096
ZNF362	FALSE	FALSE	HGNC:18079
ZNF384	FALSE	FALSE	HGNC:11955
ZNF429	FALSE	FALSE	HGNC:20817
ZNF451	FALSE	FALSE	HGNC:21091
ZNF462	FALSE	FALSE	HGNC:21684
ZNF469	FALSE	FALSE	HGNC:23216
ZNF471	FALSE	FALSE	HGNC:23226
ZNF479	FALSE	FALSE	HGNC:23258
ZNF483	FALSE	FALSE	HGNC:23384
ZNF497	FALSE	FALSE	HGNC:23714
ZNF503	FALSE	FALSE	HGNC:23589
ZNF521	TRUE	FALSE	HGNC:24605
ZNF536	FALSE	FALSE	HGNC:29025
ZNF558	FALSE	FALSE	HGNC:26422
ZNF572	FALSE	FALSE	HGNC:26758
ZNF578	FALSE	FALSE	HGNC:26449
ZNF595	FALSE	FALSE	HGNC:27196
ZNF605	FALSE	FALSE	HGNC:28068
ZNF608	FALSE	FALSE	HGNC:29238
ZNF620	FALSE	FALSE	HGNC:28742
ZNF624	FALSE	FALSE	HGNC:29254
ZNF638	FALSE	FALSE	HGNC:17894
ZNF658	FALSE	FALSE	HGNC:25226
ZNF668	FALSE	FALSE	HGNC:25821
ZNF677	FALSE	FALSE	HGNC:28730
ZNF687	FALSE	FALSE	HGNC:29277
ZNF697	FALSE	FALSE	HGNC:32034
ZNF711	FALSE	FALSE	HGNC:13128
ZNF717	FALSE	FALSE	HGNC:29448
ZNF728	FALSE	FALSE	HGNC:32463
ZNF750	FALSE	FALSE	HGNC:25843
ZNF765	FALSE	FALSE	HGNC:25092
ZNF770	FALSE	FALSE	HGNC:26061
ZNF778	FALSE	FALSE	HGNC:26479
ZNF804A	FALSE	FALSE	HGNC:21711
ZNF804B	FALSE	FALSE	HGNC:21958
ZNF814	FALSE	FALSE	HGNC:33258
ZNF823	FALSE	FALSE	HGNC:30936
ZNF830	FALSE	FALSE	HGNC:28291
ZNF831	FALSE	FALSE	HGNC:16167
ZNF844	FALSE	FALSE	HGNC:25932
ZNF99	FALSE	FALSE	HGNC:13175
ZNRF3	FALSE	TRUE	HGNC:18126
ZPBP2	FALSE	FALSE	HGNC:20678
ZRANB3	FALSE	FALSE	HGNC:25249
ZRSR2	FALSE	TRUE	HGNC:23019
ZSCAN31	FALSE	FALSE	HGNC:14097
ZSCAN4	FALSE	FALSE	HGNC:23709
ZSWIM3	FALSE	FALSE	HGNC:16157
ZSWIM6	FALSE	FALSE	HGNC:29316
ZSWIM7	FALSE	FALSE	HGNC:26993
ZWILCH	FALSE	FALSE	HGNC:25468
ZWINT	FALSE	FALSE	HGNC:13195
ZZEF1	FALSE	FALSE	HGNC:29027
