Type	FiveGene	ThreeGene	CancerTypes	PubMedId	KnownExonTranscript	KnownExonUpRange	KnownExonDownRange	HighImpactPromiscuous	Overrides	OverridesRef38	KnownExonTranscriptRef38
EXON_DEL_DUP	AHR	AHR	Urinary tract	HMF Internal	ENST00000242057	7;7	10;10				
EXON_DEL_DUP	ALK	ALK	NSCLC	32368168	ENST00000389048	1;17	18;19				
EXON_DEL_DUP	BRAF	BRAF	Multiple	28481359	ENST00000288602	1;5	7;11				
EXON_DEL_DUP	BRAF	BRAF	Melanoma	5223244	ENST00000288602	17;18	10;10				
EXON_DEL_DUP	CBL	CBL	CML	22733026	ENST00000534358	7;7	10;10				
EXON_DEL_DUP	CTNNB1	CTNNB1	Colon/Rectum	28481359	ENST00000349496	2;3	3;4				
EXON_DEL_DUP	EGFR	EGFR	CNS	24893890	ENST00000275493	1;1	8;8				
EXON_DEL_DUP	EGFR	EGFR	CNS	29321659	ENST00000275493	13;13	16;16				
EXON_DEL_DUP	EGFR	EGFR	NSCLC	30255937	ENST00000275493	25;26	14;18				
EXON_DEL_DUP	FLT3	FLT3	AML	30651634	ENST00000241453	14;15	14;15				
EXON_DEL_DUP	KIT	KIT	GIST	28975118	ENST00000288135	11;11	11;11				
EXON_DEL_DUP	KMT2A	KMT2A	AML	10803509	ENST00000534358	8;13	2;3				
EXON_DEL_DUP	MET	MET	NSCLC	26798595	ENST00000318493	13;13	15;15				
EXON_DEL_DUP	PDGFRA	PDGFRA	CNS	20889717	ENST00000257290	7;7	10;10				
IG_KNOWN_PAIR	IGH	BCL2	Follicular Lymphoma	20698113						IG_RANGE=1;chr14;105586437;106879844 DOWN_GENE_DOWNSTREAM_DISTANCE=50000	
IG_KNOWN_PAIR	IGH	BCL3	Chronic Lymphocytotic Leukemia	21502423						IG_RANGE=1;chr14;105586437;106879844	
IG_KNOWN_PAIR	IGH	BCL6	Diffuse large B-Cell lymphoma	23257435						IG_RANGE=1;chr14;105586437;106879844	
IG_KNOWN_PAIR	IGH	CCND1	Mantle cell lymphoma	31015206						IG_RANGE=1;chr14;105586437;106879844	
IG_KNOWN_PAIR	IGH	CCND2	Mantle cell lymphoma	23255553						IG_RANGE=1;chr14;105586437;106879844	
IG_KNOWN_PAIR	IGH	CEBPE	B-ALL	27007892						IG_RANGE=1;chr14;105586437;106879844	
IG_KNOWN_PAIR	IGH	CRLF2	B-ALL	27561722						IG_RANGE=1;chr14;105586437;106879844	
IG_KNOWN_PAIR	IGH	DUX4	B-ALL	29773604						IG_RANGE=1;chr14;105586437;106879844 ALTS=ALT;chr4;190060000;190190000;ALT;chr10;133660000;133770000	
IG_KNOWN_PAIR	IGH	EPOR	Acute Lymphoblastic Leukemia	27913529						IG_RANGE=1;chr14;105586437;106879844	
IG_KNOWN_PAIR	IGH	FGFR3	Multiple Myeloma	9207791						IG_RANGE=1;chr14;105586437;106879844	
IG_KNOWN_PAIR	IGH	MAF	Multiple Myeloma	11607813						IG_RANGE=1;chr14;105586437;106879844	
IG_KNOWN_PAIR	IGH	MALT1	Malt Lymphoma	20698113						IG_RANGE=1;chr14;105586437;106879844	
IG_KNOWN_PAIR	IGH	MYC	Burkitts Lymphoma	15257933						IG_RANGE=1;chr14;105586437;106879844 DOWN_GENE_DOWNSTREAM_DISTANCE=500000	
IG_KNOWN_PAIR	IGH	NSD2	Multiple Myeloma	10945609						IG_RANGE=1;chr14;105586437;106879844	
IG_KNOWN_PAIR	IGK	CCND2	Mantle cell lymphoma	23255553						IG_RANGE=-1;chr2;88857361;90235368	
IG_KNOWN_PAIR	IGK	EPOR	Acute Lymphoblastic Leukemia	27913529						IG_RANGE=-1;chr2;88857361;90235368	
IG_KNOWN_PAIR	IGK	MYC	B-Cell lymphoma	16888615						IG_RANGE=-1;chr2;88857361;90235368 DOWN_GENE_DOWNSTREAM_DISTANCE=500000	
IG_KNOWN_PAIR	IGL	BCL6	Lymphoma	10811103						IG_RANGE=1;chr22;22026076;22922913	
IG_KNOWN_PAIR	IGL	CCND2	Mantle cell lymphoma	23255553						IG_RANGE=1;chr22;22026076;22922913	
IG_KNOWN_PAIR	IGL	ETV6	Unknown							IG_RANGE=1;chr22;22026076;22922913	
IG_KNOWN_PAIR	IGL	MYC	B-Cell lymphoma							IG_RANGE=1;chr22;22026076;22922913 DOWN_GENE_DOWNSTREAM_DISTANCE=500000	
IG_PROMISCUOUS	IGH									IG_RANGE=1;chr14;105586437;105987984	
IG_PROMISCUOUS	IGK									IG_RANGE=-1;chr2;88857361;90235368	
KNOWN_PAIR	ACSL3	ETV1	Prostate	18594527							
KNOWN_PAIR	ACTB	GLI1	Pericytoma	29309307							
KNOWN_PAIR	ACTB	TFEB	Renal cell carcinoma	31764220							
KNOWN_PAIR	ACTG2	ALK	Leiomyosarcoma	30518629							
KNOWN_PAIR	AGAP3	BRAF	Melanoma	28539463							
KNOWN_PAIR	AGGF1	PDGFRB	ALL	29284681							
KNOWN_PAIR	AGK	BRAF	<Multiple>	26314551							
KNOWN_PAIR	AGR2	ETV1	Prostate	HMF Internal							
KNOWN_PAIR	AHRR	NCOA2	Angiofibroma	22337624							
KNOWN_PAIR	AKAP9	BRAF	Thyroid	26314551							
KNOWN_PAIR	AL121790.1	ETV1	Prostate	30272002						UP_GENE_DOWNSTREAM_DISTANCE=20000	
KNOWN_PAIR	ASPSCR1	TFE3	Renal cell carcinoma	26975036							
KNOWN_PAIR	ATF7IP	JAK2	ALL	29133777							
KNOWN_PAIR	ATF7IP	PDGFRB	ALL	29133777							
KNOWN_PAIR	ATIC	ALK	Lymphoma	11395396							
KNOWN_PAIR	ATP1B1	NRG1	Biliary	28950338							
KNOWN_PAIR	BAG4	FGFR1	Lung	24850843							
KNOWN_PAIR	BCAN	NTRK1	GBM	24647444							
KNOWN_PAIR	BCOR	CCNB3	Sarcoma	29300189							
KNOWN_PAIR	BCOR	MAML3	Endometrial stromal sarcoma	26752546							
KNOWN_PAIR	BCOR	RARA	Acute Promyelocytic Leukemia	20807888							
KNOWN_PAIR	BCR	ABL1	ALL	21435002							
KNOWN_PAIR	BCR	FGFR1	CML	11739186							
KNOWN_PAIR	BCR	JAK2	CML	16001431							
KNOWN_PAIR	BCR	NTRK2	GBM	30936198							
KNOWN_PAIR	BCR	PDGFRA	ALL	26095243							
KNOWN_PAIR	BIRC3	MALT1	Lymphoma	16804917							
KNOWN_PAIR	BRD3	NUTM1	Sarcoma	29356724							
KNOWN_PAIR	BRD4	LEUTX	MPNST	34041805							
KNOWN_PAIR	BRD4	NUTM1	Sarcoma	29356724							
KNOWN_PAIR	CANT1	ETV4	Prostate	18451133							
KNOWN_PAIR	CARS1	ALK	Inflammatory myofibroblastic tumor	13679433							
KNOWN_PAIR	CBFA2T3	GLIS2	AML	23407549							
KNOWN_PAIR	CBFB	MYH11	AML	11561156							
KNOWN_PAIR	CCDC6	RET	Lung	23154560							
KNOWN_PAIR	CCDC6	ROS1	Lung	22975805							
KNOWN_PAIR	CCDC88C	PDGFRB	Leukemia	24772479							
KNOWN_PAIR	CD74	NRG1	Lung	24469108							
KNOWN_PAIR	CD74	NTRK1	Lung	24162815							
KNOWN_PAIR	CD74	ROS1	Lung	23877438							
KNOWN_PAIR	CDH11	USP6	Aneurysmal bone cysts	15735689							
KNOWN_PAIR	CDK5RAP2	PDGFRA	Leukemia	16845659							
KNOWN_PAIR	CDKN2D	WDFY2	Ovary	24675677							
KNOWN_PAIR	CEP43	FGFR1	Luekemia	15570299							
KNOWN_PAIR	CEP85L	PDGFRB	Leukemia	23186533							
KNOWN_PAIR	CEP85L	ROS1	Sarcoma	27153396							
KNOWN_PAIR	CHCHD7	PLAG1	Salivary gland	30307055							
KNOWN_PAIR	CHD7	BEND2	<Multiple>	31160355							
KNOWN_PAIR	CIC	DUX4	Sarcoma	30353686						ALTS=ALT;chr4;190060000;190190000;ALT;chr10;133660000;133770000	
KNOWN_PAIR	CIC	FOXO4	Small round cell sarcoma	25007147							
KNOWN_PAIR	CIC	LEUTX	Central nervous system embryonal tumor	33344249							
KNOWN_PAIR	CIC	NUTM1	Sarcoma	29700887							
KNOWN_PAIR	CLCN6	BRAF	Pilocytic Astrocytoma	23817572							
KNOWN_PAIR	CLIP1	LTK	Lung	34819663							
KNOWN_PAIR	CLTC	ALK	Lymphoma	29079636							
KNOWN_PAIR	CLTC	TFE3	Renal cell carcinoma	12917640							
KNOWN_PAIR	CLTC	TFEB	Renal cell carcinoma	31764220							
KNOWN_PAIR	CNTRL	FGFR1	Leukemia	31250523							
KNOWN_PAIR	COL1A1	PDGFB	Dermatofibrosarcoma	10565681							
KNOWN_PAIR	COL1A1	USP6	Aneurysmal bone cysts	15735689							
KNOWN_PAIR	COL1A2	PLAG1	Lipoblastoma	10987300							
KNOWN_PAIR	COL3A1	PLAG1	Lipoblastoma	24700772							
KNOWN_PAIR	CRTC1	MAML2	Salivary gland	17437281							
KNOWN_PAIR	CRTC3	MAML2	Salivary gland	19749740							
KNOWN_PAIR	CSF1	CDH1	Tenosynovial giant cell tumor	31107544							
KNOWN_PAIR	CSF1	COL6A3	Tenosynovial giant cell tumor	31107544							
KNOWN_PAIR	CSF1	FN1	Tenosynovial giant cell tumor	31107544							
KNOWN_PAIR	CSF1	VCAM1	Tenosynovial giant cell tumor	31107544							
KNOWN_PAIR	CTLA4	CD28	Lymphoma	26819049							
KNOWN_PAIR	CTNNB1	PLAG1	Salivary gland	30307055							
KNOWN_PAIR	CUL1	BRAF	Ovary	26324360							
KNOWN_PAIR	CUX1	BRAF	Melanoma	26314551							
KNOWN_PAIR	CUX1	FGFR1	Leukemia	21330321							
KNOWN_PAIR	DCTN1	ALK	Lung (NSCLC)	29079636							
KNOWN_PAIR	DEK	AFF2	<Multiple>	34108636							
KNOWN_PAIR	DEK	NUP214	Leukemia	25120641							
KNOWN_PAIR	DNAJB1	PRKACA	Liver;Pancreas;Biliary	31676785							
KNOWN_PAIR	DTD1	PDGFRB	Leukemia	24772479							
KNOWN_PAIR	EBF1	PDGFRB	ALL	26872634							
KNOWN_PAIR	EGFR	RAD51	Lung	29290255							
KNOWN_PAIR	EGFR	SEPTIN14	GBM	23917401							
KNOWN_PAIR	EIF3E	RSPO2	Colorectal	22895193							
KNOWN_PAIR	EIF5A	TERT	Liver	HMF Internal							
KNOWN_PAIR	EML1	ABL1	ALL	19166098							
KNOWN_PAIR	EML4	ALK	Lung (NSCLC); <Multiple>	17625570							
KNOWN_PAIR	EML4	NTRK3	Sarcoma	27148571							
KNOWN_PAIR	EP300	ZNF384	ALL	25943178							
KNOWN_PAIR	EP400	PHF1	Ossifying fibromyxoid tumor	23806526							
KNOWN_PAIR	EPC1	PHF1	Ossifying fibromyxoid tumor; Endometrial Stromal Sarcoma	26732302							
KNOWN_PAIR	EPCAM	MSH2	Colorectal	21791569							
KNOWN_PAIR	ERC1	RET	Lung	27825636							
KNOWN_PAIR	ETV6	ABL1	Leukemia	27229714							
KNOWN_PAIR	ETV6	ABL2	ALL	22373549							
KNOWN_PAIR	ETV6	ACSL6	Leukemia	27746819							
KNOWN_PAIR	ETV6	FLT3	Leukemia	24854988							
KNOWN_PAIR	ETV6	JAK2	CML	9326218							
KNOWN_PAIR	ETV6	LYN	Leukemia	29153093							
KNOWN_PAIR	ETV6	NTRK3	<Multiple>	10702799							
KNOWN_PAIR	ETV6	PDGFRA	Leukemia	17555450							
KNOWN_PAIR	ETV6	PDGFRB	CML	22271894							
KNOWN_PAIR	ETV6	RUNX1	ALL	28418909							
KNOWN_PAIR	EWSR1	ATF1	Sarcoma	22510762							
KNOWN_PAIR	EWSR1	CREB1	Sarcoma	22510762							
KNOWN_PAIR	EWSR1	CREB3L1	Sarcoma	24441665							
KNOWN_PAIR	EWSR1	CREM	Sarcoma	28009602							
KNOWN_PAIR	EWSR1	DDIT3	Liposarcoma	17647282							
KNOWN_PAIR	EWSR1	ERG	Ewings' Sarcoma	28141799							
KNOWN_PAIR	EWSR1	ETV1	Ewings' Sarcoma	7700648							
KNOWN_PAIR	EWSR1	ETV4	Ewings' Sarcoma	9858836							
KNOWN_PAIR	EWSR1	FEV	Sarcoma	23329308							
KNOWN_PAIR	EWSR1	FLI1	Ewings' Sarcoma	1522903							
KNOWN_PAIR	EWSR1	KLF17	Myoepithelial tumors	25706482							
KNOWN_PAIR	EWSR1	NFATC2	Sarcoma	30994538							
KNOWN_PAIR	EWSR1	NR4A3	Sarcoma	28141799							
KNOWN_PAIR	EWSR1	PATZ1	Sarcoma	https://www.nature.com/articles/s41379-019-0301-1							
KNOWN_PAIR	EWSR1	PBX1	Myoepithelial tumors	18383210							
KNOWN_PAIR	EWSR1	PBX3	Myoepithelial tumors	25231231							
KNOWN_PAIR	EWSR1	POU5F1	Sarcoma	21962892							
KNOWN_PAIR	EWSR1	SP3	Sarcoma	17690209							
KNOWN_PAIR	EWSR1	SSX1	Ewing's Sarcoma	HMF Internal							
KNOWN_PAIR	EWSR1	TFCP2	Rhabdomyosarcoma	32556562							
KNOWN_PAIR	EWSR1	TFEB	Renal cell carcinoma	31764220							
KNOWN_PAIR	EWSR1	WT1	Desmoplastic small round cell tumour	28141799							
KNOWN_PAIR	EWSR1	YY1	Mesothelioma	23630070							
KNOWN_PAIR	EWSR1	ZNF444	Sarcoma	20815032							
KNOWN_PAIR	EZR	ROS1	Lung	23418494							
KNOWN_PAIR	FAM131B	BRAF	Pilocytic Astrocytoma	21424530							
KNOWN_PAIR	FGFR1	PLAG1	Salivary gland	29084941							
KNOWN_PAIR	FGFR1	TACC1	GBM	27852792							
KNOWN_PAIR	FGFR1OP2	FGFR1	Luekemia	15034873							
KNOWN_PAIR	FGFR2	AHCYL1	Biliary	24122810							
KNOWN_PAIR	FGFR2	BICC1	Biliary	24122810							
KNOWN_PAIR	FGFR2	CCDC6	Breast	23558953							
KNOWN_PAIR	FGFR2	OGA	Biliary	31899106							
KNOWN_PAIR	FGFR2	PPHLN1	Biliary	25608663							
KNOWN_PAIR	FGFR2	TACC2	Breast	HMF Internal							
KNOWN_PAIR	FGFR3	BAIAP2L1	Bladder	23175443							
KNOWN_PAIR	FGFR3	JAKMIP1	Bladder	23887298							
KNOWN_PAIR	FGFR3	TACC3	<Multiple>	26425723							
KNOWN_PAIR	FIP1L1	PDGFRA	Luekemia								
KNOWN_PAIR	FN1	ALK	Leiomyoma	22570254							
KNOWN_PAIR	FN1	FGFR1	Phosphaturic Mesenchymal Tumour	25319834							
KNOWN_PAIR	FOXP1	ABL1	ALL	18007576							
KNOWN_PAIR	FUS	ATF1	angiomatoid fibrous histiocytoma	12218455							
KNOWN_PAIR	FUS	CREB3L1	Sarcoma	24441665							
KNOWN_PAIR	FUS	CREB3L2	Sarcoma	24441665							
KNOWN_PAIR	FUS	DDIT3	Liposarcoma	18850010							
KNOWN_PAIR	FUS	ERG	Ewings' Sarcoma	12907633							
KNOWN_PAIR	FUS	FEV	Sarcoma	17620387							
KNOWN_PAIR	FUS	KLF17	Myoepithelial tumors	25706482							
KNOWN_PAIR	FUS	TFCP2	Sarcoma	29758589							
KNOWN_PAIR	GIT2	PDGFRB	CML	17296564							
KNOWN_PAIR	GNAI1	BRAF	Pilocytic Astrocytoma	23817572							
KNOWN_PAIR	GOPC	ROS1	<Multiple>	2827175							
KNOWN_PAIR	GTF2I	RARA	Acute Promyelocytic Leukemia	25284716							
KNOWN_PAIR	HAS2	PLAG1	Lipoblastoma	10987300							
KNOWN_PAIR	HEY1	NCOA2	Mesenchymal chondrosarcoma	22034177							
KNOWN_PAIR	HIP1	ALK	Lung (NSCLC)	29079636							
KNOWN_PAIR	HIP1	PDGFRB	Leukemia	9616134							
KNOWN_PAIR	HMGA2	ACKR3	Lipoma	12118328							
KNOWN_PAIR	HMGA2	EBF1	Lipoma	16133369							
KNOWN_PAIR	HMGA2	LHFPL6	Lipoma	16133369							
KNOWN_PAIR	HMGA2	LPP	Lipoma	16133369							
KNOWN_PAIR	HMGA2	NCOR2	Giant cell tumors of soft tissue 	https://doi.org/10.1038/s41379-021-00789-8							
KNOWN_PAIR	HMGA2	NFIB	Lipoma	16133369							
KNOWN_PAIR	HMGA2	PLPP3	Lipoma	23508853							
KNOWN_PAIR	HMGA2	SETBP1	Lipoma	26202160							
KNOWN_PAIR	HMGA2	WIF1	Salivary gland	17171686							
KNOWN_PAIR	HMGN2P46	MYC	Prostate	22745232							
KNOWN_PAIR	HNRNPA2B1	ETV1	Prostate	18594527							
KNOWN_PAIR	HOOK3	RET	Papillary Thyroid Carcinoma	17639057							
KNOWN_PAIR	IRF2BP2	CDX1	Mesenchymal chondrosarcoma	23185413							
KNOWN_PAIR	IRF2BP2	NTRK1	Lung	30691963							
KNOWN_PAIR	ITK	SYK	Peripheral T-cell lymphomas	20670954							
KNOWN_PAIR	JAZF1	PHF1	Endometrial stromal sarcoma	16397222							
KNOWN_PAIR	JAZF1	SUZ12	Endometrial stromal sarcoma	26879382							
KNOWN_PAIR	KANK1	PDGFRB	Leukemia	20164854							
KNOWN_PAIR	KAT6A	CREBBP	AML	30759270							
KNOWN_PAIR	KAT6A	EP300	AML	10824998							
KNOWN_PAIR	KAT6A	NCOA2	AML	9558366							
KNOWN_PAIR	KAT6B	KANSL1	Leiomyoma	25621995							
KNOWN_PAIR	KCTD8	NTRK2	Glioma	29718398							
KNOWN_PAIR	KDELR2	ROS1	Lung	23719267							
KNOWN_PAIR	KDR	PDGFRA	GBM	20889717							
KNOWN_PAIR	KIAA1549	BRAF	<Multiple>	26314551							
KNOWN_PAIR	KIF5B	ALK	Lung (NSCLC)	29079636							
KNOWN_PAIR	KIF5B	MET	Lung	30015159							
KNOWN_PAIR	KIF5B	PDGFRA	Luekemia	16498388							
KNOWN_PAIR	KIF5B	RET	Lung	22327624							
KNOWN_PAIR	KLC1	ALK	Lung (NSCLC)	29079636							
KNOWN_PAIR	KLK2	ETV1	Prostate	21036922							
KNOWN_PAIR	KLK2	ETV4	Prostate	18451133							
KNOWN_PAIR	KMT2A	ABI1	AML	28701730							
KNOWN_PAIR	KMT2A	ACTN4	AML;ALL	28701730							
KNOWN_PAIR	KMT2A	AFDN	AML	28701730							
KNOWN_PAIR	KMT2A	AFF1	AML;ALL	28701730							
KNOWN_PAIR	KMT2A	AFF3	ALL	28701730							
KNOWN_PAIR	KMT2A	AFF4	ALL	28701730							
KNOWN_PAIR	KMT2A	ARHGAP26	AML	15382263							
KNOWN_PAIR	KMT2A	BTBD18	ALL	28701730							
KNOWN_PAIR	KMT2A	CBL	AML;ALL	28701730							
KNOWN_PAIR	KMT2A	CEP170B	AML	28701730							
KNOWN_PAIR	KMT2A	CIP2A	AML	20943269							
KNOWN_PAIR	KMT2A	CREBBP	Leukemia	28701730							
KNOWN_PAIR	KMT2A	ELL	AML	28701730							
KNOWN_PAIR	KMT2A	EP300	AML	18778367							
KNOWN_PAIR	KMT2A	EPS15	AML;ALL	28701730							
KNOWN_PAIR	KMT2A	FLNA	AML	28701730							
KNOWN_PAIR	KMT2A	FOXO3	ALL	28701730							
KNOWN_PAIR	KMT2A	FOXO4	ALL	22429121							
KNOWN_PAIR	KMT2A	GAS7	ALL	16956839							
KNOWN_PAIR	KMT2A	GPHN	Leukemia	11579461							
KNOWN_PAIR	KMT2A	LASP1	AML	12527918							
KNOWN_PAIR	KMT2A	MAML2	ALL	28701730							
KNOWN_PAIR	KMT2A	MLLT1	AML;ALL	28701730							
KNOWN_PAIR	KMT2A	MLLT10	AML;ALL	28701730							
KNOWN_PAIR	KMT2A	MLLT11	AML;ALL	28701730							
KNOWN_PAIR	KMT2A	MLLT3	AML;ALL	28701730							
KNOWN_PAIR	KMT2A	MLLT6	AML;ALL	28701730							
KNOWN_PAIR	KMT2A	MYO1F	AML	28701730							
KNOWN_PAIR	KMT2A	NCKIPSD	Leukemia	10648423							
KNOWN_PAIR	KMT2A	NEBL	AML	28701730							
KNOWN_PAIR	KMT2A	PICALM	AML;ALL	28701730							
KNOWN_PAIR	KMT2A	SEPTIN2	Leukemia	16682951							
KNOWN_PAIR	KMT2A	SEPTIN5	AML;ALL	28701730							
KNOWN_PAIR	KMT2A	SEPTIN6	AML	28701730							
KNOWN_PAIR	KMT2A	SEPTIN9	AML;ALL	28701730							
KNOWN_PAIR	KMT2A	TET1	AML;ALL	28701730							
KNOWN_PAIR	KMT2A	TNRC18	ALL	28701730							
KNOWN_PAIR	KMT2E	ASNS	ALL	28069604							
KNOWN_PAIR	LIFR	PLAG1	Salivary gland	30307055							
KNOWN_PAIR	LIMA1	ROS1	Lung	30980071							
KNOWN_PAIR	LMNA	NTRK1	Sarcoma	30709876							
KNOWN_PAIR	LRIG3	ROS1	Lung	27535289							
KNOWN_PAIR	MALAT1	TFEB	Renal cell carcinoma	31764220							
KNOWN_PAIR	MBTD1	EZHIP	Endometrial stromal sarcoma	23959973							
KNOWN_PAIR	MEAF6	PHF1	Ossifying fibromyxoid tumor; Endometrial Stromal Sarcoma	26732302							
KNOWN_PAIR	MEF2D	BCL9	ALL	27507882							
KNOWN_PAIR	MEF2D	CSF1R	ALL	27824051							
KNOWN_PAIR	MKRN1	BRAF	<Multiple>	26314551							
KNOWN_PAIR	MN1	ETV6	Luekemia	29273914							
KNOWN_PAIR	MN1	PATZ1	HGG	32397004							
KNOWN_PAIR	MNX1	ETV6	Luekemia	18940475							
KNOWN_PAIR	MPRIP	NTRK1	Lung	24162815							
KNOWN_PAIR	MSMB	ERG	Prostate	HMF Internal							
KNOWN_PAIR	MSN	ALK	Anaplastic large cell lymphoma	11310834							
KNOWN_PAIR	MSN	ROS1	Anaplastic large cell lymphoma	23719267							
KNOWN_PAIR	MYB	NFIB	Salivary gland	21618541							
KNOWN_PAIR	MYBL1	C8orf34	LGG	32164789							
KNOWN_PAIR	MYBL1	NFIB	Salivary gland	26631609							
KNOWN_PAIR	MYH9	USP6	Nodular Fasciitis	28752842							
KNOWN_PAIR	MYO5A	NTRK3	Spitz tumors	27477320							
KNOWN_PAIR	NAB2	STAT6	Solitary fibrous tumor	26226844							
KNOWN_PAIR	NCOA4	RET	Lung	23150706							
KNOWN_PAIR	NDRG1	ERG	Prostate	19649210							
KNOWN_PAIR	NFASC	NTRK1	GBM	24647444							
KNOWN_PAIR	NONO	TFE3	Renal cell carcinoma	26975036							
KNOWN_PAIR	NOS1AP	NTRK2	Glioma	29718398							
KNOWN_PAIR	NPM1	ALK	Lymphoma	29079636							
KNOWN_PAIR	NPM1	MLF1	AML	25027285							
KNOWN_PAIR	NPM1	RARA	Acute Promyelocytic Leukemia	26754533							
KNOWN_PAIR	NRF1	BRAF	Urinary Tract	31010895							
KNOWN_PAIR	NSD3	NUTM1	Nut Midline carcinoma	24875858							
KNOWN_PAIR	NUP214	ABL1	ALL	19166098							
KNOWN_PAIR	NUP98	ADD3	ALL	12810632							
KNOWN_PAIR	NUP98	DDX10	AML	23522748							
KNOWN_PAIR	NUP98	HOXA13	AML	12112533							
KNOWN_PAIR	NUP98	HOXA9	AML	8563754							
KNOWN_PAIR	NUP98	HOXC11	AML	12970787							
KNOWN_PAIR	NUP98	HOXD13	Leukemia	30700838							
KNOWN_PAIR	NUP98	KDM5A	Leukemia	31698461							
KNOWN_PAIR	NUP98	NSD1	AML	23630019							
KNOWN_PAIR	NUP98	PHF23	AML	27060678							
KNOWN_PAIR	NUP98	PSIP1	Leukemia	22103895							
KNOWN_PAIR	NUP98	RAP1GDS1	ALL	10477737							
KNOWN_PAIR	OMD	USP6	Aneurysmal bone cysts	15735689							
KNOWN_PAIR	P2RY8	CRLF2	ALL	28371317							
KNOWN_PAIR	PAPSS1	BRAF	Melanoma	24345920							
KNOWN_PAIR	PAX3	FOXO1	Rhabdomyosarcoma	18457914							
KNOWN_PAIR	PAX3	MAML3	Biphenotypic sinonasal sarcoma	24859338							
KNOWN_PAIR	PAX3	NCOA1	Biphenotypic sinonasal sarcoma	26371783							
KNOWN_PAIR	PAX3	NCOA2	Embryonal rhabdomyosarcoma	24213582							
KNOWN_PAIR	PAX5	AUTS2	ALL	22578776							
KNOWN_PAIR	PAX5	ELN	ALL	17179230							
KNOWN_PAIR	PAX5	ETV6	ALL	23090680							
KNOWN_PAIR	PAX5	JAK2	ALL	27516428							
KNOWN_PAIR	PAX5	PML	ALL	20972455							
KNOWN_PAIR	PAX7	FOXO1	Alveolar rhabdomyosarcoma	26008753							
KNOWN_PAIR	PAX8	GLIS3	Hyalinizing Trabecular Tumors of the Thyroid	31273314							
KNOWN_PAIR	PAX8	PPARA	Thyroid	28008156							
KNOWN_PAIR	PAX8	PPARG	Thyroid	25069464							
KNOWN_PAIR	PCM1	JAK2	Lymphoma;Leukemia	21091042							
KNOWN_PAIR	PICALM	MLLT10	AML	20875875							
KNOWN_PAIR	PLAGL1	FOXO1	Ependymomas	34355256							
KNOWN_PAIR	PML	PRAM1	Leukemia	11301322							
KNOWN_PAIR	PML	RARA	Acute Promyelocytic Leukemia	24720386							
KNOWN_PAIR	PPFIBP1	ALK	Lung	23957430							
KNOWN_PAIR	PRCC	TFE3	Renal cell carcinoma	26975036							
KNOWN_PAIR	PRKAR1A	RET	Papillary Thyroid Carcinoma	7678053							
KNOWN_PAIR	PRKG2	PDGFRB	CML	17296564							
KNOWN_PAIR	PTPRK	RSPO3	Colorectal	26924569							
KNOWN_PAIR	PTPRZ1	MET	HGG	25135958							
KNOWN_PAIR	QKI	NTRK2	Astrocytomas	27402815							
KNOWN_PAIR	QKI	RAF1	LGG	28806393							
KNOWN_PAIR	RAB2A	PLAG1	Lipoblastoma	24700772							
KNOWN_PAIR	RABEP1	PDGFRB	Leukemia	24951465							
KNOWN_PAIR	RANBP2	ALK	Inflammatory Myofibroblastic Tumor	12661011							
KNOWN_PAIR	RARB	TBL1XR1	Acute promyelocytic leukemia	29921692							
KNOWN_PAIR	RBM10	TFE3	Renal cell carcinoma	28296677							
KNOWN_PAIR	RBM15	MAL	AML	15849773							
KNOWN_PAIR	RBPMS	NTRK3	Fibroblastic tumor	30187580							
KNOWN_PAIR	RCSD1	ABL1	ALL	21863287							
KNOWN_PAIR	RNF130	BRAF	Pilocytic Astrocytoma	23817572							
KNOWN_PAIR	RPN1	MECOM	Leukemia	21157145							
KNOWN_PAIR	RREB1	MRTFB	Biphenotypic Sinonasal Sarcomas	29266774							
KNOWN_PAIR	RUNX1	CBFA2T3	AML	20520637							
KNOWN_PAIR	RUNX1	MECOM	AML	22950073							
KNOWN_PAIR	RUNX1	PRDM16	AML	18202228							
KNOWN_PAIR	RUNX1	RUNX1T1	AML	15156181							
KNOWN_PAIR	RUNX1	USP42	AML	23877199							
KNOWN_PAIR	SDC4	ROS1	Lung	25567305							
KNOWN_PAIR	SEC31A	ALK	Lung	29079636							
KNOWN_PAIR	SEC31A	JAK2	Hodgkins Lymphoma	27516428							
KNOWN_PAIR	SERPINE1	FOSB	Pseudomyogenic haemangioendothelioma	24374978							
KNOWN_PAIR	SET	NUP214	ALL	18299449							
KNOWN_PAIR	SFPQ	ABL1	ALL	21435002							
KNOWN_PAIR	SFPQ	TFE3	Renal cell carcinoma	26975036							
KNOWN_PAIR	SLC34A2	ROS1	Lung	25567305							
KNOWN_PAIR	SLC3A2	NRG1	Invasive mucinous adenocarcinoma of the lung	27626312							
KNOWN_PAIR	SLC44A1	PRKCA	Glioneuronal tumors	26260115							
KNOWN_PAIR	SLC45A3	BRAF	Prostate	20526349							
KNOWN_PAIR	SLC45A3	ERG	Prostate	20118910							
KNOWN_PAIR	SLC45A3	ETV1	Prostate	23814484							
KNOWN_PAIR	SLC45A3	ETV5	Prostate	18172298							
KNOWN_PAIR	SND1	BRAF	Pancreatic	28481359							
KNOWN_PAIR	SNX2	ABL1	ALL	21391972							
KNOWN_PAIR	SPTBN1	PDGFRB	Leukemia	30377450							
KNOWN_PAIR	SQSTM1	ALK	Lymphoma	21134980							
KNOWN_PAIR	SQSTM1	NTRK1	Thyroid	28351223							
KNOWN_PAIR	SRF	E2F1	Myoepithelioma	28947952							
KNOWN_PAIR	SRF	FOXO1	Rhabdomyosarcoma	32187044							
KNOWN_PAIR	SRF	ICA1L	Cellular myoid neoplasm	31478943							
KNOWN_PAIR	SRF	NCOA1	Rhabdomyosarcoma	32187044							
KNOWN_PAIR	SRF	NCOA2	Spindle cell rhabdomyosarcoma	23463663							
KNOWN_PAIR	SRF	RELA	Cellular myofibroblastic tumors	28248815							
KNOWN_PAIR	SRGAP3	RAF1	Pilocytic Astrocytoma	23242278							
KNOWN_PAIR	SS18	SSX1	Synovial sarcoma	22976541							
KNOWN_PAIR	SS18	SSX2	Synovial sarcoma	22976541							
KNOWN_PAIR	SS18	SSX4	Synovial sarcoma	10359553							
KNOWN_PAIR	SS18L1	SSX1	Synovial Sarcoma	12696068							
KNOWN_PAIR	SSBP2	JAK2	ALL	27516428							
KNOWN_PAIR	STAT5B	RARA	Acute Promyelocytic Leukemia	18221386							
KNOWN_PAIR	STIL	TAL1	ALL	25304610							
KNOWN_PAIR	STRN	ALK	Thyroid	29079636							
KNOWN_PAIR	STRN	NTRK2	Sarcoma	https://ascopubs.org/doi/full/10.1200/PO.18.00101							
KNOWN_PAIR	STRN	PDGFRA	Leukemia	17555450							
KNOWN_PAIR	STRN3	JAK2	ALL	27516428							
KNOWN_PAIR	TAF15	NR4A3	Extraskeletal myxoid chondrosarcoma	24746215							
KNOWN_PAIR	TAF15	ZNF384	ALL	21504714							
KNOWN_PAIR	TBL1XR1	TP63	Non-hodgkins lymphoma	22496164							
KNOWN_PAIR	TCEA1	PLAG1	Salivary gland	16736500							
KNOWN_PAIR	TCF12	NR4A3	Extraskeletal myxoid chondrosarcoma	24746215							
KNOWN_PAIR	TCF3	HLF	ALL	30765470							
KNOWN_PAIR	TCF3	PBX1	ALL	25729575							
KNOWN_PAIR	TEAD1	NCOA2	Spindle cell rhabdomyosarcoma	23463663							
KNOWN_PAIR	TFG	ALK	Lymphoma	10556217							
KNOWN_PAIR	TFG	NR4A3	Extraskeletal myxoid chondrosarcoma	24508382							
KNOWN_PAIR	TFG	NTRK1	Thyroid	19883730							
KNOWN_PAIR	TFG	ROS1	Myofibroblastic tumors	25723109							
KNOWN_PAIR	TGFBR3	OGA	Pleomorphic Hyalinizing Angiectatic Tumors	24705316							
KNOWN_PAIR	TGFBR3	PLAG1	Salivary gland	29084941							
KNOWN_PAIR	THADA	IGF2BP3	Thyroid	28193878							
KNOWN_PAIR	THRAP3	USP6	Aneurysmal bone cysts	15735689							
KNOWN_PAIR	TLX3	BCL11B	Leukemia	21225930							
KNOWN_PAIR	TMPRSS2	ERG	Prostate	20118910							
KNOWN_PAIR	TMPRSS2	ETV1	Prostate	17390040							
KNOWN_PAIR	TMPRSS2	ETV4	Prostate	16585160							
KNOWN_PAIR	TMPRSS2	ETV5	Prostate	18172298							
KNOWN_PAIR	TNKS2	PDGFRA	Leukemia	25658984							
KNOWN_PAIR	TNS1	ALK	Uterine mesenchymal	31264439							
KNOWN_PAIR	TP53BP1	PDGFRB	Leukemia	15492236							
KNOWN_PAIR	TPM3	ALK	Inflammatory myofibroblastic tumors	29079636							
KNOWN_PAIR	TPM3	NTRK1	Thyroid	19883730							
KNOWN_PAIR	TPM3	ROS1	Lung	25567305							
KNOWN_PAIR	TPM4	ALK	Inflammatory myofibroblastic tumors	10934142							
KNOWN_PAIR	TPR	ALK	Lung	24736082							
KNOWN_PAIR	TPR	MET	Glioblastoma;Lung	2300559							
KNOWN_PAIR	TPR	NTRK1	Thyroid	28351223							
KNOWN_PAIR	TRAF1	ALK	Anaplastic large cell lymphoma	26187744							
KNOWN_PAIR	TRIM24	BRAF	Melanoma	24345920							
KNOWN_PAIR	TRIM33	RET	Lung	27825636							
KNOWN_PAIR	UBE2L3	KRAS	Prostate	22140652							
KNOWN_PAIR	VCL	ALK	Renal cell carcinoma	24698962							
KNOWN_PAIR	VGLL2	CITED2	Rhabdomyosarcoma	26501226							
KNOWN_PAIR	VGLL2	NCOA1	Rhabdomyosarcoma	32187044							
KNOWN_PAIR	VGLL2	NCOA2	Rhabdomyosarcoma	26501226							
KNOWN_PAIR	WWTR1	CAMTA1	Epithelioid Hemangioendothelioma	21584898							
KNOWN_PAIR	YAP1	FAM118B	Ependymoma	25965575							
KNOWN_PAIR	YAP1	MAMLD1	Ependymoma	30246434							
KNOWN_PAIR	YAP1	TFE3	Epithelioid Hemangioendothelioma	12917640							
KNOWN_PAIR	YWHAE	IQCK	Myxofibrosarcoma	HMF Internal							
KNOWN_PAIR	YWHAE	NUTM2A	Endometrial stromal sarcoma	28390819							
KNOWN_PAIR	YWHAE	NUTM2B	Endometrial stromal sarcoma	28390819							
KNOWN_PAIR	YWHAE	ROS1	Myofibroblastic tumors	23719267							
KNOWN_PAIR	ZBTB16	RARA	Acute Promyelocytic Leukemia	23071480							
KNOWN_PAIR	ZC3H7B	BCOR	Endometrial stromal sarcoma	26752546							
KNOWN_PAIR	ZFP36	FOSB	Epithelioid Hemangioma	25043949							
KNOWN_PAIR	ZFTA	MRTFB	Chondroid Lipomas	23672313							
KNOWN_PAIR	ZFTA	RELA	Supratentorial ependymoma	30514397							
KNOWN_PAIR	ZMIZ1	ABL1	ALL	18007576							
KNOWN_PAIR	ZMYM2	FGFR1	Leukemia	23751892							
PROMISCUOUS_3		ABL1	ALL								
PROMISCUOUS_3		ALK	<multiple>		ENST00000389048		20;21	TRUE			
PROMISCUOUS_3		BRAF	<multiple>		ENST00000288602		8;11	TRUE			
PROMISCUOUS_3		CRLF2	ALL								
PROMISCUOUS_3		ERG	Prostate; Ewings' Sarcoma								
PROMISCUOUS_3		ETV1	Prostate;Ewings' Sarcoma		ENST00000430479		5;9				
PROMISCUOUS_3		ETV4	Prostate; Ewings' Sarcoma		ENST00000319349		2;6				
PROMISCUOUS_3		ETV6	Leukemia								
PROMISCUOUS_3		FGFR1	Leukemias								
PROMISCUOUS_3		JAK2	CML; Lymphoma								
PROMISCUOUS_3		MAML2	Salivary Gland; ALL								
PROMISCUOUS_3		MET						TRUE			
PROMISCUOUS_3		MYC	Prostate								
PROMISCUOUS_3		NCOA1	Sarcoma & Leukemia								
PROMISCUOUS_3		NCOA2	Sarcoma & Leukemia								
PROMISCUOUS_3		NFIB	Salivary Gland; Lipoma								
PROMISCUOUS_3		NR4A3	Extraskeletal myxoid chondrosarcoma								
PROMISCUOUS_3		NRG1	Lung					TRUE			
PROMISCUOUS_3		NTRK1	<multiple>					TRUE			
PROMISCUOUS_3		NTRK2	<multiple>					TRUE			
PROMISCUOUS_3		NTRK3	<multiple>					TRUE			
PROMISCUOUS_3		NUTM1	Sarcoma; Nut Midline carcinoma								
PROMISCUOUS_3		PDGFRA	Leukemia; GBM								
PROMISCUOUS_3		PDGFRB	Leukemias								
PROMISCUOUS_3		PHF1	Ossifying fibromyxoid tumor								
PROMISCUOUS_3		PLAG1	Salivary Gland; Lipoblastoma								
PROMISCUOUS_3		RAF1	Pilocytic Astrocytoma; LGG								
PROMISCUOUS_3		RARA	Acute Promyelocytic Leukemia								
PROMISCUOUS_3		RET	Lung; Papillary Thyroid Carcinoma		ENST00000355710		11;12	TRUE			
PROMISCUOUS_3		ROS1	Lung; Myofibroblastic tumors		ENST00000368508		32;37	TRUE			
PROMISCUOUS_3		TERT	<multiple>								
PROMISCUOUS_3		TFE3	Renal Cell Carcinoma; Epithelioid hemangioendotheliomas								
PROMISCUOUS_3		TFEB	Renal Cell Carcinoma								
PROMISCUOUS_3		USP6	Aneurysmal bone cysts; Nodular Fasciitis								
PROMISCUOUS_5	BCOR		Leukemia; Endometrial stromal sarcoma								
PROMISCUOUS_5	BCR		Leukemias; GBM								
PROMISCUOUS_5	CD74		Lung								
PROMISCUOUS_5	CLTC		Lymphoma;Renal Cell Carcinoma								
PROMISCUOUS_5	CSF1		Tenosynovial giant cell tumor								
PROMISCUOUS_5	ETV6		Leukemias								
PROMISCUOUS_5	EWSR1		Sarcomas; Renal Cell Carcinoma								
PROMISCUOUS_5	FGFR1		GBM;Salivary Gland		ENST00000425967	15;18					
PROMISCUOUS_5	FGFR2		Biliary; Breast		ENST00000457416	15;18					
PROMISCUOUS_5	FGFR3		Bladder;cerivcal		ENST00000340107	15;18					
PROMISCUOUS_5	FUS		Sarcoma								
PROMISCUOUS_5	HMGA2		Lipoma		ENST00000403681	3;3					
PROMISCUOUS_5	KAT6A		AML								
PROMISCUOUS_5	KIF5B		Lung; Leukemia								
PROMISCUOUS_5	KMT2A		Leukemias								
PROMISCUOUS_5	NPM1		<multiple>								
PROMISCUOUS_5	NUP98		Leukemia								
PROMISCUOUS_5	PAX3		Rhabdomyosarcoma; Biphenotypic sinonasal sarcoma								
PROMISCUOUS_5	PAX5		ALL								
PROMISCUOUS_5	PAX8		Thyroid								
PROMISCUOUS_5	RUNX1		AML								
PROMISCUOUS_5	SLC45A3		Prostate		ENST00000367145	1;1					
PROMISCUOUS_5	SRF		Sarcoma								
PROMISCUOUS_5	SS18		Synovial sarcoma								
PROMISCUOUS_5	STRN		Leukemia								
PROMISCUOUS_5	TFG		<multiple>								
PROMISCUOUS_5	TMPRSS2		Prostate (+Prostate NET)		ENST00000398585	1;2					
PROMISCUOUS_5	TPM3		<multiple>								
PROMISCUOUS_5	TPR		<multiple>								
PROMISCUOUS_5	YAP1		Ependymoma; epithelioid hemangioendotheliomas								
PROMISCUOUS_5	YWHAE		Myofibroblastic tumors								
PROMISCUOUS_ENHANCER_TARGET		TERT	<multiple>							THREE_PRIME_RANGE=1;chr5;1294990;1344990	
PROMISCUOUS_5	ABCB1										
PROMISCUOUS_3		ABCB1									
PROMISCUOUS_5	ABI1										
PROMISCUOUS_3		ABI1									
PROMISCUOUS_5	ABI2										
PROMISCUOUS_3		ABI2									
PROMISCUOUS_5	ABL1										
PROMISCUOUS_5	ABL2										
PROMISCUOUS_3		ABL2									
PROMISCUOUS_5	ABRAXAS1										
PROMISCUOUS_3		ABRAXAS1									
PROMISCUOUS_5	ACSL3										
PROMISCUOUS_3		ACSL3									
PROMISCUOUS_5	ACTA2										
PROMISCUOUS_3		ACTA2									
PROMISCUOUS_5	ACTB										
PROMISCUOUS_3		ACTB									
PROMISCUOUS_5	ACVR1										
PROMISCUOUS_3		ACVR1									
PROMISCUOUS_5	ACVR1B										
PROMISCUOUS_3		ACVR1B									
PROMISCUOUS_5	ACVR2A										
PROMISCUOUS_3		ACVR2A									
PROMISCUOUS_5	ADGRA2										
PROMISCUOUS_3		ADGRA2									
PROMISCUOUS_5	AFDN										
PROMISCUOUS_3		AFDN									
PROMISCUOUS_5	AFF1										
PROMISCUOUS_3		AFF1									
PROMISCUOUS_5	AFF3										
PROMISCUOUS_3		AFF3									
PROMISCUOUS_5	AFF4										
PROMISCUOUS_3		AFF4									
PROMISCUOUS_5	AHCYL1										
PROMISCUOUS_3		AHCYL1									
PROMISCUOUS_5	AIP										
PROMISCUOUS_3		AIP									
PROMISCUOUS_5	AJUBA										
PROMISCUOUS_3		AJUBA									
PROMISCUOUS_5	AKAP9										
PROMISCUOUS_3		AKAP9									
PROMISCUOUS_5	AKT1										
PROMISCUOUS_3		AKT1									
PROMISCUOUS_5	AKT2										
PROMISCUOUS_3		AKT2									
PROMISCUOUS_5	AKT3										
PROMISCUOUS_3		AKT3									
PROMISCUOUS_5	ALB										
PROMISCUOUS_3		ALB									
PROMISCUOUS_5	ALDH2										
PROMISCUOUS_3		ALDH2									
PROMISCUOUS_5	ALK										
PROMISCUOUS_5	ALOX12B										
PROMISCUOUS_3		ALOX12B									
PROMISCUOUS_5	AMER1										
PROMISCUOUS_3		AMER1									
PROMISCUOUS_5	ANKRD11										
PROMISCUOUS_3		ANKRD11									
PROMISCUOUS_5	ANKRD26										
PROMISCUOUS_3		ANKRD26									
PROMISCUOUS_5	APC										
PROMISCUOUS_3		APC									
PROMISCUOUS_5	APOBEC3B										
PROMISCUOUS_3		APOBEC3B									
PROMISCUOUS_5	AR										
PROMISCUOUS_3		AR									
PROMISCUOUS_5	ARAF										
PROMISCUOUS_3		ARAF									
PROMISCUOUS_5	ARFRP1										
PROMISCUOUS_3		ARFRP1									
PROMISCUOUS_5	ARHGAP26										
PROMISCUOUS_3		ARHGAP26									
PROMISCUOUS_5	ARHGAP35										
PROMISCUOUS_3		ARHGAP35									
PROMISCUOUS_5	ARHGEF12										
PROMISCUOUS_3		ARHGEF12									
PROMISCUOUS_5	ARHGEF7										
PROMISCUOUS_3		ARHGEF7									
PROMISCUOUS_5	ARID1A										
PROMISCUOUS_3		ARID1A									
PROMISCUOUS_5	ARID1B										
PROMISCUOUS_3		ARID1B									
PROMISCUOUS_5	ARID2										
PROMISCUOUS_3		ARID2									
PROMISCUOUS_5	ARID5B										
PROMISCUOUS_3		ARID5B									
PROMISCUOUS_5	ARMC5										
PROMISCUOUS_3		ARMC5									
PROMISCUOUS_5	ASPSCR1										
PROMISCUOUS_3		ASPSCR1									
PROMISCUOUS_5	ASXL1										
PROMISCUOUS_3		ASXL1									
PROMISCUOUS_5	ASXL2										
PROMISCUOUS_3		ASXL2									
PROMISCUOUS_5	ATF1										
PROMISCUOUS_3		ATF1									
PROMISCUOUS_5	ATF7IP										
PROMISCUOUS_3		ATF7IP									
PROMISCUOUS_5	ATIC										
PROMISCUOUS_3		ATIC									
PROMISCUOUS_5	ATM										
PROMISCUOUS_3		ATM									
PROMISCUOUS_5	ATR										
PROMISCUOUS_3		ATR									
PROMISCUOUS_5	ATRX										
PROMISCUOUS_3		ATRX									
PROMISCUOUS_5	AURKA										
PROMISCUOUS_3		AURKA									
PROMISCUOUS_5	AURKB										
PROMISCUOUS_3		AURKB									
PROMISCUOUS_5	AXIN1										
PROMISCUOUS_3		AXIN1									
PROMISCUOUS_5	AXIN2										
PROMISCUOUS_3		AXIN2									
PROMISCUOUS_5	AXL										
PROMISCUOUS_3		AXL									
PROMISCUOUS_5	B2M										
PROMISCUOUS_3		B2M									
PROMISCUOUS_5	BAP1										
PROMISCUOUS_3		BAP1									
PROMISCUOUS_5	BARD1										
PROMISCUOUS_3		BARD1									
PROMISCUOUS_5	BAX										
PROMISCUOUS_3		BAX									
PROMISCUOUS_5	BBC3										
PROMISCUOUS_3		BBC3									
PROMISCUOUS_5	BCL10										
PROMISCUOUS_3		BCL10									
PROMISCUOUS_5	BCL11B										
PROMISCUOUS_3		BCL11B									
PROMISCUOUS_5	BCL2										
PROMISCUOUS_3		BCL2									
PROMISCUOUS_5	BCL2L1										
PROMISCUOUS_3		BCL2L1									
PROMISCUOUS_5	BCL2L11										
PROMISCUOUS_3		BCL2L11									
PROMISCUOUS_5	BCL2L14										
PROMISCUOUS_3		BCL2L14									
PROMISCUOUS_5	BCL2L2										
PROMISCUOUS_3		BCL2L2									
PROMISCUOUS_5	BCL6										
PROMISCUOUS_3		BCL6									
PROMISCUOUS_5	BCL9										
PROMISCUOUS_3		BCL9									
PROMISCUOUS_3		BCOR									
PROMISCUOUS_5	BCORL1										
PROMISCUOUS_3		BCORL1									
PROMISCUOUS_3		BCR									
PROMISCUOUS_5	BIRC3										
PROMISCUOUS_3		BIRC3									
PROMISCUOUS_5	BLM										
PROMISCUOUS_3		BLM									
PROMISCUOUS_5	BMPR1A										
PROMISCUOUS_3		BMPR1A									
PROMISCUOUS_5	BORCS5										
PROMISCUOUS_3		BORCS5									
PROMISCUOUS_5	BRAF										
PROMISCUOUS_5	BRCA1										
PROMISCUOUS_3		BRCA1									
PROMISCUOUS_5	BRCA2										
PROMISCUOUS_3		BRCA2									
PROMISCUOUS_5	BRD3										
PROMISCUOUS_3		BRD3									
PROMISCUOUS_5	BRD4										
PROMISCUOUS_3		BRD4									
PROMISCUOUS_5	BRIP1										
PROMISCUOUS_3		BRIP1									
PROMISCUOUS_5	BTG1										
PROMISCUOUS_3		BTG1									
PROMISCUOUS_5	BTK										
PROMISCUOUS_3		BTK									
PROMISCUOUS_5	BUB1B										
PROMISCUOUS_3		BUB1B									
PROMISCUOUS_5	CAD										
PROMISCUOUS_3		CAD									
PROMISCUOUS_5	CALR										
PROMISCUOUS_3		CALR									
PROMISCUOUS_5	CAMTA1										
PROMISCUOUS_3		CAMTA1									
PROMISCUOUS_5	CANT1										
PROMISCUOUS_3		CANT1									
PROMISCUOUS_5	CARD11										
PROMISCUOUS_3		CARD11									
PROMISCUOUS_5	CARS1										
PROMISCUOUS_3		CARS1									
PROMISCUOUS_5	CASP8										
PROMISCUOUS_3		CASP8									
PROMISCUOUS_5	CASR										
PROMISCUOUS_3		CASR									
PROMISCUOUS_5	CBFA2T3										
PROMISCUOUS_3		CBFA2T3									
PROMISCUOUS_5	CBFB										
PROMISCUOUS_3		CBFB									
PROMISCUOUS_5	CBL										
PROMISCUOUS_3		CBL									
PROMISCUOUS_5	CCDC6										
PROMISCUOUS_3		CCDC6									
PROMISCUOUS_5	CCN6										
PROMISCUOUS_3		CCN6									
PROMISCUOUS_5	CCNB1IP1										
PROMISCUOUS_3		CCNB1IP1									
PROMISCUOUS_5	CCNB3										
PROMISCUOUS_3		CCNB3									
PROMISCUOUS_5	CCND1										
PROMISCUOUS_3		CCND1									
PROMISCUOUS_5	CCND2										
PROMISCUOUS_3		CCND2									
PROMISCUOUS_5	CCND3										
PROMISCUOUS_3		CCND3									
PROMISCUOUS_5	CCNE1										
PROMISCUOUS_3		CCNE1									
PROMISCUOUS_5	CD19										
PROMISCUOUS_3		CD19									
PROMISCUOUS_5	CD274										
PROMISCUOUS_3		CD274									
PROMISCUOUS_5	CD276										
PROMISCUOUS_3		CD276									
PROMISCUOUS_5	CD28										
PROMISCUOUS_3		CD28									
PROMISCUOUS_3		CD74									
PROMISCUOUS_5	CD79A										
PROMISCUOUS_3		CD79A									
PROMISCUOUS_5	CD79B										
PROMISCUOUS_3		CD79B									
PROMISCUOUS_5	CDC73										
PROMISCUOUS_3		CDC73									
PROMISCUOUS_5	CDH1										
PROMISCUOUS_3		CDH1									
PROMISCUOUS_5	CDH10										
PROMISCUOUS_3		CDH10									
PROMISCUOUS_5	CDH11										
PROMISCUOUS_3		CDH11									
PROMISCUOUS_5	CDK12										
PROMISCUOUS_3		CDK12									
PROMISCUOUS_5	CDK4										
PROMISCUOUS_3		CDK4									
PROMISCUOUS_5	CDK6										
PROMISCUOUS_3		CDK6									
PROMISCUOUS_5	CDK8										
PROMISCUOUS_3		CDK8									
PROMISCUOUS_5	CDKN1A										
PROMISCUOUS_3		CDKN1A									
PROMISCUOUS_5	CDKN1B										
PROMISCUOUS_3		CDKN1B									
PROMISCUOUS_5	CDKN1C										
PROMISCUOUS_3		CDKN1C									
PROMISCUOUS_5	CDKN2A										
PROMISCUOUS_3		CDKN2A									
PROMISCUOUS_5	CDKN2B										
PROMISCUOUS_3		CDKN2B									
PROMISCUOUS_5	CDKN2C										
PROMISCUOUS_3		CDKN2C									
PROMISCUOUS_5	CDX2										
PROMISCUOUS_3		CDX2									
PROMISCUOUS_5	CEBPA										
PROMISCUOUS_3		CEBPA									
PROMISCUOUS_5	CENPA										
PROMISCUOUS_3		CENPA									
PROMISCUOUS_5	CEP57										
PROMISCUOUS_3		CEP57									
PROMISCUOUS_5	CEP89										
PROMISCUOUS_3		CEP89									
PROMISCUOUS_5	CHCHD7										
PROMISCUOUS_3		CHCHD7									
PROMISCUOUS_5	CHD1										
PROMISCUOUS_3		CHD1									
PROMISCUOUS_5	CHD2										
PROMISCUOUS_3		CHD2									
PROMISCUOUS_5	CHD4										
PROMISCUOUS_3		CHD4									
PROMISCUOUS_5	CHEK1										
PROMISCUOUS_3		CHEK1									
PROMISCUOUS_5	CHEK2										
PROMISCUOUS_3		CHEK2									
PROMISCUOUS_5	CHIC2										
PROMISCUOUS_3		CHIC2									
PROMISCUOUS_5	CIC										
PROMISCUOUS_3		CIC									
PROMISCUOUS_5	CIITA										
PROMISCUOUS_3		CIITA									
PROMISCUOUS_5	CLIP1										
PROMISCUOUS_3		CLIP1									
PROMISCUOUS_3		CLTC									
PROMISCUOUS_5	CNBP										
PROMISCUOUS_3		CNBP									
PROMISCUOUS_5	CNOT3										
PROMISCUOUS_3		CNOT3									
PROMISCUOUS_5	COL1A1										
PROMISCUOUS_3		COL1A1									
PROMISCUOUS_5	COL2A1										
PROMISCUOUS_3		COL2A1									
PROMISCUOUS_5	COP1										
PROMISCUOUS_3		COP1									
PROMISCUOUS_5	COX6C										
PROMISCUOUS_3		COX6C									
PROMISCUOUS_5	CPSF6										
PROMISCUOUS_3		CPSF6									
PROMISCUOUS_5	CREB1										
PROMISCUOUS_3		CREB1									
PROMISCUOUS_5	CREB3L1										
PROMISCUOUS_3		CREB3L1									
PROMISCUOUS_5	CREB3L2										
PROMISCUOUS_3		CREB3L2									
PROMISCUOUS_5	CREBBP										
PROMISCUOUS_3		CREBBP									
PROMISCUOUS_5	CRKL										
PROMISCUOUS_3		CRKL									
PROMISCUOUS_5	CRLF2										
PROMISCUOUS_5	CRTC1										
PROMISCUOUS_3		CRTC1									
PROMISCUOUS_5	CRTC3										
PROMISCUOUS_3		CRTC3									
PROMISCUOUS_5	CSF1R										
PROMISCUOUS_3		CSF1R									
PROMISCUOUS_5	CSF3R										
PROMISCUOUS_3		CSF3R									
PROMISCUOUS_5	CSNK1A1										
PROMISCUOUS_3		CSNK1A1									
PROMISCUOUS_5	CTC1										
PROMISCUOUS_3		CTC1									
PROMISCUOUS_5	CTCF										
PROMISCUOUS_3		CTCF									
PROMISCUOUS_5	CTLA4										
PROMISCUOUS_3		CTLA4									
PROMISCUOUS_5	CTNNA1										
PROMISCUOUS_3		CTNNA1									
PROMISCUOUS_5	CTNNB1										
PROMISCUOUS_3		CTNNB1									
PROMISCUOUS_5	CTR9										
PROMISCUOUS_3		CTR9									
PROMISCUOUS_5	CTRC										
PROMISCUOUS_3		CTRC									
PROMISCUOUS_5	CUL1										
PROMISCUOUS_3		CUL1									
PROMISCUOUS_5	CUL3										
PROMISCUOUS_3		CUL3									
PROMISCUOUS_5	CUX1										
PROMISCUOUS_3		CUX1									
PROMISCUOUS_5	CXCR4										
PROMISCUOUS_3		CXCR4									
PROMISCUOUS_5	CYLD										
PROMISCUOUS_3		CYLD									
PROMISCUOUS_5	CYSLTR2										
PROMISCUOUS_3		CYSLTR2									
PROMISCUOUS_5	DAB2IP										
PROMISCUOUS_3		DAB2IP									
PROMISCUOUS_5	DAXX										
PROMISCUOUS_3		DAXX									
PROMISCUOUS_5	DAZAP1										
PROMISCUOUS_3		DAZAP1									
PROMISCUOUS_5	DCTN1										
PROMISCUOUS_3		DCTN1									
PROMISCUOUS_5	DCUN1D1										
PROMISCUOUS_3		DCUN1D1									
PROMISCUOUS_5	DDB2										
PROMISCUOUS_3		DDB2									
PROMISCUOUS_5	DDIT3										
PROMISCUOUS_3		DDIT3									
PROMISCUOUS_5	DDR2										
PROMISCUOUS_3		DDR2									
PROMISCUOUS_5	DDX10										
PROMISCUOUS_3		DDX10									
PROMISCUOUS_5	DDX3X										
PROMISCUOUS_3		DDX3X									
PROMISCUOUS_5	DDX41										
PROMISCUOUS_3		DDX41									
PROMISCUOUS_5	DDX5										
PROMISCUOUS_3		DDX5									
PROMISCUOUS_5	DEK										
PROMISCUOUS_3		DEK									
PROMISCUOUS_5	DGCR8										
PROMISCUOUS_3		DGCR8									
PROMISCUOUS_5	DICER1										
PROMISCUOUS_3		DICER1									
PROMISCUOUS_5	DIRAS3										
PROMISCUOUS_3		DIRAS3									
PROMISCUOUS_5	DIS3										
PROMISCUOUS_3		DIS3									
PROMISCUOUS_5	DIS3L2										
PROMISCUOUS_3		DIS3L2									
PROMISCUOUS_5	DKC1										
PROMISCUOUS_3		DKC1									
PROMISCUOUS_5	DNAJB1										
PROMISCUOUS_3		DNAJB1									
PROMISCUOUS_5	DNMT1										
PROMISCUOUS_3		DNMT1									
PROMISCUOUS_5	DNMT3A										
PROMISCUOUS_3		DNMT3A									
PROMISCUOUS_5	DNMT3B										
PROMISCUOUS_3		DNMT3B									
PROMISCUOUS_5	DOT1L										
PROMISCUOUS_3		DOT1L									
PROMISCUOUS_5	DPYD										
PROMISCUOUS_3		DPYD									
PROMISCUOUS_5	DROSHA										
PROMISCUOUS_3		DROSHA									
PROMISCUOUS_5	DUSP22										
PROMISCUOUS_3		DUSP22									
PROMISCUOUS_5	DUSP4										
PROMISCUOUS_3		DUSP4									
PROMISCUOUS_5	DUX4										
PROMISCUOUS_3		DUX4									
PROMISCUOUS_5	DUX4L1										
PROMISCUOUS_3		DUX4L1									
PROMISCUOUS_5	E2F3										
PROMISCUOUS_3		E2F3									
PROMISCUOUS_5	EBF1										
PROMISCUOUS_3		EBF1									
PROMISCUOUS_5	EED										
PROMISCUOUS_3		EED									
PROMISCUOUS_5	EGFL7										
PROMISCUOUS_3		EGFL7									
PROMISCUOUS_5	EGFR										
PROMISCUOUS_3		EGFR									
PROMISCUOUS_5	EGLN1										
PROMISCUOUS_3		EGLN1									
PROMISCUOUS_5	EGR1										
PROMISCUOUS_3		EGR1									
PROMISCUOUS_5	EHF										
PROMISCUOUS_3		EHF									
PROMISCUOUS_5	EIF1AX										
PROMISCUOUS_3		EIF1AX									
PROMISCUOUS_5	EIF3E										
PROMISCUOUS_3		EIF3E									
PROMISCUOUS_5	EIF4A1										
PROMISCUOUS_3		EIF4A1									
PROMISCUOUS_5	EIF4A2										
PROMISCUOUS_3		EIF4A2									
PROMISCUOUS_5	EIF4E										
PROMISCUOUS_3		EIF4E									
PROMISCUOUS_5	ELAC2										
PROMISCUOUS_3		ELAC2									
PROMISCUOUS_5	ELF3										
PROMISCUOUS_3		ELF3									
PROMISCUOUS_5	ELK4										
PROMISCUOUS_3		ELK4									
PROMISCUOUS_5	ELL										
PROMISCUOUS_3		ELL									
PROMISCUOUS_5	ELOC										
PROMISCUOUS_3		ELOC									
PROMISCUOUS_5	EML4										
PROMISCUOUS_3		EML4									
PROMISCUOUS_5	EMSY										
PROMISCUOUS_3		EMSY									
PROMISCUOUS_5	ENG										
PROMISCUOUS_3		ENG									
PROMISCUOUS_5	EP300										
PROMISCUOUS_3		EP300									
PROMISCUOUS_5	EPAS1										
PROMISCUOUS_3		EPAS1									
PROMISCUOUS_5	EPCAM										
PROMISCUOUS_3		EPCAM									
PROMISCUOUS_5	EPHA2										
PROMISCUOUS_3		EPHA2									
PROMISCUOUS_5	EPHA3										
PROMISCUOUS_3		EPHA3									
PROMISCUOUS_5	EPHA5										
PROMISCUOUS_3		EPHA5									
PROMISCUOUS_5	EPHA7										
PROMISCUOUS_3		EPHA7									
PROMISCUOUS_5	EPHB1										
PROMISCUOUS_3		EPHB1									
PROMISCUOUS_5	EPOR										
PROMISCUOUS_3		EPOR									
PROMISCUOUS_5	EPS15										
PROMISCUOUS_3		EPS15									
PROMISCUOUS_5	ERBB2										
PROMISCUOUS_3		ERBB2									
PROMISCUOUS_5	ERBB3										
PROMISCUOUS_3		ERBB3									
PROMISCUOUS_5	ERBB4										
PROMISCUOUS_3		ERBB4									
PROMISCUOUS_5	ERC1										
PROMISCUOUS_3		ERC1									
PROMISCUOUS_5	ERCC1										
PROMISCUOUS_3		ERCC1									
PROMISCUOUS_5	ERCC2										
PROMISCUOUS_3		ERCC2									
PROMISCUOUS_5	ERCC3										
PROMISCUOUS_3		ERCC3									
PROMISCUOUS_5	ERCC4										
PROMISCUOUS_3		ERCC4									
PROMISCUOUS_5	ERCC5										
PROMISCUOUS_3		ERCC5									
PROMISCUOUS_5	ERCC6										
PROMISCUOUS_3		ERCC6									
PROMISCUOUS_5	ERG										
PROMISCUOUS_5	ERRFI1										
PROMISCUOUS_3		ERRFI1									
PROMISCUOUS_5	ESR1										
PROMISCUOUS_3		ESR1									
PROMISCUOUS_5	ESRP1										
PROMISCUOUS_3		ESRP1									
PROMISCUOUS_5	ETNK1										
PROMISCUOUS_3		ETNK1									
PROMISCUOUS_5	ETS1										
PROMISCUOUS_3		ETS1									
PROMISCUOUS_5	ETV1										
PROMISCUOUS_5	ETV4										
PROMISCUOUS_5	ETV5										
PROMISCUOUS_3		ETV5									
PROMISCUOUS_3		EWSR1									
PROMISCUOUS_5	EXT1										
PROMISCUOUS_3		EXT1									
PROMISCUOUS_5	EXT2										
PROMISCUOUS_3		EXT2									
PROMISCUOUS_5	EZH1										
PROMISCUOUS_3		EZH1									
PROMISCUOUS_5	EZH2										
PROMISCUOUS_3		EZH2									
PROMISCUOUS_5	EZR										
PROMISCUOUS_3		EZR									
PROMISCUOUS_5	FAM131B										
PROMISCUOUS_3		FAM131B									
PROMISCUOUS_5	FANCA										
PROMISCUOUS_3		FANCA									
PROMISCUOUS_5	FANCB										
PROMISCUOUS_3		FANCB									
PROMISCUOUS_5	FANCC										
PROMISCUOUS_3		FANCC									
PROMISCUOUS_5	FANCD2										
PROMISCUOUS_3		FANCD2									
PROMISCUOUS_5	FANCE										
PROMISCUOUS_3		FANCE									
PROMISCUOUS_5	FANCF										
PROMISCUOUS_3		FANCF									
PROMISCUOUS_5	FANCG										
PROMISCUOUS_3		FANCG									
PROMISCUOUS_5	FANCI										
PROMISCUOUS_3		FANCI									
PROMISCUOUS_5	FANCL										
PROMISCUOUS_3		FANCL									
PROMISCUOUS_5	FANCM										
PROMISCUOUS_3		FANCM									
PROMISCUOUS_5	FAS										
PROMISCUOUS_3		FAS									
PROMISCUOUS_5	FAT1										
PROMISCUOUS_3		FAT1									
PROMISCUOUS_5	FBXW7										
PROMISCUOUS_3		FBXW7									
PROMISCUOUS_5	FEN1										
PROMISCUOUS_3		FEN1									
PROMISCUOUS_5	FEV										
PROMISCUOUS_3		FEV									
PROMISCUOUS_5	FGF1										
PROMISCUOUS_3		FGF1									
PROMISCUOUS_5	FGF10										
PROMISCUOUS_3		FGF10									
PROMISCUOUS_5	FGF14										
PROMISCUOUS_3		FGF14									
PROMISCUOUS_5	FGF19										
PROMISCUOUS_3		FGF19									
PROMISCUOUS_5	FGF2										
PROMISCUOUS_3		FGF2									
PROMISCUOUS_5	FGF23										
PROMISCUOUS_3		FGF23									
PROMISCUOUS_5	FGF3										
PROMISCUOUS_3		FGF3									
PROMISCUOUS_5	FGF4										
PROMISCUOUS_3		FGF4									
PROMISCUOUS_5	FGF5										
PROMISCUOUS_3		FGF5									
PROMISCUOUS_5	FGF6										
PROMISCUOUS_3		FGF6									
PROMISCUOUS_5	FGF7										
PROMISCUOUS_3		FGF7									
PROMISCUOUS_5	FGF8										
PROMISCUOUS_3		FGF8									
PROMISCUOUS_5	FGF9										
PROMISCUOUS_3		FGF9									
PROMISCUOUS_3		FGFR2									
PROMISCUOUS_3		FGFR3									
PROMISCUOUS_5	FGFR4										
PROMISCUOUS_3		FGFR4									
PROMISCUOUS_5	FH										
PROMISCUOUS_3		FH									
PROMISCUOUS_5	FHIT										
PROMISCUOUS_3		FHIT									
PROMISCUOUS_5	FIP1L1										
PROMISCUOUS_3		FIP1L1									
PROMISCUOUS_5	FLCN										
PROMISCUOUS_3		FLCN									
PROMISCUOUS_5	FLI1										
PROMISCUOUS_3		FLI1									
PROMISCUOUS_5	FLT1										
PROMISCUOUS_3		FLT1									
PROMISCUOUS_5	FLT3										
PROMISCUOUS_3		FLT3									
PROMISCUOUS_5	FLT4										
PROMISCUOUS_3		FLT4									
PROMISCUOUS_5	FOXA1										
PROMISCUOUS_3		FOXA1									
PROMISCUOUS_5	FOXA2										
PROMISCUOUS_3		FOXA2									
PROMISCUOUS_5	FOXL2										
PROMISCUOUS_3		FOXL2									
PROMISCUOUS_5	FOXO1										
PROMISCUOUS_3		FOXO1									
PROMISCUOUS_5	FOXO3										
PROMISCUOUS_3		FOXO3									
PROMISCUOUS_5	FOXO4										
PROMISCUOUS_3		FOXO4									
PROMISCUOUS_5	FOXP1										
PROMISCUOUS_3		FOXP1									
PROMISCUOUS_5	FRS2										
PROMISCUOUS_3		FRS2									
PROMISCUOUS_5	FUBP1										
PROMISCUOUS_3		FUBP1									
PROMISCUOUS_3		FUS									
PROMISCUOUS_5	FYN										
PROMISCUOUS_3		FYN									
PROMISCUOUS_5	GAB2										
PROMISCUOUS_3		GAB2									
PROMISCUOUS_5	GABRA6										
PROMISCUOUS_3		GABRA6									
PROMISCUOUS_5	GALNT12										
PROMISCUOUS_3		GALNT12									
PROMISCUOUS_5	GAS7										
PROMISCUOUS_3		GAS7									
PROMISCUOUS_5	GATA1										
PROMISCUOUS_3		GATA1									
PROMISCUOUS_5	GATA2										
PROMISCUOUS_3		GATA2									
PROMISCUOUS_5	GATA3										
PROMISCUOUS_3		GATA3									
PROMISCUOUS_5	GATA4										
PROMISCUOUS_3		GATA4									
PROMISCUOUS_5	GATA6										
PROMISCUOUS_3		GATA6									
PROMISCUOUS_5	GEN1										
PROMISCUOUS_3		GEN1									
PROMISCUOUS_5	GID4										
PROMISCUOUS_3		GID4									
PROMISCUOUS_5	GJB2										
PROMISCUOUS_3		GJB2									
PROMISCUOUS_5	GLI1										
PROMISCUOUS_3		GLI1									
PROMISCUOUS_5	GLI3										
PROMISCUOUS_3		GLI3									
PROMISCUOUS_5	GLIS2										
PROMISCUOUS_3		GLIS2									
PROMISCUOUS_5	GMPS										
PROMISCUOUS_3		GMPS									
PROMISCUOUS_5	GNA11										
PROMISCUOUS_3		GNA11									
PROMISCUOUS_5	GNA13										
PROMISCUOUS_3		GNA13									
PROMISCUOUS_5	GNAQ										
PROMISCUOUS_3		GNAQ									
PROMISCUOUS_5	GNAS										
PROMISCUOUS_3		GNAS									
PROMISCUOUS_5	GOLGA5										
PROMISCUOUS_3		GOLGA5									
PROMISCUOUS_5	GOPC										
PROMISCUOUS_3		GOPC									
PROMISCUOUS_5	GPC3										
PROMISCUOUS_3		GPC3									
PROMISCUOUS_5	GPHN										
PROMISCUOUS_3		GPHN									
PROMISCUOUS_5	GPS2										
PROMISCUOUS_3		GPS2									
PROMISCUOUS_5	GREM1										
PROMISCUOUS_3		GREM1									
PROMISCUOUS_5	GRIN2A										
PROMISCUOUS_3		GRIN2A									
PROMISCUOUS_5	GRM3										
PROMISCUOUS_3		GRM3									
PROMISCUOUS_5	GSK3B										
PROMISCUOUS_3		GSK3B									
PROMISCUOUS_5	GTF2I										
PROMISCUOUS_3		GTF2I									
PROMISCUOUS_5	H1-2										
PROMISCUOUS_3		H1-2									
PROMISCUOUS_5	H1-3										
PROMISCUOUS_3		H1-3									
PROMISCUOUS_5	H1-4										
PROMISCUOUS_3		H1-4									
PROMISCUOUS_5	H1-5										
PROMISCUOUS_3		H1-5									
PROMISCUOUS_5	H19										
PROMISCUOUS_3		H19									
PROMISCUOUS_5	H2BC5										
PROMISCUOUS_3		H2BC5									
PROMISCUOUS_5	H3-3A										
PROMISCUOUS_3		H3-3A									
PROMISCUOUS_5	H3-3B										
PROMISCUOUS_3		H3-3B									
PROMISCUOUS_5	H3-5										
PROMISCUOUS_3		H3-5									
PROMISCUOUS_5	H3C2										
PROMISCUOUS_3		H3C2									
PROMISCUOUS_5	HERPUD1										
PROMISCUOUS_3		HERPUD1									
PROMISCUOUS_5	HEY1										
PROMISCUOUS_3		HEY1									
PROMISCUOUS_5	HGF										
PROMISCUOUS_3		HGF									
PROMISCUOUS_5	HIF1A										
PROMISCUOUS_3		HIF1A									
PROMISCUOUS_5	HIP1										
PROMISCUOUS_3		HIP1									
PROMISCUOUS_5	HLA-A										
PROMISCUOUS_3		HLA-A									
PROMISCUOUS_5	HLA-B										
PROMISCUOUS_3		HLA-B									
PROMISCUOUS_5	HLA-C										
PROMISCUOUS_3		HLA-C									
PROMISCUOUS_5	HLF										
PROMISCUOUS_3		HLF									
PROMISCUOUS_5	HMGA1										
PROMISCUOUS_3		HMGA1									
PROMISCUOUS_3		HMGA2									
PROMISCUOUS_5	HNF1A										
PROMISCUOUS_3		HNF1A									
PROMISCUOUS_5	HNF1B										
PROMISCUOUS_3		HNF1B									
PROMISCUOUS_5	HNRNPA2B1										
PROMISCUOUS_3		HNRNPA2B1									
PROMISCUOUS_5	HNRNPC										
PROMISCUOUS_3		HNRNPC									
PROMISCUOUS_5	HNRNPUL1										
PROMISCUOUS_3		HNRNPUL1									
PROMISCUOUS_5	HOOK3										
PROMISCUOUS_3		HOOK3									
PROMISCUOUS_5	HOXA9										
PROMISCUOUS_3		HOXA9									
PROMISCUOUS_5	HOXB13										
PROMISCUOUS_3		HOXB13									
PROMISCUOUS_5	HRAS										
PROMISCUOUS_3		HRAS									
PROMISCUOUS_5	HSD3B1										
PROMISCUOUS_3		HSD3B1									
PROMISCUOUS_5	HSP90AA1										
PROMISCUOUS_3		HSP90AA1									
PROMISCUOUS_5	ICOSLG										
PROMISCUOUS_3		ICOSLG									
PROMISCUOUS_5	ID3										
PROMISCUOUS_3		ID3									
PROMISCUOUS_5	IDH1										
PROMISCUOUS_3		IDH1									
PROMISCUOUS_5	IDH2										
PROMISCUOUS_3		IDH2									
PROMISCUOUS_5	IFNGR1										
PROMISCUOUS_3		IFNGR1									
PROMISCUOUS_5	IGF1										
PROMISCUOUS_3		IGF1									
PROMISCUOUS_5	IGF1R										
PROMISCUOUS_3		IGF1R									
PROMISCUOUS_5	IGF2										
PROMISCUOUS_3		IGF2									
PROMISCUOUS_5	IGF2R										
PROMISCUOUS_3		IGF2R									
PROMISCUOUS_5	IGH										
PROMISCUOUS_5	IGK										
PROMISCUOUS_5	IGL										
PROMISCUOUS_5	IKBKE										
PROMISCUOUS_3		IKBKE									
PROMISCUOUS_5	IKZF1										
PROMISCUOUS_3		IKZF1									
PROMISCUOUS_5	IKZF2										
PROMISCUOUS_3		IKZF2									
PROMISCUOUS_5	IKZF3										
PROMISCUOUS_3		IKZF3									
PROMISCUOUS_5	IL10										
PROMISCUOUS_3		IL10									
PROMISCUOUS_5	IL2RB										
PROMISCUOUS_3		IL2RB									
PROMISCUOUS_5	IL3										
PROMISCUOUS_3		IL3									
PROMISCUOUS_5	IL6R										
PROMISCUOUS_3		IL6R									
PROMISCUOUS_5	IL7R										
PROMISCUOUS_3		IL7R									
PROMISCUOUS_5	INHA										
PROMISCUOUS_3		INHA									
PROMISCUOUS_5	INHBA										
PROMISCUOUS_3		INHBA									
PROMISCUOUS_5	INPP4A										
PROMISCUOUS_3		INPP4A									
PROMISCUOUS_5	INPP4B										
PROMISCUOUS_3		INPP4B									
PROMISCUOUS_5	INSR										
PROMISCUOUS_3		INSR									
PROMISCUOUS_5	IRF2										
PROMISCUOUS_3		IRF2									
PROMISCUOUS_5	IRF2BP2										
PROMISCUOUS_3		IRF2BP2									
PROMISCUOUS_5	IRF4										
PROMISCUOUS_3		IRF4									
PROMISCUOUS_5	IRF8										
PROMISCUOUS_3		IRF8									
PROMISCUOUS_5	IRS1										
PROMISCUOUS_3		IRS1									
PROMISCUOUS_5	IRS2										
PROMISCUOUS_3		IRS2									
PROMISCUOUS_5	ITK										
PROMISCUOUS_3		ITK									
PROMISCUOUS_5	JAK1										
PROMISCUOUS_3		JAK1									
PROMISCUOUS_5	JAK2										
PROMISCUOUS_5	JAK3										
PROMISCUOUS_3		JAK3									
PROMISCUOUS_5	JARID2										
PROMISCUOUS_3		JARID2									
PROMISCUOUS_5	JAZF1										
PROMISCUOUS_3		JAZF1									
PROMISCUOUS_5	JUN										
PROMISCUOUS_3		JUN									
PROMISCUOUS_5	KANK1										
PROMISCUOUS_3		KANK1									
PROMISCUOUS_3		KAT6A									
PROMISCUOUS_5	KDM3B										
PROMISCUOUS_3		KDM3B									
PROMISCUOUS_5	KDM5A										
PROMISCUOUS_3		KDM5A									
PROMISCUOUS_5	KDM5C										
PROMISCUOUS_3		KDM5C									
PROMISCUOUS_5	KDM6A										
PROMISCUOUS_3		KDM6A									
PROMISCUOUS_5	KDR										
PROMISCUOUS_3		KDR									
PROMISCUOUS_5	KEAP1										
PROMISCUOUS_3		KEAP1									
PROMISCUOUS_5	KEL										
PROMISCUOUS_3		KEL									
PROMISCUOUS_5	KIAA1549										
PROMISCUOUS_3		KIAA1549									
PROMISCUOUS_5	KIF1B										
PROMISCUOUS_3		KIF1B									
PROMISCUOUS_3		KIF5B									
PROMISCUOUS_5	KIT										
PROMISCUOUS_3		KIT									
PROMISCUOUS_5	KITLG										
PROMISCUOUS_3		KITLG									
PROMISCUOUS_5	KLF4										
PROMISCUOUS_3		KLF4									
PROMISCUOUS_5	KLF5										
PROMISCUOUS_3		KLF5									
PROMISCUOUS_5	KLF6										
PROMISCUOUS_3		KLF6									
PROMISCUOUS_5	KLHL6										
PROMISCUOUS_3		KLHL6									
PROMISCUOUS_5	KLK2										
PROMISCUOUS_3		KLK2									
PROMISCUOUS_5	KLLN										
PROMISCUOUS_3		KLLN									
PROMISCUOUS_3		KMT2A									
PROMISCUOUS_5	KMT2B										
PROMISCUOUS_3		KMT2B									
PROMISCUOUS_5	KMT2C										
PROMISCUOUS_3		KMT2C									
PROMISCUOUS_5	KMT2D										
PROMISCUOUS_3		KMT2D									
PROMISCUOUS_5	KRAS										
PROMISCUOUS_3		KRAS									
PROMISCUOUS_5	KTN1										
PROMISCUOUS_3		KTN1									
PROMISCUOUS_5	L2HGDH										
PROMISCUOUS_3		L2HGDH									
PROMISCUOUS_5	LAG3										
PROMISCUOUS_3		LAG3									
PROMISCUOUS_5	LAMP1										
PROMISCUOUS_3		LAMP1									
PROMISCUOUS_5	LASP1										
PROMISCUOUS_3		LASP1									
PROMISCUOUS_5	LATS1										
PROMISCUOUS_3		LATS1									
PROMISCUOUS_5	LATS2										
PROMISCUOUS_3		LATS2									
PROMISCUOUS_5	LCK										
PROMISCUOUS_3		LCK									
PROMISCUOUS_5	LEF1										
PROMISCUOUS_3		LEF1									
PROMISCUOUS_5	LIFR										
PROMISCUOUS_3		LIFR									
PROMISCUOUS_5	LIMA1										
PROMISCUOUS_3		LIMA1									
PROMISCUOUS_5	LMNA										
PROMISCUOUS_3		LMNA									
PROMISCUOUS_5	LMO1										
PROMISCUOUS_3		LMO1									
PROMISCUOUS_5	LMO2										
PROMISCUOUS_3		LMO2									
PROMISCUOUS_5	LMO3										
PROMISCUOUS_3		LMO3									
PROMISCUOUS_5	LPP										
PROMISCUOUS_3		LPP									
PROMISCUOUS_5	LRIG3										
PROMISCUOUS_3		LRIG3									
PROMISCUOUS_5	LRP1B										
PROMISCUOUS_3		LRP1B									
PROMISCUOUS_5	LSM14A										
PROMISCUOUS_3		LSM14A									
PROMISCUOUS_5	LYL1										
PROMISCUOUS_3		LYL1									
PROMISCUOUS_5	LYN										
PROMISCUOUS_3		LYN									
PROMISCUOUS_5	LZTR1										
PROMISCUOUS_3		LZTR1									
PROMISCUOUS_5	MAD2L2										
PROMISCUOUS_3		MAD2L2									
PROMISCUOUS_5	MAF										
PROMISCUOUS_3		MAF									
PROMISCUOUS_5	MAFB										
PROMISCUOUS_3		MAFB									
PROMISCUOUS_5	MAGI2										
PROMISCUOUS_3		MAGI2									
PROMISCUOUS_5	MALT1										
PROMISCUOUS_3		MALT1									
PROMISCUOUS_5	MAML2										
PROMISCUOUS_5	MAP2K1										
PROMISCUOUS_3		MAP2K1									
PROMISCUOUS_5	MAP2K2										
PROMISCUOUS_3		MAP2K2									
PROMISCUOUS_5	MAP2K4										
PROMISCUOUS_3		MAP2K4									
PROMISCUOUS_5	MAP3K1										
PROMISCUOUS_3		MAP3K1									
PROMISCUOUS_5	MAP3K13										
PROMISCUOUS_3		MAP3K13									
PROMISCUOUS_5	MAP3K14										
PROMISCUOUS_3		MAP3K14									
PROMISCUOUS_5	MAP3K4										
PROMISCUOUS_3		MAP3K4									
PROMISCUOUS_5	MAP3K8										
PROMISCUOUS_3		MAP3K8									
PROMISCUOUS_5	MAPK1										
PROMISCUOUS_3		MAPK1									
PROMISCUOUS_5	MAPK3										
PROMISCUOUS_3		MAPK3									
PROMISCUOUS_5	MAX										
PROMISCUOUS_3		MAX									
PROMISCUOUS_5	MBD4										
PROMISCUOUS_3		MBD4									
PROMISCUOUS_5	MC1R										
PROMISCUOUS_3		MC1R									
PROMISCUOUS_5	MCL1										
PROMISCUOUS_3		MCL1									
PROMISCUOUS_5	MCPH1										
PROMISCUOUS_3		MCPH1									
PROMISCUOUS_5	MDC1										
PROMISCUOUS_3		MDC1									
PROMISCUOUS_5	MDM2										
PROMISCUOUS_3		MDM2									
PROMISCUOUS_5	MDM4										
PROMISCUOUS_3		MDM4									
PROMISCUOUS_5	MECOM										
PROMISCUOUS_3		MECOM									
PROMISCUOUS_5	MED12										
PROMISCUOUS_3		MED12									
PROMISCUOUS_5	MEF2B										
PROMISCUOUS_3		MEF2B									
PROMISCUOUS_5	MEF2D										
PROMISCUOUS_3		MEF2D									
PROMISCUOUS_5	MEN1										
PROMISCUOUS_3		MEN1									
PROMISCUOUS_5	MET										
PROMISCUOUS_5	MGA										
PROMISCUOUS_3		MGA									
PROMISCUOUS_5	MIR143										
PROMISCUOUS_3		MIR143									
PROMISCUOUS_5	MITF										
PROMISCUOUS_3		MITF									
PROMISCUOUS_5	MLF1										
PROMISCUOUS_3		MLF1									
PROMISCUOUS_5	MLH1										
PROMISCUOUS_3		MLH1									
PROMISCUOUS_5	MLH3										
PROMISCUOUS_3		MLH3									
PROMISCUOUS_5	MLLT1										
PROMISCUOUS_3		MLLT1									
PROMISCUOUS_5	MLLT10										
PROMISCUOUS_3		MLLT10									
PROMISCUOUS_5	MLLT11										
PROMISCUOUS_3		MLLT11									
PROMISCUOUS_5	MLLT3										
PROMISCUOUS_3		MLLT3									
PROMISCUOUS_5	MLLT6										
PROMISCUOUS_3		MLLT6									
PROMISCUOUS_5	MN1										
PROMISCUOUS_3		MN1									
PROMISCUOUS_5	MNX1										
PROMISCUOUS_3		MNX1									
PROMISCUOUS_5	MPL										
PROMISCUOUS_3		MPL									
PROMISCUOUS_5	MRE11										
PROMISCUOUS_3		MRE11									
PROMISCUOUS_5	MRTFA										
PROMISCUOUS_3		MRTFA									
PROMISCUOUS_5	MSH2										
PROMISCUOUS_3		MSH2									
PROMISCUOUS_5	MSH3										
PROMISCUOUS_3		MSH3									
PROMISCUOUS_5	MSH6										
PROMISCUOUS_3		MSH6									
PROMISCUOUS_5	MSN										
PROMISCUOUS_3		MSN									
PROMISCUOUS_5	MST1										
PROMISCUOUS_3		MST1									
PROMISCUOUS_5	MST1R										
PROMISCUOUS_3		MST1R									
PROMISCUOUS_5	MTAP										
PROMISCUOUS_3		MTAP									
PROMISCUOUS_5	MTOR										
PROMISCUOUS_3		MTOR									
PROMISCUOUS_5	MUC1										
PROMISCUOUS_3		MUC1									
PROMISCUOUS_5	MUS81										
PROMISCUOUS_3		MUS81									
PROMISCUOUS_5	MUTYH										
PROMISCUOUS_3		MUTYH									
PROMISCUOUS_5	MYB										
PROMISCUOUS_3		MYB									
PROMISCUOUS_5	MYC										
PROMISCUOUS_5	MYCL										
PROMISCUOUS_3		MYCL									
PROMISCUOUS_5	MYCN										
PROMISCUOUS_3		MYCN									
PROMISCUOUS_5	MYD88										
PROMISCUOUS_3		MYD88									
PROMISCUOUS_5	MYH11										
PROMISCUOUS_3		MYH11									
PROMISCUOUS_5	MYO5A										
PROMISCUOUS_3		MYO5A									
PROMISCUOUS_5	MYOD1										
PROMISCUOUS_3		MYOD1									
PROMISCUOUS_5	NAB2										
PROMISCUOUS_3		NAB2									
PROMISCUOUS_5	NBN										
PROMISCUOUS_3		NBN									
PROMISCUOUS_5	NCKIPSD										
PROMISCUOUS_3		NCKIPSD									
PROMISCUOUS_5	NCOA1										
PROMISCUOUS_5	NCOA2										
PROMISCUOUS_5	NCOA3										
PROMISCUOUS_3		NCOA3									
PROMISCUOUS_5	NCOA4										
PROMISCUOUS_3		NCOA4									
PROMISCUOUS_5	NCOR1										
PROMISCUOUS_3		NCOR1									
PROMISCUOUS_5	NCOR2										
PROMISCUOUS_3		NCOR2									
PROMISCUOUS_5	NDRG1										
PROMISCUOUS_3		NDRG1									
PROMISCUOUS_5	NEGR1										
PROMISCUOUS_3		NEGR1									
PROMISCUOUS_5	NF1										
PROMISCUOUS_3		NF1									
PROMISCUOUS_5	NF2										
PROMISCUOUS_3		NF2									
PROMISCUOUS_5	NFATC2										
PROMISCUOUS_3		NFATC2									
PROMISCUOUS_5	NFE2L2										
PROMISCUOUS_3		NFE2L2									
PROMISCUOUS_5	NFIB										
PROMISCUOUS_5	NFIX										
PROMISCUOUS_3		NFIX									
PROMISCUOUS_5	NFKB2										
PROMISCUOUS_3		NFKB2									
PROMISCUOUS_5	NFKBIA										
PROMISCUOUS_3		NFKBIA									
PROMISCUOUS_5	NFKBIE										
PROMISCUOUS_3		NFKBIE									
PROMISCUOUS_5	NHP2										
PROMISCUOUS_3		NHP2									
PROMISCUOUS_5	NID1										
PROMISCUOUS_3		NID1									
PROMISCUOUS_5	NIN										
PROMISCUOUS_3		NIN									
PROMISCUOUS_5	NKX2-1										
PROMISCUOUS_3		NKX2-1									
PROMISCUOUS_5	NKX3-1										
PROMISCUOUS_3		NKX3-1									
PROMISCUOUS_5	NONO										
PROMISCUOUS_3		NONO									
PROMISCUOUS_5	NOP10										
PROMISCUOUS_3		NOP10									
PROMISCUOUS_5	NOTCH1										
PROMISCUOUS_3		NOTCH1									
PROMISCUOUS_5	NOTCH2										
PROMISCUOUS_3		NOTCH2									
PROMISCUOUS_5	NOTCH3										
PROMISCUOUS_3		NOTCH3									
PROMISCUOUS_5	NOTCH4										
PROMISCUOUS_3		NOTCH4									
PROMISCUOUS_3		NPM1									
PROMISCUOUS_5	NR4A3										
PROMISCUOUS_5	NRAS										
PROMISCUOUS_3		NRAS									
PROMISCUOUS_5	NRG1										
PROMISCUOUS_5	NSD1										
PROMISCUOUS_3		NSD1									
PROMISCUOUS_5	NSD2										
PROMISCUOUS_3		NSD2									
PROMISCUOUS_5	NSD3										
PROMISCUOUS_3		NSD3									
PROMISCUOUS_5	NT5C2										
PROMISCUOUS_3		NT5C2									
PROMISCUOUS_5	NTHL1										
PROMISCUOUS_3		NTHL1									
PROMISCUOUS_5	NTN1										
PROMISCUOUS_3		NTN1									
PROMISCUOUS_5	NTRK1										
PROMISCUOUS_5	NTRK2										
PROMISCUOUS_5	NTRK3										
PROMISCUOUS_5	NUP214										
PROMISCUOUS_3		NUP214									
PROMISCUOUS_5	NUP93										
PROMISCUOUS_3		NUP93									
PROMISCUOUS_3		NUP98									
PROMISCUOUS_5	NUTM1										
PROMISCUOUS_5	NUTM2B										
PROMISCUOUS_3		NUTM2B									
PROMISCUOUS_5	OMD										
PROMISCUOUS_3		OMD									
PROMISCUOUS_5	P2RY8										
PROMISCUOUS_3		P2RY8									
PROMISCUOUS_5	PAG1										
PROMISCUOUS_3		PAG1									
PROMISCUOUS_5	PAK1										
PROMISCUOUS_3		PAK1									
PROMISCUOUS_5	PAK3										
PROMISCUOUS_3		PAK3									
PROMISCUOUS_5	PAK5										
PROMISCUOUS_3		PAK5									
PROMISCUOUS_5	PALB2										
PROMISCUOUS_3		PALB2									
PROMISCUOUS_5	PARG										
PROMISCUOUS_3		PARG									
PROMISCUOUS_5	PARP1										
PROMISCUOUS_3		PARP1									
PROMISCUOUS_5	PATZ1										
PROMISCUOUS_3		PATZ1									
PROMISCUOUS_3		PAX3									
PROMISCUOUS_3		PAX5									
PROMISCUOUS_5	PAX6										
PROMISCUOUS_3		PAX6									
PROMISCUOUS_5	PAX7										
PROMISCUOUS_3		PAX7									
PROMISCUOUS_3		PAX8									
PROMISCUOUS_5	PBRM1										
PROMISCUOUS_3		PBRM1									
PROMISCUOUS_5	PBX1										
PROMISCUOUS_3		PBX1									
PROMISCUOUS_5	PCBP1										
PROMISCUOUS_3		PCBP1									
PROMISCUOUS_5	PCM1										
PROMISCUOUS_3		PCM1									
PROMISCUOUS_5	PDCD1										
PROMISCUOUS_3		PDCD1									
PROMISCUOUS_5	PDCD1LG2										
PROMISCUOUS_3		PDCD1LG2									
PROMISCUOUS_5	PDE4DIP										
PROMISCUOUS_3		PDE4DIP									
PROMISCUOUS_5	PDGFB										
PROMISCUOUS_3		PDGFB									
PROMISCUOUS_5	PDGFRA										
PROMISCUOUS_5	PDGFRB										
PROMISCUOUS_5	PDK1										
PROMISCUOUS_3		PDK1									
PROMISCUOUS_5	PDPK1										
PROMISCUOUS_3		PDPK1									
PROMISCUOUS_5	PDS5B										
PROMISCUOUS_3		PDS5B									
PROMISCUOUS_5	PGR										
PROMISCUOUS_3		PGR									
PROMISCUOUS_5	PHF1										
PROMISCUOUS_5	PHF6										
PROMISCUOUS_3		PHF6									
PROMISCUOUS_5	PHOX2B										
PROMISCUOUS_3		PHOX2B									
PROMISCUOUS_5	PICALM										
PROMISCUOUS_3		PICALM									
PROMISCUOUS_5	PIGA										
PROMISCUOUS_3		PIGA									
PROMISCUOUS_5	PIK3C2B										
PROMISCUOUS_3		PIK3C2B									
PROMISCUOUS_5	PIK3C2G										
PROMISCUOUS_3		PIK3C2G									
PROMISCUOUS_5	PIK3C3										
PROMISCUOUS_3		PIK3C3									
PROMISCUOUS_5	PIK3CA										
PROMISCUOUS_3		PIK3CA									
PROMISCUOUS_5	PIK3CB										
PROMISCUOUS_3		PIK3CB									
PROMISCUOUS_5	PIK3CD										
PROMISCUOUS_3		PIK3CD									
PROMISCUOUS_5	PIK3CG										
PROMISCUOUS_3		PIK3CG									
PROMISCUOUS_5	PIK3R1										
PROMISCUOUS_3		PIK3R1									
PROMISCUOUS_5	PIK3R2										
PROMISCUOUS_3		PIK3R2									
PROMISCUOUS_5	PIK3R3										
PROMISCUOUS_3		PIK3R3									
PROMISCUOUS_5	PIM1										
PROMISCUOUS_3		PIM1									
PROMISCUOUS_5	PLA2R1										
PROMISCUOUS_3		PLA2R1									
PROMISCUOUS_5	PLAG1										
PROMISCUOUS_5	PLCG1										
PROMISCUOUS_3		PLCG1									
PROMISCUOUS_5	PLCG2										
PROMISCUOUS_3		PLCG2									
PROMISCUOUS_5	PLK2										
PROMISCUOUS_3		PLK2									
PROMISCUOUS_5	PMAIP1										
PROMISCUOUS_3		PMAIP1									
PROMISCUOUS_5	PMEL										
PROMISCUOUS_3		PMEL									
PROMISCUOUS_5	PML										
PROMISCUOUS_3		PML									
PROMISCUOUS_5	PMS1										
PROMISCUOUS_3		PMS1									
PROMISCUOUS_5	PMS2										
PROMISCUOUS_3		PMS2									
PROMISCUOUS_5	PNRC1										
PROMISCUOUS_3		PNRC1									
PROMISCUOUS_5	POLA1										
PROMISCUOUS_3		POLA1									
PROMISCUOUS_5	POLD1										
PROMISCUOUS_3		POLD1									
PROMISCUOUS_5	POLE										
PROMISCUOUS_3		POLE									
PROMISCUOUS_5	POLH										
PROMISCUOUS_3		POLH									
PROMISCUOUS_5	POLQ										
PROMISCUOUS_3		POLQ									
PROMISCUOUS_5	POT1										
PROMISCUOUS_3		POT1									
PROMISCUOUS_5	POU5F1										
PROMISCUOUS_3		POU5F1									
PROMISCUOUS_5	PPARG										
PROMISCUOUS_3		PPARG									
PROMISCUOUS_5	PPFIBP1										
PROMISCUOUS_3		PPFIBP1									
PROMISCUOUS_5	PPM1D										
PROMISCUOUS_3		PPM1D									
PROMISCUOUS_5	PPP1CB										
PROMISCUOUS_3		PPP1CB									
PROMISCUOUS_5	PPP2R1A										
PROMISCUOUS_3		PPP2R1A									
PROMISCUOUS_5	PPP2R2A										
PROMISCUOUS_3		PPP2R2A									
PROMISCUOUS_5	PPP6C										
PROMISCUOUS_3		PPP6C									
PROMISCUOUS_5	PRCC										
PROMISCUOUS_3		PRCC									
PROMISCUOUS_5	PRDM1										
PROMISCUOUS_3		PRDM1									
PROMISCUOUS_5	PRDM16										
PROMISCUOUS_3		PRDM16									
PROMISCUOUS_5	PRDM9										
PROMISCUOUS_3		PRDM9									
PROMISCUOUS_5	PREX2										
PROMISCUOUS_3		PREX2									
PROMISCUOUS_5	PRF1										
PROMISCUOUS_3		PRF1									
PROMISCUOUS_5	PRKACA										
PROMISCUOUS_3		PRKACA									
PROMISCUOUS_5	PRKAR1A										
PROMISCUOUS_3		PRKAR1A									
PROMISCUOUS_5	PRKCE										
PROMISCUOUS_3		PRKCE									
PROMISCUOUS_5	PRKCI										
PROMISCUOUS_3		PRKCI									
PROMISCUOUS_5	PRKDC										
PROMISCUOUS_3		PRKDC									
PROMISCUOUS_5	PRKN										
PROMISCUOUS_3		PRKN									
PROMISCUOUS_5	PRSS1										
PROMISCUOUS_3		PRSS1									
PROMISCUOUS_5	PRSS8										
PROMISCUOUS_3		PRSS8									
PROMISCUOUS_5	PSIP1										
PROMISCUOUS_3		PSIP1									
PROMISCUOUS_5	PTCH1										
PROMISCUOUS_3		PTCH1									
PROMISCUOUS_5	PTCH2										
PROMISCUOUS_3		PTCH2									
PROMISCUOUS_5	PTCSC3										
PROMISCUOUS_3		PTCSC3									
PROMISCUOUS_5	PTEN										
PROMISCUOUS_3		PTEN									
PROMISCUOUS_5	PTK2B										
PROMISCUOUS_3		PTK2B									
PROMISCUOUS_5	PTPN11										
PROMISCUOUS_3		PTPN11									
PROMISCUOUS_5	PTPN12										
PROMISCUOUS_3		PTPN12									
PROMISCUOUS_5	PTPN13										
PROMISCUOUS_3		PTPN13									
PROMISCUOUS_5	PTPRD										
PROMISCUOUS_3		PTPRD									
PROMISCUOUS_5	PTPRJ										
PROMISCUOUS_3		PTPRJ									
PROMISCUOUS_5	PTPRK										
PROMISCUOUS_3		PTPRK									
PROMISCUOUS_5	PTPRS										
PROMISCUOUS_3		PTPRS									
PROMISCUOUS_5	PTPRT										
PROMISCUOUS_3		PTPRT									
PROMISCUOUS_5	PWWP2A										
PROMISCUOUS_3		PWWP2A									
PROMISCUOUS_5	QKI										
PROMISCUOUS_3		QKI									
PROMISCUOUS_5	RAB35										
PROMISCUOUS_3		RAB35									
PROMISCUOUS_5	RABEP1										
PROMISCUOUS_3		RABEP1									
PROMISCUOUS_5	RAC1										
PROMISCUOUS_3		RAC1									
PROMISCUOUS_5	RAD21										
PROMISCUOUS_3		RAD21									
PROMISCUOUS_5	RAD50										
PROMISCUOUS_3		RAD50									
PROMISCUOUS_5	RAD51										
PROMISCUOUS_3		RAD51									
PROMISCUOUS_5	RAD51B										
PROMISCUOUS_3		RAD51B									
PROMISCUOUS_5	RAD51C										
PROMISCUOUS_3		RAD51C									
PROMISCUOUS_5	RAD51D										
PROMISCUOUS_3		RAD51D									
PROMISCUOUS_5	RAD52										
PROMISCUOUS_3		RAD52									
PROMISCUOUS_5	RAD54L										
PROMISCUOUS_3		RAD54L									
PROMISCUOUS_5	RAF1										
PROMISCUOUS_5	RANBP2										
PROMISCUOUS_3		RANBP2									
PROMISCUOUS_5	RAP1GDS1										
PROMISCUOUS_3		RAP1GDS1									
PROMISCUOUS_5	RARA										
PROMISCUOUS_5	RARG										
PROMISCUOUS_3		RARG									
PROMISCUOUS_5	RASA1										
PROMISCUOUS_3		RASA1									
PROMISCUOUS_5	RB1										
PROMISCUOUS_3		RB1									
PROMISCUOUS_5	RBL2										
PROMISCUOUS_3		RBL2									
PROMISCUOUS_5	RBM10										
PROMISCUOUS_3		RBM10									
PROMISCUOUS_5	RBM14										
PROMISCUOUS_3		RBM14									
PROMISCUOUS_5	RBM15										
PROMISCUOUS_3		RBM15									
PROMISCUOUS_5	RECQL										
PROMISCUOUS_3		RECQL									
PROMISCUOUS_5	RECQL4										
PROMISCUOUS_3		RECQL4									
PROMISCUOUS_5	REL										
PROMISCUOUS_3		REL									
PROMISCUOUS_5	REST										
PROMISCUOUS_3		REST									
PROMISCUOUS_5	RET										
PROMISCUOUS_5	RFWD3										
PROMISCUOUS_3		RFWD3									
PROMISCUOUS_5	RHBDF2										
PROMISCUOUS_3		RHBDF2									
PROMISCUOUS_5	RHEB										
PROMISCUOUS_3		RHEB									
PROMISCUOUS_5	RHOA										
PROMISCUOUS_3		RHOA									
PROMISCUOUS_5	RICTOR										
PROMISCUOUS_3		RICTOR									
PROMISCUOUS_5	RIF1										
PROMISCUOUS_3		RIF1									
PROMISCUOUS_5	RINT1										
PROMISCUOUS_3		RINT1									
PROMISCUOUS_5	RIT1										
PROMISCUOUS_3		RIT1									
PROMISCUOUS_5	RNASEL										
PROMISCUOUS_3		RNASEL									
PROMISCUOUS_5	RNF43										
PROMISCUOUS_3		RNF43									
PROMISCUOUS_5	ROS1										
PROMISCUOUS_5	RPL11										
PROMISCUOUS_3		RPL11									
PROMISCUOUS_5	RPL5										
PROMISCUOUS_3		RPL5									
PROMISCUOUS_5	RPN1										
PROMISCUOUS_3		RPN1									
PROMISCUOUS_5	RPS15										
PROMISCUOUS_3		RPS15									
PROMISCUOUS_5	RPS27										
PROMISCUOUS_3		RPS27									
PROMISCUOUS_5	RPS6KA4										
PROMISCUOUS_3		RPS6KA4									
PROMISCUOUS_5	RPS6KB1										
PROMISCUOUS_3		RPS6KB1									
PROMISCUOUS_5	RPS6KB2										
PROMISCUOUS_3		RPS6KB2									
PROMISCUOUS_5	RPTOR										
PROMISCUOUS_3		RPTOR									
PROMISCUOUS_5	RRAS2										
PROMISCUOUS_3		RRAS2									
PROMISCUOUS_5	RSPO2										
PROMISCUOUS_3		RSPO2									
PROMISCUOUS_5	RSPO3										
PROMISCUOUS_3		RSPO3									
PROMISCUOUS_5	RTEL1										
PROMISCUOUS_3		RTEL1									
PROMISCUOUS_3		RUNX1									
PROMISCUOUS_5	RUNX1T1										
PROMISCUOUS_3		RUNX1T1									
PROMISCUOUS_5	RYBP										
PROMISCUOUS_3		RYBP									
PROMISCUOUS_5	SAMD9L										
PROMISCUOUS_3		SAMD9L									
PROMISCUOUS_5	SASH1										
PROMISCUOUS_3		SASH1									
PROMISCUOUS_5	SAV1										
PROMISCUOUS_3		SAV1									
PROMISCUOUS_5	SBDS										
PROMISCUOUS_3		SBDS									
PROMISCUOUS_5	SCG5										
PROMISCUOUS_3		SCG5									
PROMISCUOUS_5	SDC4										
PROMISCUOUS_3		SDC4									
PROMISCUOUS_5	SDHA										
PROMISCUOUS_3		SDHA									
PROMISCUOUS_5	SDHAF2										
PROMISCUOUS_3		SDHAF2									
PROMISCUOUS_5	SDHB										
PROMISCUOUS_3		SDHB									
PROMISCUOUS_5	SDHC										
PROMISCUOUS_3		SDHC									
PROMISCUOUS_5	SDHD										
PROMISCUOUS_3		SDHD									
PROMISCUOUS_5	SEC23B										
PROMISCUOUS_3		SEC23B									
PROMISCUOUS_5	SEC31A										
PROMISCUOUS_3		SEC31A									
PROMISCUOUS_5	SEMA6A										
PROMISCUOUS_3		SEMA6A									
PROMISCUOUS_5	SEPTIN5										
PROMISCUOUS_3		SEPTIN5									
PROMISCUOUS_5	SEPTIN6										
PROMISCUOUS_3		SEPTIN6									
PROMISCUOUS_5	SEPTIN9										
PROMISCUOUS_3		SEPTIN9									
PROMISCUOUS_5	SET										
PROMISCUOUS_3		SET									
PROMISCUOUS_5	SETBP1										
PROMISCUOUS_3		SETBP1									
PROMISCUOUS_5	SETD2										
PROMISCUOUS_3		SETD2									
PROMISCUOUS_5	SETDB1										
PROMISCUOUS_3		SETDB1									
PROMISCUOUS_5	SF3B1										
PROMISCUOUS_3		SF3B1									
PROMISCUOUS_5	SFPQ										
PROMISCUOUS_3		SFPQ									
PROMISCUOUS_5	SFTPB										
PROMISCUOUS_3		SFTPB									
PROMISCUOUS_5	SFTPC										
PROMISCUOUS_3		SFTPC									
PROMISCUOUS_5	SGK1										
PROMISCUOUS_3		SGK1									
PROMISCUOUS_5	SH2B3										
PROMISCUOUS_3		SH2B3									
PROMISCUOUS_5	SH2D1A										
PROMISCUOUS_3		SH2D1A									
PROMISCUOUS_5	SH3GL1										
PROMISCUOUS_3		SH3GL1									
PROMISCUOUS_5	SHLD1										
PROMISCUOUS_3		SHLD1									
PROMISCUOUS_5	SHLD2										
PROMISCUOUS_3		SHLD2									
PROMISCUOUS_5	SHLD3										
PROMISCUOUS_3		SHLD3									
PROMISCUOUS_5	SHOC2										
PROMISCUOUS_3		SHOC2									
PROMISCUOUS_5	SHQ1										
PROMISCUOUS_3		SHQ1									
PROMISCUOUS_5	SIX1										
PROMISCUOUS_3		SIX1									
PROMISCUOUS_5	SLC26A3										
PROMISCUOUS_3		SLC26A3									
PROMISCUOUS_5	SLC34A2										
PROMISCUOUS_3		SLC34A2									
PROMISCUOUS_3		SLC45A3									
PROMISCUOUS_5	SLFN11										
PROMISCUOUS_3		SLFN11									
PROMISCUOUS_5	SLIT2										
PROMISCUOUS_3		SLIT2									
PROMISCUOUS_5	SLX4										
PROMISCUOUS_3		SLX4									
PROMISCUOUS_5	SMAD2										
PROMISCUOUS_3		SMAD2									
PROMISCUOUS_5	SMAD3										
PROMISCUOUS_3		SMAD3									
PROMISCUOUS_5	SMAD4										
PROMISCUOUS_3		SMAD4									
PROMISCUOUS_5	SMARCA2										
PROMISCUOUS_3		SMARCA2									
PROMISCUOUS_5	SMARCA4										
PROMISCUOUS_3		SMARCA4									
PROMISCUOUS_5	SMARCA5										
PROMISCUOUS_3		SMARCA5									
PROMISCUOUS_5	SMARCB1										
PROMISCUOUS_3		SMARCB1									
PROMISCUOUS_5	SMARCD1										
PROMISCUOUS_3		SMARCD1									
PROMISCUOUS_5	SMARCE1										
PROMISCUOUS_3		SMARCE1									
PROMISCUOUS_5	SMC1A										
PROMISCUOUS_3		SMC1A									
PROMISCUOUS_5	SMC3										
PROMISCUOUS_3		SMC3									
PROMISCUOUS_5	SMO										
PROMISCUOUS_3		SMO									
PROMISCUOUS_5	SNCAIP										
PROMISCUOUS_3		SNCAIP									
PROMISCUOUS_5	SND1										
PROMISCUOUS_3		SND1									
PROMISCUOUS_5	SOCS1										
PROMISCUOUS_3		SOCS1									
PROMISCUOUS_5	SOS1										
PROMISCUOUS_3		SOS1									
PROMISCUOUS_5	SOX10										
PROMISCUOUS_3		SOX10									
PROMISCUOUS_5	SOX17										
PROMISCUOUS_3		SOX17									
PROMISCUOUS_5	SOX2										
PROMISCUOUS_3		SOX2									
PROMISCUOUS_5	SOX9										
PROMISCUOUS_3		SOX9									
PROMISCUOUS_5	SPEN										
PROMISCUOUS_3		SPEN									
PROMISCUOUS_5	SPI1										
PROMISCUOUS_3		SPI1									
PROMISCUOUS_5	SPINK1										
PROMISCUOUS_3		SPINK1									
PROMISCUOUS_5	SPOP										
PROMISCUOUS_3		SPOP									
PROMISCUOUS_5	SPRED1										
PROMISCUOUS_3		SPRED1									
PROMISCUOUS_5	SPRTN										
PROMISCUOUS_3		SPRTN									
PROMISCUOUS_5	SPTA1										
PROMISCUOUS_3		SPTA1									
PROMISCUOUS_5	SPTBN1										
PROMISCUOUS_3		SPTBN1									
PROMISCUOUS_5	SQSTM1										
PROMISCUOUS_3		SQSTM1									
PROMISCUOUS_5	SRC										
PROMISCUOUS_3		SRC									
PROMISCUOUS_5	SRGAP3										
PROMISCUOUS_3		SRGAP3									
PROMISCUOUS_5	SRSF2										
PROMISCUOUS_3		SRSF2									
PROMISCUOUS_5	SRY										
PROMISCUOUS_3		SRY									
PROMISCUOUS_3		SS18									
PROMISCUOUS_5	SS18L1										
PROMISCUOUS_3		SS18L1									
PROMISCUOUS_5	SSBP2										
PROMISCUOUS_3		SSBP2									
PROMISCUOUS_5	SSX1										
PROMISCUOUS_3		SSX1									
PROMISCUOUS_5	SSX2										
PROMISCUOUS_3		SSX2									
PROMISCUOUS_5	SSX4										
PROMISCUOUS_3		SSX4									
PROMISCUOUS_5	STAG1										
PROMISCUOUS_3		STAG1									
PROMISCUOUS_5	STAG2										
PROMISCUOUS_3		STAG2									
PROMISCUOUS_5	STAT1										
PROMISCUOUS_3		STAT1									
PROMISCUOUS_5	STAT3										
PROMISCUOUS_3		STAT3									
PROMISCUOUS_5	STAT4										
PROMISCUOUS_3		STAT4									
PROMISCUOUS_5	STAT5A										
PROMISCUOUS_3		STAT5A									
PROMISCUOUS_5	STAT5B										
PROMISCUOUS_3		STAT5B									
PROMISCUOUS_5	STAT6										
PROMISCUOUS_3		STAT6									
PROMISCUOUS_5	STIL										
PROMISCUOUS_3		STIL									
PROMISCUOUS_5	STK11										
PROMISCUOUS_3		STK11									
PROMISCUOUS_5	STK40										
PROMISCUOUS_3		STK40									
PROMISCUOUS_3		STRN									
PROMISCUOUS_5	SUFU										
PROMISCUOUS_3		SUFU									
PROMISCUOUS_5	SUZ12										
PROMISCUOUS_3		SUZ12									
PROMISCUOUS_5	SYK										
PROMISCUOUS_3		SYK									
PROMISCUOUS_5	TACC1										
PROMISCUOUS_3		TACC1									
PROMISCUOUS_5	TAF1										
PROMISCUOUS_3		TAF1									
PROMISCUOUS_5	TAF15										
PROMISCUOUS_3		TAF15									
PROMISCUOUS_5	TAL1										
PROMISCUOUS_3		TAL1									
PROMISCUOUS_5	TAL2										
PROMISCUOUS_3		TAL2									
PROMISCUOUS_5	TAP2										
PROMISCUOUS_3		TAP2									
PROMISCUOUS_5	TBL1XR1										
PROMISCUOUS_3		TBL1XR1									
PROMISCUOUS_5	TBX3										
PROMISCUOUS_3		TBX3									
PROMISCUOUS_5	TCEA1										
PROMISCUOUS_3		TCEA1									
PROMISCUOUS_5	TCF12										
PROMISCUOUS_3		TCF12									
PROMISCUOUS_5	TCF3										
PROMISCUOUS_3		TCF3									
PROMISCUOUS_5	TCF7L2										
PROMISCUOUS_3		TCF7L2									
PROMISCUOUS_5	TCL1A										
PROMISCUOUS_3		TCL1A									
PROMISCUOUS_5	TCL1B										
PROMISCUOUS_3		TCL1B									
PROMISCUOUS_5	TENT5C										
PROMISCUOUS_3		TENT5C									
PROMISCUOUS_5	TERC										
PROMISCUOUS_3		TERC									
PROMISCUOUS_5	TERT										
PROMISCUOUS_5	TET1										
PROMISCUOUS_3		TET1									
PROMISCUOUS_5	TET2										
PROMISCUOUS_3		TET2									
PROMISCUOUS_5	TFAP2A										
PROMISCUOUS_3		TFAP2A									
PROMISCUOUS_5	TFE3										
PROMISCUOUS_5	TFEB										
PROMISCUOUS_3		TFG									
PROMISCUOUS_5	TFRC										
PROMISCUOUS_3		TFRC									
PROMISCUOUS_5	TGFBR1										
PROMISCUOUS_3		TGFBR1									
PROMISCUOUS_5	TGFBR2										
PROMISCUOUS_3		TGFBR2									
PROMISCUOUS_5	THRAP3										
PROMISCUOUS_3		THRAP3									
PROMISCUOUS_5	TLX1										
PROMISCUOUS_3		TLX1									
PROMISCUOUS_5	TLX3										
PROMISCUOUS_3		TLX3									
PROMISCUOUS_5	TMEM127										
PROMISCUOUS_3		TMEM127									
PROMISCUOUS_3		TMPRSS2									
PROMISCUOUS_5	TNFAIP3										
PROMISCUOUS_3		TNFAIP3									
PROMISCUOUS_5	TNFRSF11A										
PROMISCUOUS_3		TNFRSF11A									
PROMISCUOUS_5	TNFRSF14										
PROMISCUOUS_3		TNFRSF14									
PROMISCUOUS_5	TNKS2										
PROMISCUOUS_3		TNKS2									
PROMISCUOUS_5	TOP1										
PROMISCUOUS_3		TOP1									
PROMISCUOUS_5	TOP2A										
PROMISCUOUS_3		TOP2A									
PROMISCUOUS_5	TP53										
PROMISCUOUS_3		TP53									
PROMISCUOUS_5	TP53BP1										
PROMISCUOUS_3		TP53BP1									
PROMISCUOUS_5	TP63										
PROMISCUOUS_3		TP63									
PROMISCUOUS_3		TPM3									
PROMISCUOUS_5	TPM4										
PROMISCUOUS_3		TPM4									
PROMISCUOUS_3		TPR									
PROMISCUOUS_5	TRAF2										
PROMISCUOUS_3		TRAF2									
PROMISCUOUS_5	TRAF3										
PROMISCUOUS_3		TRAF3									
PROMISCUOUS_5	TRAF7										
PROMISCUOUS_3		TRAF7									
PROMISCUOUS_5	TRIM24										
PROMISCUOUS_3		TRIM24									
PROMISCUOUS_5	TRIM27										
PROMISCUOUS_3		TRIM27									
PROMISCUOUS_5	TRIM33										
PROMISCUOUS_3		TRIM33									
PROMISCUOUS_5	TRIM37										
PROMISCUOUS_3		TRIM37									
PROMISCUOUS_5	TRIP13										
PROMISCUOUS_3		TRIP13									
PROMISCUOUS_5	TSC1										
PROMISCUOUS_3		TSC1									
PROMISCUOUS_5	TSC2										
PROMISCUOUS_3		TSC2									
PROMISCUOUS_5	TSHR										
PROMISCUOUS_3		TSHR									
PROMISCUOUS_5	TSLP										
PROMISCUOUS_3		TSLP									
PROMISCUOUS_5	TYK2										
PROMISCUOUS_3		TYK2									
PROMISCUOUS_5	U2AF1										
PROMISCUOUS_3		U2AF1									
PROMISCUOUS_5	U2AF2										
PROMISCUOUS_3		U2AF2									
PROMISCUOUS_5	UBE2T										
PROMISCUOUS_3		UBE2T									
PROMISCUOUS_5	UBTF										
PROMISCUOUS_3		UBTF									
PROMISCUOUS_5	USP2										
PROMISCUOUS_3		USP2									
PROMISCUOUS_5	USP6										
PROMISCUOUS_5	USP9X										
PROMISCUOUS_3		USP9X									
PROMISCUOUS_5	VDR										
PROMISCUOUS_3		VDR									
PROMISCUOUS_5	VEGFA										
PROMISCUOUS_3		VEGFA									
PROMISCUOUS_5	VHL										
PROMISCUOUS_3		VHL									
PROMISCUOUS_5	VTCN1										
PROMISCUOUS_3		VTCN1									
PROMISCUOUS_5	VTI1A										
PROMISCUOUS_3		VTI1A									
PROMISCUOUS_5	VTRNA2-1										
PROMISCUOUS_3		VTRNA2-1									
PROMISCUOUS_5	WAS										
PROMISCUOUS_3		WAS									
PROMISCUOUS_5	WDR48										
PROMISCUOUS_3		WDR48									
PROMISCUOUS_5	WIF1										
PROMISCUOUS_3		WIF1									
PROMISCUOUS_5	WRN										
PROMISCUOUS_3		WRN									
PROMISCUOUS_5	WT1										
PROMISCUOUS_3		WT1									
PROMISCUOUS_5	WWTR1										
PROMISCUOUS_3		WWTR1									
PROMISCUOUS_5	XIAP										
PROMISCUOUS_3		XIAP									
PROMISCUOUS_5	XPA										
PROMISCUOUS_3		XPA									
PROMISCUOUS_5	XPC										
PROMISCUOUS_3		XPC									
PROMISCUOUS_5	XPO1										
PROMISCUOUS_3		XPO1									
PROMISCUOUS_5	XRCC2										
PROMISCUOUS_3		XRCC2									
PROMISCUOUS_5	XRCC3										
PROMISCUOUS_3		XRCC3									
PROMISCUOUS_3		YAP1									
PROMISCUOUS_5	YES1										
PROMISCUOUS_3		YES1									
PROMISCUOUS_3		YWHAE									
PROMISCUOUS_5	YY1										
PROMISCUOUS_3		YY1									
PROMISCUOUS_5	ZBTB16										
PROMISCUOUS_3		ZBTB16									
PROMISCUOUS_5	ZBTB2										
PROMISCUOUS_3		ZBTB2									
PROMISCUOUS_5	ZBTB7A										
PROMISCUOUS_3		ZBTB7A									
PROMISCUOUS_5	ZCCHC7										
PROMISCUOUS_3		ZCCHC7									
PROMISCUOUS_5	ZCCHC8										
PROMISCUOUS_3		ZCCHC8									
PROMISCUOUS_5	ZEB1										
PROMISCUOUS_3		ZEB1									
PROMISCUOUS_5	ZFHX3										
PROMISCUOUS_3		ZFHX3									
PROMISCUOUS_5	ZFP36L1										
PROMISCUOUS_3		ZFP36L1									
PROMISCUOUS_5	ZFP36L2										
PROMISCUOUS_3		ZFP36L2									
PROMISCUOUS_5	ZFYVE19										
PROMISCUOUS_3		ZFYVE19									
PROMISCUOUS_5	ZMYM2										
PROMISCUOUS_3		ZMYM2									
PROMISCUOUS_5	ZNF217										
PROMISCUOUS_3		ZNF217									
PROMISCUOUS_5	ZNF384										
PROMISCUOUS_3		ZNF384									
PROMISCUOUS_5	ZNF703										
PROMISCUOUS_3		ZNF703									
PROMISCUOUS_5	ZNF750										
PROMISCUOUS_3		ZNF750									
PROMISCUOUS_5	ZNRF3										
PROMISCUOUS_3		ZNRF3									
PROMISCUOUS_5	ZRSR2										
PROMISCUOUS_3		ZRSR2									
