gene	reportMissense	reportNonsense	reportSplice	reportDeletion	reportDisruption	reportAmplification	reportSomaticHotspot	likelihoodType	reportGermlineVariant	reportGermlineHotspot	reportGermlineDisruption	reportGermlineDeletion	additionalReportedTranscripts	reportPGX
ABCB1	true	true	true	true	true	false	true	TSG	NONE	NONE	NONE	NONE		false
ABL1	true	false	false	false	false	true	true	ONCO	NONE	NONE	NONE	NONE		false
ACVR1	true	false	false	false	false	true	true	ONCO	NONE	NONE	NONE	NONE		false
ACVR1B	true	true	true	true	true	false	true	TSG	NONE	NONE	NONE	NONE		false
ACVR2A	true	true	true	true	true	false	true	TSG	NONE	NONE	NONE	NONE		false
ADAM30	false	false	false	false	false	true	false	ONCO	NONE	NONE	NONE	NONE		false
AFDN	false	false	false	true	false	false	false	TSG	NONE	NONE	NONE	NONE		false
AGBL4	false	false	false	true	false	false	false	TSG	NONE	NONE	NONE	NONE		false
AJUBA	true	true	true	true	true	false	true	TSG	NONE	NONE	NONE	NONE		false
AKT1	true	false	false	false	false	true	true	ONCO	NONE	NONE	NONE	NONE		false
ALB	true	false	false	false	false	true	true	ONCO	NONE	NONE	NONE	NONE		false
ALK	true	false	false	false	false	true	true	ONCO	NONE	NONE	NONE	NONE		false
AMBRA1	false	false	false	true	false	false	false	TSG	NONE	NONE	NONE	NONE		false
AMER1	true	true	true	true	true	false	true	TSG	NONE	NONE	NONE	NONE		false
ANK1	false	false	false	false	false	true	false	ONCO	NONE	NONE	NONE	NONE		false
ANKRD11	false	false	false	true	false	false	false	TSG	NONE	NONE	NONE	NONE		false
APC	true	true	true	true	true	false	true	TSG	VARIANT_NOT_LOST	VARIANT_NOT_LOST	VARIANT_NOT_LOST	WILDTYPE_LOST		false
AR	true	false	false	false	false	true	true	ONCO	NONE	NONE	NONE	NONE		false
ARAF	true	false	false	false	false	true	true	ONCO	NONE	NONE	NONE	NONE		false
ARHGAP35	true	true	true	true	true	false	true	TSG	NONE	NONE	NONE	NONE		false
ARID1A	true	true	true	true	true	false	true	TSG	NONE	NONE	NONE	NONE		false
ARID1B	true	true	true	true	true	false	true	TSG	NONE	NONE	NONE	NONE		false
ARID2	true	true	true	true	true	false	true	TSG	NONE	NONE	NONE	NONE		false
ARID5B	true	false	false	false	false	true	true	ONCO	NONE	NONE	NONE	NONE		false
ASXL1	true	true	true	true	true	false	true	TSG	NONE	NONE	NONE	NONE		false
ASXL2	false	false	false	true	false	false	false	TSG	NONE	NONE	NONE	NONE		false
ATG7	false	false	false	true	false	false	false	TSG	NONE	NONE	NONE	NONE		false
ATM	true	true	true	true	true	false	true	TSG	VARIANT_NOT_LOST	VARIANT_NOT_LOST	VARIANT_NOT_LOST	WILDTYPE_LOST		false
ATP1A1	true	true	true	true	true	false	true	TSG	NONE	NONE	NONE	NONE		false
ATP2B3	true	true	true	true	true	false	true	TSG	NONE	NONE	NONE	NONE		false
ATR	true	true	true	true	true	false	true	TSG	NONE	NONE	NONE	NONE		false
ATRX	true	true	true	true	true	false	true	TSG	NONE	NONE	NONE	NONE		false
AXIN1	true	true	true	true	true	false	true	TSG	NONE	NONE	NONE	NONE		false
AXIN2	true	true	true	true	true	false	true	TSG	NONE	NONE	NONE	NONE		false
AXL	true	false	false	false	false	true	true	ONCO	NONE	NONE	NONE	NONE		false
B2M	true	true	true	true	true	false	true	TSG	NONE	NONE	NONE	NONE		false
BAP1	true	true	true	true	true	false	true	TSG	VARIANT_NOT_LOST	VARIANT_NOT_LOST	VARIANT_NOT_LOST	WILDTYPE_LOST		false
BARD1	true	true	true	true	true	false	true	TSG	VARIANT_NOT_LOST	VARIANT_NOT_LOST	VARIANT_NOT_LOST	WILDTYPE_LOST		false
BCL2	true	false	false	false	false	true	true	ONCO	NONE	NONE	NONE	NONE		false
BCL9L	true	true	true	true	true	false	true	TSG	NONE	NONE	NONE	NONE		false
BCOR	true	true	true	true	true	false	true	TSG	NONE	NONE	NONE	NONE		false
BIRC3	true	true	true	true	true	false	true	TSG	NONE	NONE	NONE	NONE		false
BMPR1A	true	true	true	true	true	false	true	TSG	VARIANT_NOT_LOST	VARIANT_NOT_LOST	VARIANT_NOT_LOST	WILDTYPE_LOST		false
BMPR2	true	true	true	true	true	false	true	TSG	NONE	NONE	NONE	NONE		false
BRAF	true	false	false	false	false	true	true	ONCO	NONE	NONE	NONE	NONE		false
BRCA1	true	true	true	true	true	false	true	TSG	VARIANT_NOT_LOST	VARIANT_NOT_LOST	VARIANT_NOT_LOST	WILDTYPE_LOST		false
BRCA2	true	true	true	true	true	false	true	TSG	VARIANT_NOT_LOST	VARIANT_NOT_LOST	VARIANT_NOT_LOST	WILDTYPE_LOST		false
BRD7	true	true	true	true	true	false	true	TSG	NONE	NONE	NONE	NONE		false
BRIP1	true	true	true	true	true	false	true	TSG	VARIANT_NOT_LOST	VARIANT_NOT_LOST	VARIANT_NOT_LOST	WILDTYPE_LOST		false
BTK	true	true	true	true	true	false	true	TSG	NONE	NONE	NONE	NONE		false
C21orf91	false	false	false	true	false	false	false	TSG	NONE	NONE	NONE	NONE		false
CACNA1D	true	false	false	false	false	true	true	ONCO	NONE	NONE	NONE	NONE		false
CALR	true	false	false	false	false	true	true	ONCO	NONE	NONE	NONE	NONE		false
CARD11	true	false	false	false	false	true	true	ONCO	NONE	NONE	NONE	NONE		false
CASP8	true	true	true	true	true	false	true	TSG	NONE	NONE	NONE	NONE		false
CASZ1	true	true	true	true	true	false	true	TSG	NONE	NONE	NONE	NONE		false
CBFB	true	true	true	true	true	false	true	TSG	NONE	NONE	NONE	NONE		false
CBL	true	false	false	false	false	true	true	ONCO	NONE	NONE	NONE	NONE		false
CBLB	true	true	true	true	true	false	true	TSG	NONE	NONE	NONE	NONE		false
CCND1	true	false	false	false	true	true	true	ONCO	NONE	NONE	NONE	NONE		false
CCND2	false	false	false	false	false	true	false	ONCO	NONE	NONE	NONE	NONE		false
CCND3	false	false	false	false	false	true	false	ONCO	NONE	NONE	NONE	NONE		false
CCNE1	false	false	false	false	false	true	false	ONCO	NONE	NONE	NONE	NONE		false
CCSER1	false	false	false	true	false	false	false	TSG	NONE	NONE	NONE	NONE		false
CD274	false	false	false	false	false	true	false	ONCO	NONE	NONE	NONE	NONE		false
CD44	false	false	false	false	false	true	false	ONCO	NONE	NONE	NONE	NONE		false
CD58	true	true	true	true	true	false	true	TSG	NONE	NONE	NONE	NONE		false
CD79A	true	false	false	false	false	true	true	ONCO	NONE	NONE	NONE	NONE		false
CD79B	true	false	false	false	false	true	true	ONCO	NONE	NONE	NONE	NONE		false
CDC73	true	true	true	true	true	false	true	TSG	VARIANT_NOT_LOST	VARIANT_NOT_LOST	VARIANT_NOT_LOST	WILDTYPE_LOST		false
CDH1	true	true	true	true	true	false	true	TSG	VARIANT_NOT_LOST	VARIANT_NOT_LOST	VARIANT_NOT_LOST	WILDTYPE_LOST		false
CDH10	true	true	true	true	true	false	true	TSG	NONE	NONE	NONE	NONE		false
CDK12	true	true	true	true	true	false	true	TSG	VARIANT_NOT_LOST	VARIANT_NOT_LOST	VARIANT_NOT_LOST	WILDTYPE_LOST		false
CDK4	true	false	false	false	false	true	true	ONCO	NONE	VARIANT_NOT_LOST	NONE	NONE		false
CDK6	true	false	false	false	false	true	true	ONCO	NONE	NONE	NONE	NONE		false
CDKN1A	true	true	true	true	true	false	true	TSG	NONE	NONE	NONE	NONE		false
CDKN1B	true	true	true	true	true	false	true	TSG	NONE	NONE	NONE	NONE		false
CDKN2A	true	true	true	true	true	false	true	TSG	VARIANT_NOT_LOST	VARIANT_NOT_LOST	VARIANT_NOT_LOST	WILDTYPE_LOST	ENST00000579755	false
CDKN2C	true	true	true	true	true	false	true	TSG	NONE	NONE	NONE	NONE		false
CDX2	false	false	false	false	false	true	false	ONCO	NONE	NONE	NONE	NONE		false
CEBPA	true	true	true	true	true	false	true	TSG	NONE	NONE	NONE	NONE		false
CHD1	false	false	false	true	false	false	false	TSG	NONE	NONE	NONE	NONE		false
CHD4	true	false	false	false	false	true	true	ONCO	NONE	NONE	NONE	NONE		false
CHEK1	true	true	true	true	true	false	true	TSG	VARIANT_NOT_LOST	VARIANT_NOT_LOST	VARIANT_NOT_LOST	WILDTYPE_LOST		false
CHEK2	true	true	true	true	true	false	true	TSG	VARIANT_NOT_LOST	VARIANT_NOT_LOST	VARIANT_NOT_LOST	WILDTYPE_LOST		false
CIC	true	true	true	true	true	false	true	TSG	NONE	NONE	NONE	NONE		false
CNOT3	true	true	true	true	true	false	true	TSG	NONE	NONE	NONE	NONE		false
COL2A1	true	false	false	false	false	true	true	ONCO	NONE	NONE	NONE	NONE		false
CREBBP	true	true	true	true	true	false	true	TSG	NONE	NONE	NONE	NONE		false
CRLF2	true	false	false	false	false	true	true	ONCO	NONE	NONE	NONE	NONE		false
CRYBG1	false	false	false	false	false	true	false	ONCO	NONE	NONE	NONE	NONE		false
CSF1	true	true	true	true	true	false	true	TSG	NONE	NONE	NONE	NONE		false
CSF1R	true	false	false	false	false	true	true	ONCO	NONE	NONE	NONE	NONE		false
CSF3R	true	false	false	false	false	true	true	ONCO	NONE	NONE	NONE	NONE		false
CSMD1	false	false	false	true	false	false	false	TSG	NONE	NONE	NONE	NONE		false
CTCF	true	true	true	true	true	false	true	TSG	NONE	NONE	NONE	NONE		false
CTNNA1	true	true	true	true	true	false	true	TSG	NONE	NONE	NONE	NONE		false
CTNNB1	true	false	false	true	true	true	true	ONCO	NONE	NONE	NONE	NONE		false
CUL3	true	true	true	true	true	false	true	TSG	NONE	NONE	NONE	NONE		false
CUX1	true	true	true	true	true	false	true	TSG	NONE	NONE	NONE	NONE		false
CXCR4	true	false	false	false	false	true	true	ONCO	NONE	NONE	NONE	NONE		false
CYLD	true	true	true	true	true	false	true	TSG	NONE	NONE	NONE	NONE		false
CYP2D6	false	false	false	false	false	false	false	TSG	NONE	NONE	NONE	NONE		true
CYP3A4	false	false	false	false	false	false	false	TSG	NONE	NONE	NONE	NONE		true
CYP3A5	false	false	false	false	false	false	false	TSG	NONE	NONE	NONE	NONE		true
DAXX	true	true	true	true	true	false	true	TSG	NONE	NONE	NONE	NONE		false
DDR2	true	false	false	false	false	true	true	ONCO	NONE	NONE	NONE	NONE		false
DDX3X	true	true	true	true	true	false	true	TSG	NONE	NONE	NONE	NONE		false
DEPDC5	false	false	false	true	false	false	false	TSG	NONE	NONE	NONE	NONE		false
DGCR8	true	false	false	false	false	true	true	ONCO	NONE	NONE	NONE	NONE		false
DIAPH2	false	false	false	true	false	false	false	TSG	NONE	NONE	NONE	NONE		false
DICER1	true	true	true	true	true	false	true	TSG	VARIANT_NOT_LOST	VARIANT_NOT_LOST	VARIANT_NOT_LOST	WILDTYPE_LOST		false
DLG2	false	false	false	true	false	false	false	TSG	NONE	NONE	NONE	NONE		false
DMD	false	false	false	true	false	false	false	TSG	NONE	NONE	NONE	NONE		false
DNM2	true	true	true	true	true	false	true	TSG	NONE	NONE	NONE	NONE		false
DNMT3A	true	true	true	true	true	false	true	TSG	NONE	NONE	NONE	NONE		false
DOCK8	false	false	false	true	false	false	false	TSG	NONE	NONE	NONE	NONE		false
DPYD	false	false	false	false	false	false	false	TSG	NONE	NONE	NONE	NONE		true
DROSHA	true	true	true	true	true	false	true	TSG	NONE	NONE	NONE	NONE		false
EEF1A1	true	false	false	false	false	true	true	ONCO	NONE	NONE	NONE	NONE		false
EGFR	true	false	false	false	false	true	true	ONCO	NONE	NONE	NONE	NONE		false
EIF1AX	true	false	false	false	false	true	true	ONCO	NONE	NONE	NONE	NONE		false
ELF3	true	true	true	true	true	false	true	TSG	NONE	NONE	NONE	NONE		false
EML4	true	true	true	true	true	false	true	TSG	NONE	NONE	NONE	NONE		false
EP300	true	true	true	true	true	false	true	TSG	NONE	NONE	NONE	NONE		false
EPAS1	true	false	false	false	false	true	true	ONCO	NONE	NONE	NONE	NONE		false
EPCAM	true	true	true	true	true	false	true	TSG	VARIANT_NOT_LOST	VARIANT_NOT_LOST	VARIANT_NOT_LOST	WILDTYPE_LOST		false
EPHA2	true	true	true	true	true	false	true	TSG	NONE	NONE	NONE	NONE		false
ERBB2	true	false	false	false	false	true	true	ONCO	NONE	NONE	NONE	NONE		false
ERBB3	true	false	false	false	false	true	true	ONCO	NONE	NONE	NONE	NONE		false
ERBB4	true	true	true	true	true	false	true	TSG	NONE	NONE	NONE	NONE		false
ERCC2	true	true	true	true	true	false	true	TSG	NONE	NONE	NONE	NONE		false
ERF	true	true	true	true	true	false	true	TSG	NONE	NONE	NONE	NONE		false
ERG	true	false	false	false	false	true	true	ONCO	NONE	NONE	NONE	NONE		false
ESR1	true	false	false	false	false	true	true	ONCO	NONE	NONE	NONE	NONE		false
ETNK1	true	true	true	true	true	false	true	TSG	NONE	NONE	NONE	NONE		false
ETS2	true	true	true	true	true	false	true	TSG	NONE	NONE	NONE	NONE		false
EYS	false	false	false	true	false	false	false	TSG	NONE	NONE	NONE	NONE		false
EZH2	true	false	false	false	false	true	true	ONCO	NONE	NONE	NONE	NONE		false
FANCA	true	true	true	true	true	false	true	TSG	NONE	NONE	NONE	NONE		false
FANCC	true	true	true	true	true	false	true	TSG	NONE	NONE	NONE	NONE		false
FANCD2	true	true	true	true	true	false	true	TSG	NONE	NONE	NONE	NONE		false
FANCF	true	true	true	true	true	false	true	TSG	NONE	NONE	NONE	NONE		false
FANCL	true	true	true	true	true	false	true	TSG	VARIANT_NOT_LOST	VARIANT_NOT_LOST	VARIANT_NOT_LOST	WILDTYPE_LOST		false
FANCM	true	true	true	true	true	false	true	TSG	NONE	NONE	NONE	NONE		false
FAT1	true	true	true	true	true	false	true	TSG	NONE	NONE	NONE	NONE		false
FAT4	true	true	true	true	true	false	true	TSG	NONE	NONE	NONE	NONE		false
FBXL17	false	false	false	true	false	false	false	TSG	NONE	NONE	NONE	NONE		false
FBXO11	true	true	true	true	true	false	true	TSG	NONE	NONE	NONE	NONE		false
FBXW7	true	true	true	true	true	false	true	TSG	NONE	NONE	NONE	NONE		false
FGF3	false	false	false	false	false	true	false	ONCO	NONE	NONE	NONE	NONE		false
FGFR1	true	false	false	false	true	true	true	ONCO	NONE	NONE	NONE	NONE		false
FGFR2	true	true	false	false	true	true	true	ONCO	NONE	NONE	NONE	NONE		false
FGFR3	true	false	false	false	true	true	true	ONCO	NONE	NONE	NONE	NONE		false
FGFR4	true	false	false	false	false	true	true	ONCO	NONE	NONE	NONE	NONE		false
FH	true	true	true	true	true	false	true	TSG	VARIANT_NOT_LOST	VARIANT_NOT_LOST	VARIANT_NOT_LOST	WILDTYPE_LOST		false
FHIT	false	false	false	true	false	false	false	TSG	NONE	NONE	NONE	NONE		false
FLCN	true	true	true	true	true	false	true	TSG	VARIANT_NOT_LOST	VARIANT_NOT_LOST	VARIANT_NOT_LOST	WILDTYPE_LOST		false
FLT1	true	true	true	true	true	false	true	TSG	NONE	NONE	NONE	NONE		false
FLT3	true	false	false	false	false	true	true	ONCO	NONE	NONE	NONE	NONE		false
FLT4	true	false	false	false	false	true	true	ONCO	NONE	NONE	NONE	NONE		false
FNTB	true	false	false	false	false	true	true	ONCO	NONE	NONE	NONE	NONE		false
FOSL2	true	true	true	true	true	false	true	TSG	NONE	NONE	NONE	NONE		false
FOXA1	true	false	false	false	false	true	true	ONCO	NONE	NONE	NONE	NONE		false
FOXA2	true	false	false	false	false	true	true	ONCO	NONE	NONE	NONE	NONE		false
FOXL2	true	false	false	false	false	true	true	ONCO	NONE	NONE	NONE	NONE		false
FOXO3	false	false	false	true	false	false	false	TSG	NONE	NONE	NONE	NONE		false
FOXP1	true	true	true	true	true	false	true	TSG	NONE	NONE	NONE	NONE		false
FOXQ1	true	true	true	true	true	false	true	TSG	NONE	NONE	NONE	NONE		false
FUBP1	true	false	false	false	false	true	true	ONCO	NONE	NONE	NONE	NONE		false
G6PD	true	true	true	true	true	false	true	TSG	NONE	NONE	NONE	NONE		false
GATA1	true	true	true	true	true	false	true	TSG	NONE	NONE	NONE	NONE		false
GATA2	true	false	false	false	false	true	true	ONCO	NONE	NONE	NONE	NONE		false
GATA3	true	true	true	true	true	false	true	TSG	NONE	NONE	NONE	NONE		false
GATA6	false	false	false	false	false	true	false	ONCO	NONE	NONE	NONE	NONE		false
GMDS	false	false	false	true	false	false	false	TSG	NONE	NONE	NONE	NONE		false
GNA11	true	false	false	false	false	true	true	ONCO	NONE	NONE	NONE	NONE		false
GNAQ	true	false	false	false	false	true	true	ONCO	NONE	NONE	NONE	NONE		false
GNAS	true	false	false	false	false	true	true	ONCO	NONE	NONE	NONE	NONE		false
GPHN	false	false	false	true	false	false	false	TSG	NONE	NONE	NONE	NONE		false
GPS2	true	true	true	true	true	false	true	TSG	NONE	NONE	NONE	NONE		false
GRIN2A	true	true	true	true	true	false	true	TSG	NONE	NONE	NONE	NONE		false
GSK3B	true	false	false	false	false	true	true	ONCO	NONE	NONE	NONE	NONE		false
GSTP1	true	true	true	true	true	false	true	TSG	NONE	NONE	NONE	NONE		false
GTF2I	true	false	false	false	false	true	true	ONCO	NONE	NONE	NONE	NONE		false
H1-2	true	false	false	false	false	true	true	ONCO	NONE	NONE	NONE	NONE		false
H3-3A	true	false	false	false	false	true	true	ONCO	NONE	NONE	NONE	NONE		false
H3-3B	true	false	false	false	false	true	true	ONCO	NONE	NONE	NONE	NONE		false
H3C13	true	false	false	false	false	true	true	ONCO	NONE	NONE	NONE	NONE		false
H3C2	true	false	false	false	false	true	true	ONCO	NONE	NONE	NONE	NONE		false
HIF1A	true	false	false	false	false	true	true	ONCO	NONE	NONE	NONE	NONE		false
HLA-A	true	true	true	true	true	false	true	TSG	NONE	NONE	NONE	NONE		false
HLA-B	true	true	true	true	true	false	true	TSG	NONE	NONE	NONE	NONE		false
HLA-C	true	true	true	true	true	false	true	TSG	NONE	NONE	NONE	NONE		false
HNF1A	true	true	true	true	true	false	true	TSG	NONE	NONE	NONE	NONE		false
HNRNPA2B1	true	true	true	true	true	false	true	TSG	NONE	NONE	NONE	NONE		false
HOXC13	true	true	true	true	true	false	true	TSG	NONE	NONE	NONE	NONE		false
HRAS	true	false	false	false	false	true	true	ONCO	NONE	NONE	NONE	NONE		false
IDH1	true	false	false	false	false	true	true	ONCO	NONE	NONE	NONE	NONE		false
IDH2	true	false	false	false	false	true	true	ONCO	NONE	NONE	NONE	NONE		false
IGF1R	false	false	false	false	false	true	false	ONCO	NONE	NONE	NONE	NONE		false
IGLL5	true	false	false	true	true	true	true	ONCO	NONE	NONE	NONE	NONE		false
IKBKB	true	false	false	false	false	true	true	ONCO	NONE	NONE	NONE	NONE		false
IKZF1	true	true	true	true	true	false	true	TSG	NONE	NONE	NONE	NONE		false
IL1RAPL1	false	false	false	true	false	false	false	TSG	NONE	NONE	NONE	NONE		false
IL6ST	true	false	false	true	true	true	true	ONCO	NONE	NONE	NONE	NONE		false
IL7R	true	false	false	false	false	true	true	ONCO	NONE	NONE	NONE	NONE		false
IMMP2L	false	false	false	true	false	false	false	TSG	NONE	NONE	NONE	NONE		false
IRF2	false	false	false	true	false	false	false	TSG	NONE	NONE	NONE	NONE		false
IRS2	false	false	false	false	false	true	false	ONCO	NONE	NONE	NONE	NONE		false
ITGA9	false	false	false	true	false	false	false	TSG	NONE	NONE	NONE	NONE		false
ITGAV	false	false	false	true	false	false	false	TSG	NONE	NONE	NONE	NONE		false
JAK1	true	true	true	true	true	false	true	TSG	NONE	NONE	NONE	NONE		false
JAK2	true	false	false	true	true	true	true	ONCO	NONE	NONE	NONE	NONE		false
JAK3	true	false	false	false	false	true	true	ONCO	NONE	NONE	NONE	NONE		false
JMJD4	true	true	true	true	true	false	true	TSG	NONE	NONE	NONE	NONE		false
KANSL1	true	true	true	true	true	false	true	TSG	NONE	NONE	NONE	NONE		false
KCNJ5	true	false	false	false	false	true	true	ONCO	NONE	NONE	NONE	NONE		false
KDM5C	true	true	true	true	true	false	true	TSG	NONE	NONE	NONE	NONE		false
KDM6A	true	true	true	true	true	false	true	TSG	NONE	NONE	NONE	NONE		false
KDR	true	false	false	false	false	true	true	ONCO	NONE	NONE	NONE	NONE		false
KEAP1	true	true	true	true	true	false	true	TSG	NONE	NONE	NONE	NONE		false
KIT	true	false	false	false	false	true	true	ONCO	NONE	VARIANT_NOT_LOST	NONE	NONE		false
KLF4	true	true	true	true	true	false	true	TSG	NONE	NONE	NONE	NONE		false
KLF5	true	false	false	false	false	true	true	ONCO	NONE	NONE	NONE	NONE		false
KMT2A	true	false	false	false	false	true	true	ONCO	NONE	NONE	NONE	NONE		false
KMT2B	true	true	true	true	true	false	true	TSG	NONE	NONE	NONE	NONE		false
KMT2C	true	true	true	true	true	false	true	TSG	NONE	NONE	NONE	NONE		false
KMT2D	true	true	true	true	true	false	true	TSG	NONE	NONE	NONE	NONE		false
KRAS	true	false	false	false	false	true	true	ONCO	NONE	NONE	NONE	NONE		false
KRT5	true	true	true	true	true	false	true	TSG	NONE	NONE	NONE	NONE		false
KRTAP5-5	true	true	true	true	true	false	true	TSG	NONE	NONE	NONE	NONE		false
LATS2	true	true	true	true	true	false	true	TSG	NONE	NONE	NONE	NONE		false
LINC00290	false	false	false	true	false	false	false	TSG	NONE	NONE	NONE	NONE		false
LINC01001	false	false	false	true	false	false	false	TSG	NONE	NONE	NONE	NONE		false
LMBRD2	false	false	false	false	false	true	false	ONCO	NONE	NONE	NONE	NONE		false
LRP1B	false	false	false	true	false	false	false	TSG	NONE	NONE	NONE	NONE		false
LRRN3	false	false	false	true	false	false	false	TSG	NONE	NONE	NONE	NONE		false
LSAMP	false	false	false	true	false	false	false	TSG	NONE	NONE	NONE	NONE		false
LZTR1	true	true	true	true	true	false	true	TSG	NONE	NONE	NONE	NONE		false
MACROD2	false	false	false	true	false	false	false	TSG	NONE	NONE	NONE	NONE		false
MAP2K1	true	false	false	false	false	true	true	ONCO	NONE	NONE	NONE	NONE		false
MAP2K2	true	false	false	false	false	true	true	ONCO	NONE	NONE	NONE	NONE		false
MAP2K4	true	true	true	true	true	false	true	TSG	NONE	NONE	NONE	NONE		false
MAP2K7	true	true	true	true	true	false	true	TSG	NONE	NONE	NONE	NONE		false
MAP3K1	true	true	true	true	true	false	true	TSG	NONE	NONE	NONE	NONE		false
MAP3K13	true	false	false	false	false	true	true	ONCO	NONE	NONE	NONE	NONE		false
MAP3K21	true	true	true	true	true	false	true	TSG	NONE	NONE	NONE	NONE		false
MAX	true	true	true	true	true	false	true	TSG	NONE	NONE	NONE	NONE		false
MCL1	false	false	false	false	false	true	false	ONCO	NONE	NONE	NONE	NONE		false
MDM2	false	false	false	false	false	true	false	ONCO	NONE	NONE	NONE	NONE		false
MDM4	false	false	false	false	false	true	false	ONCO	NONE	NONE	NONE	NONE		false
MECOM	false	false	false	false	false	true	false	ONCO	NONE	NONE	NONE	NONE		false
MED12	true	true	true	true	true	false	true	TSG	NONE	NONE	NONE	NONE		false
MEGF6	false	false	false	true	false	false	false	TSG	NONE	NONE	NONE	NONE		false
MEN1	true	true	true	true	true	false	true	TSG	VARIANT_NOT_LOST	VARIANT_NOT_LOST	VARIANT_NOT_LOST	WILDTYPE_LOST		false
MET	true	false	true	false	false	true	true	ONCO	NONE	VARIANT_NOT_LOST	NONE	NONE		false
MGA	true	true	true	true	true	false	true	TSG	NONE	NONE	NONE	NONE		false
MGMT	true	true	true	true	true	false	true	TSG	NONE	NONE	NONE	NONE		false
MIPOL1	false	false	false	true	false	false	false	TSG	NONE	NONE	NONE	NONE		false
MITF	true	false	false	false	false	true	true	ONCO	NONE	VARIANT_NOT_LOST	NONE	NONE		false
MLH1	true	true	true	true	true	false	true	TSG	VARIANT_NOT_LOST	VARIANT_NOT_LOST	VARIANT_NOT_LOST	WILDTYPE_LOST		false
MPL	true	false	false	false	false	true	true	ONCO	NONE	NONE	NONE	NONE		false
MRE11	true	true	true	true	true	false	true	TSG	NONE	NONE	NONE	NONE		false
MSH2	true	true	true	true	true	false	true	TSG	VARIANT_NOT_LOST	VARIANT_NOT_LOST	VARIANT_NOT_LOST	WILDTYPE_LOST		false
MSH6	true	true	true	true	true	false	true	TSG	VARIANT_NOT_LOST	VARIANT_NOT_LOST	VARIANT_NOT_LOST	WILDTYPE_LOST		false
MST1R	true	true	true	true	true	false	true	TSG	NONE	NONE	NONE	NONE		false
MTHFR	true	true	true	true	true	false	true	TSG	NONE	NONE	NONE	NONE		false
MTOR	true	false	false	false	false	true	true	ONCO	NONE	NONE	NONE	NONE		false
MUTYH	true	true	true	true	true	false	true	TSG	VARIANT_NOT_LOST	VARIANT_NOT_LOST	VARIANT_NOT_LOST	WILDTYPE_LOST		false
MYC	false	false	false	false	false	true	false	ONCO	NONE	NONE	NONE	NONE		false
MYCL	false	false	false	false	false	true	false	ONCO	NONE	NONE	NONE	NONE		false
MYCN	false	false	false	false	false	true	false	ONCO	NONE	NONE	NONE	NONE		false
MYD88	true	false	false	false	false	true	true	ONCO	NONE	NONE	NONE	NONE		false
MYOD1	true	false	false	false	false	true	true	ONCO	NONE	NONE	NONE	NONE		false
NAALADL2	false	false	false	true	false	false	false	TSG	NONE	NONE	NONE	NONE		false
NBN	true	true	true	true	true	false	true	TSG	NONE	NONE	NONE	NONE		false
NCOA2	true	false	false	false	false	true	true	ONCO	NONE	NONE	NONE	NONE		false
NCOR1	true	true	true	true	true	false	true	TSG	NONE	NONE	NONE	NONE		false
NEGR1	false	false	false	true	false	false	false	TSG	NONE	NONE	NONE	NONE		false
NF1	true	true	true	true	true	false	true	TSG	VARIANT_NOT_LOST	VARIANT_NOT_LOST	VARIANT_NOT_LOST	WILDTYPE_LOST		false
NF2	true	true	true	true	true	false	true	TSG	VARIANT_NOT_LOST	VARIANT_NOT_LOST	VARIANT_NOT_LOST	WILDTYPE_LOST		false
NFE2L2	true	false	false	false	false	true	true	ONCO	NONE	NONE	NONE	NONE		false
NFKBIE	true	true	true	true	true	false	true	TSG	NONE	NONE	NONE	NONE		false
NIPBL	true	true	true	true	true	false	true	TSG	NONE	NONE	NONE	NONE		false
NOTCH1	true	true	true	true	true	false	true	TSG	NONE	NONE	NONE	NONE		false
NOTCH2	true	true	true	true	true	false	true	TSG	NONE	NONE	NONE	NONE		false
NPM1	true	false	false	false	false	true	true	ONCO	NONE	NONE	NONE	NONE		false
NRAS	true	false	false	false	false	true	true	ONCO	NONE	NONE	NONE	NONE		false
NRG1	true	true	true	true	true	false	true	TSG	NONE	NONE	NONE	NONE		false
NSD1	true	true	true	true	true	false	true	TSG	NONE	NONE	NONE	NONE		false
NT5C2	true	false	false	false	false	true	true	ONCO	NONE	NONE	NONE	NONE		false
NTHL1	true	true	true	true	true	false	true	TSG	VARIANT_NOT_LOST	VARIANT_NOT_LOST	VARIANT_NOT_LOST	WILDTYPE_LOST		false
NTRK1	true	false	false	false	false	true	true	ONCO	NONE	NONE	NONE	NONE		false
NTRK2	true	false	false	false	false	true	true	ONCO	NONE	NONE	NONE	NONE		false
NTRK3	true	false	false	false	false	true	true	ONCO	NONE	NONE	NONE	NONE		false
OR11H1	true	false	false	false	false	true	true	ONCO	NONE	NONE	NONE	NONE		false
OR4F21	false	false	false	true	false	false	false	TSG	NONE	NONE	NONE	NONE		false
OR4N2	true	true	true	true	true	false	true	TSG	NONE	NONE	NONE	NONE		false
PABPC1	false	false	false	false	false	true	false	ONCO	NONE	NONE	NONE	NONE		false
PALB2	true	true	true	true	true	false	true	TSG	VARIANT_NOT_LOST	VARIANT_NOT_LOST	VARIANT_NOT_LOST	WILDTYPE_LOST		false
PARD3	false	false	false	true	false	false	false	TSG	NONE	NONE	NONE	NONE		false
PARD3B	false	false	false	true	false	false	false	TSG	NONE	NONE	NONE	NONE		false
PARD6G	false	false	false	true	false	false	false	TSG	NONE	NONE	NONE	NONE		false
PAX5	true	false	false	false	false	true	true	ONCO	NONE	NONE	NONE	NONE		false
PBRM1	true	true	true	true	true	false	true	TSG	NONE	NONE	NONE	NONE		false
PDE4D	false	false	false	true	false	false	false	TSG	NONE	NONE	NONE	NONE		false
PDGFRA	true	false	false	false	false	true	true	ONCO	NONE	NONE	NONE	NONE		false
PDGFRB	true	false	false	false	false	true	true	ONCO	NONE	NONE	NONE	NONE		false
PDYN	true	false	false	false	false	true	true	ONCO	NONE	NONE	NONE	NONE		false
PHF6	true	true	true	true	true	false	true	TSG	NONE	NONE	NONE	NONE		false
PHOX2B	true	true	true	true	true	false	true	TSG	NONE	NONE	NONE	NONE		false
PIK3CA	true	false	false	false	false	true	true	ONCO	NONE	NONE	NONE	NONE		false
PIK3R1	true	true	true	true	true	false	true	TSG	NONE	NONE	NONE	NONE		false
PIK3R4	true	true	true	true	true	false	true	TSG	NONE	NONE	NONE	NONE		false
PIM1	true	false	false	false	false	true	true	ONCO	NONE	NONE	NONE	NONE		false
PLCG1	true	false	false	false	false	true	true	ONCO	NONE	NONE	NONE	NONE		false
PLXNB2	false	false	false	true	false	false	false	TSG	NONE	NONE	NONE	NONE		false
PML	true	true	true	true	true	false	true	TSG	NONE	NONE	NONE	NONE		false
PMS2	true	true	true	true	true	false	true	TSG	VARIANT_NOT_LOST	VARIANT_NOT_LOST	VARIANT_NOT_LOST	WILDTYPE_LOST		false
POLD1	true	true	true	true	true	false	true	TSG	VARIANT_NOT_LOST	VARIANT_NOT_LOST	VARIANT_NOT_LOST	WILDTYPE_LOST		false
POLE	true	true	true	true	true	false	true	TSG	VARIANT_NOT_LOST	VARIANT_NOT_LOST	VARIANT_NOT_LOST	WILDTYPE_LOST		false
POT1	true	true	true	true	true	false	true	TSG	NONE	NONE	NONE	NONE		false
PPM1D	true	true	false	false	false	true	true	ONCO	NONE	NONE	NONE	NONE		false
PPP1R15A	true	false	false	false	false	true	true	ONCO	NONE	NONE	NONE	NONE		false
PPP2R1A	true	true	true	true	true	false	true	TSG	NONE	NONE	NONE	NONE		false
PPP2R2A	true	true	true	true	true	false	true	TSG	VARIANT_NOT_LOST	VARIANT_NOT_LOST	VARIANT_NOT_LOST	WILDTYPE_LOST		false
PPP2R3B	false	false	false	true	false	false	false	TSG	NONE	NONE	NONE	NONE		false
PPP6C	true	true	true	true	true	false	true	TSG	NONE	NONE	NONE	NONE		false
PRDM1	true	true	true	true	true	false	true	TSG	NONE	NONE	NONE	NONE		false
PREX2	true	false	false	false	false	true	true	ONCO	NONE	NONE	NONE	NONE		false
PRKACA	true	false	false	false	false	true	true	ONCO	NONE	NONE	NONE	NONE		false
PRKAR1A	true	true	true	true	true	false	true	TSG	NONE	NONE	NONE	NONE		false
PRKN	false	false	false	true	false	false	false	TSG	NONE	NONE	NONE	NONE		false
PSIP1	true	true	true	true	true	false	true	TSG	NONE	NONE	NONE	NONE		false
PTCH1	true	true	true	true	true	false	true	TSG	VARIANT_NOT_LOST	VARIANT_NOT_LOST	VARIANT_NOT_LOST	WILDTYPE_LOST		false
PTEN	true	true	true	true	true	false	true	TSG	VARIANT_NOT_LOST	VARIANT_NOT_LOST	VARIANT_NOT_LOST	WILDTYPE_LOST		false
PTK6	true	true	true	true	true	false	true	TSG	NONE	NONE	NONE	NONE		false
PTPN11	true	false	false	false	false	true	true	ONCO	NONE	NONE	NONE	NONE		false
PTPN13	true	true	true	true	true	false	true	TSG	NONE	NONE	NONE	NONE		false
PTPRB	true	true	true	true	true	false	true	TSG	NONE	NONE	NONE	NONE		false
PTPRD	false	false	false	true	false	false	false	TSG	NONE	NONE	NONE	NONE		false
PTPRN2	false	false	false	true	false	false	false	TSG	NONE	NONE	NONE	NONE		false
PUDP	false	false	false	true	false	false	false	TSG	NONE	NONE	NONE	NONE		false
RABAC1	true	true	true	true	true	false	true	TSG	NONE	NONE	NONE	NONE		false
RAC1	true	false	false	false	false	true	true	ONCO	NONE	NONE	NONE	NONE		false
RACGAP1	true	true	true	true	true	false	true	TSG	NONE	NONE	NONE	NONE		false
RAD21	true	false	false	false	false	true	true	ONCO	NONE	NONE	NONE	NONE		false
RAD50	true	true	true	true	true	false	true	TSG	VARIANT_NOT_LOST	VARIANT_NOT_LOST	VARIANT_NOT_LOST	WILDTYPE_LOST		false
RAD51	true	true	true	true	true	false	true	TSG	NONE	NONE	NONE	NONE		false
RAD51B	true	true	true	true	true	false	true	TSG	VARIANT_NOT_LOST	VARIANT_NOT_LOST	VARIANT_NOT_LOST	WILDTYPE_LOST		false
RAD51C	true	true	true	true	true	false	true	TSG	VARIANT_NOT_LOST	VARIANT_NOT_LOST	VARIANT_NOT_LOST	WILDTYPE_LOST		false
RAD51D	true	true	true	true	true	false	true	TSG	VARIANT_NOT_LOST	VARIANT_NOT_LOST	VARIANT_NOT_LOST	WILDTYPE_LOST		false
RAD54L	true	true	true	true	true	false	true	TSG	VARIANT_NOT_LOST	VARIANT_NOT_LOST	VARIANT_NOT_LOST	WILDTYPE_LOST		false
RAF1	true	false	false	false	false	true	true	ONCO	NONE	NONE	NONE	NONE		false
RARG	true	true	true	true	true	false	true	TSG	NONE	NONE	NONE	NONE		false
RASA1	true	true	true	true	true	false	true	TSG	NONE	NONE	NONE	NONE		false
RB1	true	true	true	true	true	false	true	TSG	VARIANT_NOT_LOST	VARIANT_NOT_LOST	VARIANT_NOT_LOST	WILDTYPE_LOST		false
RBM10	true	true	true	true	true	false	true	TSG	NONE	NONE	NONE	NONE		false
RET	true	false	false	false	false	true	true	ONCO	NONE	VARIANT_NOT_LOST	NONE	NONE		false
RHOA	true	false	false	false	false	true	true	ONCO	NONE	NONE	NONE	NONE		false
RHOB	true	true	true	true	true	false	true	TSG	NONE	NONE	NONE	NONE		false
RNF111	false	false	false	true	false	false	false	TSG	NONE	NONE	NONE	NONE		false
RNF43	true	true	true	true	true	false	true	TSG	NONE	NONE	NONE	NONE		false
ROS1	true	false	false	false	false	true	true	ONCO	NONE	NONE	NONE	NONE		false
RPL10	true	true	true	true	true	false	true	TSG	NONE	NONE	NONE	NONE		false
RPL22	true	true	true	true	true	false	true	TSG	NONE	NONE	NONE	NONE		false
RPL5	true	true	true	true	true	false	true	TSG	NONE	NONE	NONE	NONE		false
RPS6KA3	true	true	true	true	true	false	true	TSG	NONE	NONE	NONE	NONE		false
RSF1	false	false	false	false	false	true	false	ONCO	NONE	NONE	NONE	NONE		false
RUNX1	true	true	true	true	true	false	true	TSG	NONE	NONE	NONE	NONE		false
RXRA	true	true	true	true	true	false	true	TSG	NONE	NONE	NONE	NONE		false
RYR1	false	false	false	false	false	true	false	ONCO	NONE	NONE	NONE	NONE		false
SAV1	false	false	false	true	false	false	false	TSG	NONE	NONE	NONE	NONE		false
SDHA	true	true	true	true	true	false	true	TSG	VARIANT_NOT_LOST	VARIANT_NOT_LOST	VARIANT_NOT_LOST	WILDTYPE_LOST		false
SDHAF2	true	true	true	true	true	false	true	TSG	VARIANT_NOT_LOST	VARIANT_NOT_LOST	VARIANT_NOT_LOST	WILDTYPE_LOST		false
SDHB	true	true	true	true	true	false	true	TSG	VARIANT_NOT_LOST	VARIANT_NOT_LOST	VARIANT_NOT_LOST	WILDTYPE_LOST		false
SDHC	true	true	true	true	true	false	true	TSG	VARIANT_NOT_LOST	VARIANT_NOT_LOST	VARIANT_NOT_LOST	WILDTYPE_LOST		false
SDHD	true	true	true	true	true	false	true	TSG	VARIANT_NOT_LOST	VARIANT_NOT_LOST	VARIANT_NOT_LOST	WILDTYPE_LOST		false
SEMG2	false	false	false	false	false	true	false	ONCO	NONE	NONE	NONE	NONE		false
SETBP1	true	false	false	false	false	true	true	ONCO	NONE	NONE	NONE	NONE		false
SETD2	true	true	true	true	true	false	true	TSG	NONE	NONE	NONE	NONE		false
SF3B1	true	false	false	false	false	true	true	ONCO	NONE	NONE	NONE	NONE		false
SGCZ	false	false	false	true	false	false	false	TSG	NONE	NONE	NONE	NONE		false
SH2B3	true	true	true	true	true	false	true	TSG	NONE	NONE	NONE	NONE		false
SIX1	true	true	true	true	true	false	true	TSG	NONE	NONE	NONE	NONE		false
SIX2	true	true	true	true	true	false	true	TSG	NONE	NONE	NONE	NONE		false
SLCO1B1	true	false	false	false	false	true	true	ONCO	NONE	NONE	NONE	NONE		false
SMAD2	true	true	true	true	true	false	true	TSG	NONE	NONE	NONE	NONE		false
SMAD3	true	true	true	true	true	false	true	TSG	NONE	NONE	NONE	NONE		false
SMAD4	true	true	true	true	true	false	true	TSG	VARIANT_NOT_LOST	VARIANT_NOT_LOST	VARIANT_NOT_LOST	WILDTYPE_LOST		false
SMARCA1	false	false	false	true	false	false	false	TSG	NONE	NONE	NONE	NONE		false
SMARCA4	true	true	true	true	true	false	true	TSG	VARIANT_NOT_LOST	VARIANT_NOT_LOST	VARIANT_NOT_LOST	WILDTYPE_LOST		false
SMARCB1	true	true	true	true	true	false	true	TSG	VARIANT_NOT_LOST	VARIANT_NOT_LOST	VARIANT_NOT_LOST	WILDTYPE_LOST		false
SMARCD1	true	true	true	true	true	false	true	TSG	NONE	NONE	NONE	NONE		false
SMARCE1	true	true	true	true	true	false	true	TSG	VARIANT_NOT_LOST	VARIANT_NOT_LOST	VARIANT_NOT_LOST	WILDTYPE_LOST		false
SMC3	true	false	false	false	false	true	true	ONCO	NONE	NONE	NONE	NONE		false
SMO	true	false	false	false	false	true	true	ONCO	NONE	NONE	NONE	NONE		false
SMTNL2	true	false	false	false	false	true	true	ONCO	NONE	NONE	NONE	NONE		false
SOCS1	true	true	true	true	true	false	true	TSG	NONE	NONE	NONE	NONE		false
SOX4	false	false	false	false	false	true	false	ONCO	NONE	NONE	NONE	NONE		false
SOX9	true	true	true	true	true	false	true	TSG	NONE	NONE	NONE	NONE		false
SPATA31A7	false	false	false	true	false	false	false	TSG	NONE	NONE	NONE	NONE		false
SPEN	true	true	true	true	true	false	true	TSG	NONE	NONE	NONE	NONE		false
SPOP	true	true	true	true	true	true	true	ONCO	NONE	NONE	NONE	NONE		false
SPRED1	true	true	true	true	true	false	true	TSG	NONE	NONE	NONE	NONE		false
SPTAN1	true	true	true	true	true	false	true	TSG	NONE	NONE	NONE	NONE		false
SRC	true	false	false	false	false	true	true	ONCO	NONE	NONE	NONE	NONE		false
SRSF2	true	false	false	false	false	true	true	ONCO	NONE	NONE	NONE	NONE		false
STAG2	true	true	true	true	true	false	true	TSG	NONE	NONE	NONE	NONE		false
STAT3	true	false	false	false	false	true	true	ONCO	NONE	NONE	NONE	NONE		false
STAT5B	true	true	true	true	true	false	true	TSG	NONE	NONE	NONE	NONE		false
STK11	true	true	true	true	true	false	true	TSG	VARIANT_NOT_LOST	VARIANT_NOT_LOST	VARIANT_NOT_LOST	WILDTYPE_LOST		false
STS	false	false	false	true	false	false	false	TSG	NONE	NONE	NONE	NONE		false
SUFU	true	true	true	true	true	false	true	TSG	VARIANT_NOT_LOST	VARIANT_NOT_LOST	VARIANT_NOT_LOST	WILDTYPE_LOST		false
TBL1XR1	true	true	true	true	true	false	true	TSG	NONE	NONE	NONE	NONE		false
TBX3	true	true	true	true	true	false	true	TSG	NONE	NONE	NONE	NONE		false
TCF12	true	true	true	true	true	false	true	TSG	NONE	NONE	NONE	NONE		false
TCF7L2	true	true	true	true	true	false	true	TSG	NONE	NONE	NONE	NONE		false
TENM1	false	false	false	true	false	false	false	TSG	NONE	NONE	NONE	NONE		false
TERT	true	false	false	false	false	true	true	ONCO	NONE	NONE	NONE	NONE		false
TET2	true	true	true	true	true	false	true	TSG	NONE	NONE	NONE	NONE		false
TG	true	false	false	false	false	true	true	ONCO	NONE	NONE	NONE	NONE		false
TGFBR1	true	true	true	true	true	false	true	TSG	NONE	NONE	NONE	NONE		false
TGFBR2	true	true	true	true	true	false	true	TSG	NONE	NONE	NONE	NONE		false
TGIF1	true	true	true	true	true	false	true	TSG	NONE	NONE	NONE	NONE		false
TMEM30A	true	true	true	true	true	false	true	TSG	NONE	NONE	NONE	NONE		false
TMPRSS2	false	false	false	true	false	false	false	TSG	NONE	NONE	NONE	NONE		false
TNFAIP3	true	true	true	true	true	false	true	TSG	NONE	NONE	NONE	NONE		false
TNFRSF14	true	true	true	true	true	false	true	TSG	NONE	NONE	NONE	NONE		false
TOP1	false	false	false	false	false	true	false	ONCO	NONE	NONE	NONE	NONE		false
TOP2A	true	false	false	false	false	true	true	ONCO	NONE	NONE	NONE	NONE		false
TP53	true	true	true	true	true	false	true	TSG	VARIANT_NOT_LOST	VARIANT_NOT_LOST	VARIANT_NOT_LOST	WILDTYPE_LOST		false
TP63	true	true	true	true	true	false	true	TSG	NONE	NONE	NONE	NONE		false
TPMT	true	false	false	false	false	true	true	ONCO	NONE	NONE	NONE	NONE		false
TPTE	false	false	false	true	false	false	false	TSG	NONE	NONE	NONE	NONE		false
TRAF7	true	true	true	true	true	false	true	TSG	NONE	NONE	NONE	NONE		false
TRIM51	true	false	false	false	false	true	true	ONCO	NONE	NONE	NONE	NONE		false
TSC1	true	true	true	true	true	false	true	TSG	VARIANT_NOT_LOST	VARIANT_NOT_LOST	VARIANT_NOT_LOST	WILDTYPE_LOST		false
TSC2	true	true	true	true	true	false	true	TSG	VARIANT_NOT_LOST	VARIANT_NOT_LOST	VARIANT_NOT_LOST	WILDTYPE_LOST		false
TSHR	true	false	false	false	false	true	true	ONCO	NONE	NONE	NONE	NONE		false
TYMS	true	false	false	false	false	true	true	ONCO	NONE	NONE	NONE	NONE		false
U2AF1	true	false	false	false	false	true	true	ONCO	NONE	NONE	NONE	NONE		false
UBR5	true	true	true	true	true	false	true	TSG	NONE	NONE	NONE	NONE		false
UGT1A8	false	false	false	false	false	false	false	ONCO	NONE	NONE	NONE	NONE		true
USP22	false	false	false	true	false	false	false	TSG	NONE	NONE	NONE	NONE		false
USP28	true	true	true	true	true	false	true	TSG	NONE	NONE	NONE	NONE		false
USP32	false	false	false	false	false	true	false	ONCO	NONE	NONE	NONE	NONE		false
USP8	true	false	false	false	false	true	true	ONCO	NONE	NONE	NONE	NONE		false
VEGFA	false	false	false	false	false	true	false	ONCO	NONE	NONE	NONE	NONE		false
VHL	true	true	true	true	true	false	true	TSG	VARIANT_NOT_LOST	VARIANT_NOT_LOST	VARIANT_NOT_LOST	WILDTYPE_LOST		false
WEE1	true	false	false	false	false	true	true	ONCO	NONE	NONE	NONE	NONE		false
WT1	true	true	true	true	true	false	true	TSG	VARIANT_NOT_LOST	VARIANT_NOT_LOST	VARIANT_NOT_LOST	WILDTYPE_LOST		false
WWC3	false	false	false	true	false	false	false	TSG	NONE	NONE	NONE	NONE		false
WWOX	false	false	false	true	false	false	false	TSG	NONE	NONE	NONE	NONE		false
XPO1	true	false	false	false	false	true	true	ONCO	NONE	NONE	NONE	NONE		false
XRCC1	true	false	false	false	false	true	true	ONCO	NONE	NONE	NONE	NONE		false
ZBTB10	false	false	false	false	false	true	false	ONCO	NONE	NONE	NONE	NONE		false
ZBTB20	true	true	true	true	true	false	true	TSG	NONE	NONE	NONE	NONE		false
ZBTB7B	true	true	true	true	true	false	true	TSG	NONE	NONE	NONE	NONE		false
ZFHX3	true	true	true	true	true	false	true	TSG	NONE	NONE	NONE	NONE		false
ZFP36L1	true	true	true	true	true	false	true	TSG	NONE	NONE	NONE	NONE		false
ZFP36L2	true	true	true	true	true	false	true	TSG	NONE	NONE	NONE	NONE		false
ZFX	true	true	true	true	true	false	true	TSG	NONE	NONE	NONE	NONE		false
ZIM3	true	false	false	false	false	true	true	ONCO	NONE	NONE	NONE	NONE		false
ZMIZ1	false	false	false	false	false	true	false	ONCO	NONE	NONE	NONE	NONE		false
ZMYM3	true	true	true	true	true	false	true	TSG	NONE	NONE	NONE	NONE		false
ZNF217	false	false	false	false	false	true	false	ONCO	NONE	NONE	NONE	NONE		false
ZNF521	false	false	false	true	false	false	false	TSG	NONE	NONE	NONE	NONE		false
ZNF703	false	false	false	false	false	true	false	ONCO	NONE	NONE	NONE	NONE		false
ZNF750	true	true	true	true	true	false	true	TSG	NONE	NONE	NONE	NONE		false
ZNRF3	true	true	true	true	true	false	true	TSG	NONE	NONE	NONE	NONE		false
ZRSR2	true	true	true	true	true	false	true	TSG	NONE	NONE	NONE	NONE		false